flow_id,attack_cat
0,Fuzzers
1,Normal
2,Shellcode
3,Fuzzers
4,Normal
5,Analysis
6,Exploits
7,Worms
8,Normal
9,Reconnaissance
10,Normal
11,Shellcode
12,Generic
13,Fuzzers
14,Shellcode
15,Reconnaissance
16,Analysis
17,Normal
18,Normal
19,Backdoor
20,Shellcode
21,Exploits
22,Generic
23,Worms
24,DoS
25,Shellcode
26,Shellcode
27,Reconnaissance
28,Generic
29,Reconnaissance
30,Generic
31,Worms
32,DoS
33,Exploits
34,Generic
35,Generic
36,Reconnaissance
37,Exploits
38,Analysis
39,DoS
40,Fuzzers
41,Fuzzers
42,Normal
43,Worms
44,Reconnaissance
45,Exploits
46,Worms
47,Exploits
48,Fuzzers
49,Backdoor
50,Normal
51,Backdoor
52,Worms
53,Analysis
54,DoS
55,Analysis
56,DoS
57,Analysis
58,Backdoor
59,Backdoor
60,Backdoor
61,DoS
62,Normal
63,Normal
