feature,ks_or_tvd_train_vs_test_normal,shift_classifier_gain
ackdat,0.2526,0.0793
dload,0.2442,0.0143
dmean,0.2132,0.0367
tcprtt,0.2121,0.0111
synack,0.2113,0.0147
dbytes,0.1868,0.075
pkt_ratio,0.1712,0.0198
total_bytes,0.1677,0.0481
rate,0.1663,0.0096
sjit,0.1641,0.007
dloss,0.1638,0.0369
dpkts,0.1584,0.0374
sinpkt,0.1579,0.0524
total_pkts,0.1522,0.065
dinpkt,0.1463,0.0263
sload,0.1371,0.0343
dur,0.1368,0.0112
duration_log,0.1368,0.0107
spkts,0.1356,0.0148
sbytes,0.1293,0.026
sloss,0.1264,0.0167
byte_ratio,0.1261,0.0449
avg_pkt_size,0.111,0.0329
service,0.1053,0.0216
djit,0.096,0.0121
smean,0.0763,0.0258
state,0.0498,0.0404
proto,0.0483,0.035
swin,0.048,0.0413
ct_src_dport_ltm,0.0441,0.0184
dtcpb,0.0269,0.005
stcpb,0.0269,0.0039
dwin,0.0264,0.0004
response_body_len,0.0252,0.0243
ct_flw_http_mthd,0.0154,0.0044
trans_depth,0.0154,0.0115
ct_dst_sport_ltm,0.0085,0.0105
is_ftp_login,0.0075,0.0068
ct_ftp_cmd,0.0075,0.0
is_sm_ips_ports,0.0074,0.0135
