feature,unsw_median,unsw_iqr,cic_median,cic_iqr,ks_statistic
smean,73.0,43.0,34.0,44.2857,0.7058
sbytes,528.0,1278.0,62.0,184.0,0.6669
avg_pkt_size,90.0,80.2616,62.0,127.0,0.4
duration_log,0.0045,0.527,0.031,1.4385,0.3628
dur,0.0045,0.6938,0.0315,3.2148,0.3628
total_bytes,834.0,3070.0,212.0,1171.0,0.3506
pkt_ratio,0.6667,2.2,1.0,0.1429,0.3445
total_pkts,8.0,20.0,4.0,6.0,0.3372
spkts,4.0,10.0,2.0,3.0,0.3352
rate,2938.2959,124969.3067,105.8311,23252.4223,0.3319
dpkts,2.0,10.0,2.0,3.0,0.3053
dmean,44.0,89.0,73.0,179.0,0.2395
byte_ratio,0.0635,2.3721,0.2355,0.5,0.2321
dbytes,178.0,1078.0,124.0,475.0,0.2162
