comparison,config_a,config_b,n_common_features,rank_correlation,cosine_similarity,topk_overlap
nested_feature_sets,lightgbm_48,lightgbm_40,40,0.9846,0.9988,0.8182
nested_feature_sets,lightgbm_48,lightgbm_30,30,0.9595,0.9949,0.8182
nested_feature_sets,lightgbm_48,lightgbm_20,20,0.8662,0.9122,0.8182
nested_feature_sets,lightgbm_48,lightgbm_15,15,0.8929,0.9358,1.0
nested_feature_sets,lightgbm_40,lightgbm_30,30,0.984,0.9953,0.8182
nested_feature_sets,lightgbm_40,lightgbm_20,20,0.8511,0.9028,0.6667
nested_feature_sets,lightgbm_40,lightgbm_15,15,0.85,0.9239,1.0
nested_feature_sets,lightgbm_30,lightgbm_20,20,0.8286,0.9129,0.8182
nested_feature_sets,lightgbm_30,lightgbm_15,15,0.8393,0.9328,1.0
nested_feature_sets,lightgbm_20,lightgbm_15,15,0.9821,0.9856,1.0
same_set_different_seed,lightgbm_48,lightgbm_48_seed43,48,0.9883,0.9989,0.8182
same_set_different_seed,lightgbm_48,lightgbm_48_seed44,48,0.9869,0.9984,0.8182
same_set_different_seed,lightgbm_40,lightgbm_40_seed43,40,0.9899,0.9972,0.8182
same_set_different_seed,lightgbm_40,lightgbm_40_seed44,40,0.9871,0.9987,1.0
same_set_different_seed,lightgbm_30,lightgbm_30_seed43,30,0.9924,0.9994,1.0
same_set_different_seed,lightgbm_30,lightgbm_30_seed44,30,0.9867,0.9987,0.8182
same_set_different_seed,lightgbm_20,lightgbm_20_seed43,20,0.997,0.9986,1.0
same_set_different_seed,lightgbm_20,lightgbm_20_seed44,20,0.997,0.9996,1.0
same_set_different_seed,lightgbm_15,lightgbm_15_seed43,15,0.9964,0.9991,1.0
same_set_different_seed,lightgbm_15,lightgbm_15_seed44,15,1.0,0.9983,1.0
