attack_cat,raw_train_file,raw_test_file,dedup_train_file,dedup_test_file,n_train,n_val,n_test,n_unknown
Analysis,2000,677,2000,677,1725,275,677,0
Backdoor,1746,583,1746,583,1482,264,583,0
DoS,12264,4089,12264,4089,10402,1862,4089,0
Exploits,33393,11132,33393,11132,28384,5009,11132,0
Fuzzers,18184,6062,18184,6062,15456,2728,6062,0
Generic,40000,18871,40000,18871,34000,6000,18871,0
Normal,56000,37000,56000,37000,47600,8400,37000,0
Reconnaissance,10491,3496,10491,3496,8917,1574,3496,0
Shellcode,1133,378,1133,378,0,0,0,1511
Worms,130,44,130,44,0,0,0,174
