sheet_id,dur,proto,service,state,spkts,dpkts,sbytes,dbytes,rate,narrative_A,narrative_B,clearer_A_B_same,more_actionable_A_B_same,comments,rater
1,0.852152,tcp,-,FIN,10,6,976,268,17.602494,"This flow was flagged as an unrecognized (potential zero-day) pattern with 48.1% confidence. Calibrated estimate: about 44% (the model's raw probability tends to be too high on new traffic; treat both numbers as estimates, not guarantees). Main reasons: network service=- (seen in 60% of all flows), extremely high SYN-ACK handshake time (higher than 99% of all flows). Suggested action: Unrecognized pattern — escalate to a human analyst for manual review.","This flow was flagged as an unrecognized (potential zero-day) pattern with 48.1% confidence. Main reasons: network service=-, typical bytes sent by the source, extremely high SYN-ACK handshake time, typical mean packet size from source. Suggested action: Unrecognized pattern — escalate to a human analyst for manual review.",,,,
2,5e-06,udp,dns,INT,2,0,114,0,200000.0051,"This flow was flagged as Generic with 100.0% confidence. Calibrated estimate: about 100% (the model's raw probability tends to be too high on new traffic; treat both numbers as estimates, not guarantees). Main reasons: network service=dns (seen in 11% of all flows; seen in 80% of Generic flows), elevated recent connections to this destination from the same source port (higher than 96% of all flows; typical of Generic flows). Suggested action: Review firewall rules for this flow's protocol/service combination.","This flow was flagged as Generic with 100.0% confidence. Main reasons: typical total bytes transferred, typical bytes sent by the source, network service=dns, elevated recent connections to this destination from the same source port. Suggested action: Review firewall rules for this flow's protocol/service combination.",,,,
3,1.507516,tcp,http,FIN,10,10,808,1232,12.603514,"This flow was flagged as an unrecognized (potential zero-day) pattern with 35.6% confidence. Main reasons: network service=http, reduced average packet size, typical response body len, typical source-to-destination byte ratio. Suggested action: Unrecognized pattern — escalate to a human analyst for manual review.","This flow was flagged as an unrecognized (potential zero-day) pattern with 35.6% confidence. Calibrated estimate: about 34% (the model's raw probability tends to be too high on new traffic; treat both numbers as estimates, not guarantees). Main reasons: network service=http (seen in 16% of all flows), reduced average packet size (lower than 51% of all flows). Suggested action: Unrecognized pattern — escalate to a human analyst for manual review.",,,,
4,6e-06,unas,-,INT,2,0,200,0,166666.6608,"This flow was flagged as Overlap-Group-1 with 64.2% confidence. Calibrated estimate: about 55% (the model's raw probability tends to be too high on new traffic; treat both numbers as estimates, not guarantees). Main reasons: network protocol=unas (seen in 2% of all flows; seen in 19% of Overlap-Group-1 flows), unusually high recent connections to this destination from the same source port (higher than 97% of all flows; higher than 93% of Overlap-Group-1 flows), reduced average packet size (lower than 52% of all flows; typical of Overlap-Group-1 flows). Suggested action: Flagged as DoS, Backdoor, or Analysis-type behavior — this dataset's flow-level features can't reliably distinguish the three. Escalate for manual / packet-level inspection to determine the specific subtype.","This flow was flagged as Overlap-Group-1 with 64.2% confidence. Main reasons: network protocol=unas, unusually high recent connections to this destination from the same source port, typical mean packet size from source, reduced average packet size. Suggested action: Flagged as DoS, Backdoor, or Analysis-type behavior — this dataset's flow-level features can't reliably distinguish the three. Escalate for manual / packet-level inspection to determine the specific subtype.",,,,
5,0.060085,udp,-,CON,4,2,188,89,83.215447,"This flow was flagged as Overlap-Group-1 with 96.9% confidence. Main reasons: reduced mean packet size from source, unusually high source-to-destination packet ratio, typical recent connections from this source to the same destination port, reduced average packet size, typical source-to-destination byte ratio. Suggested action: Flagged as DoS, Backdoor, or Analysis-type behavior — this dataset's flow-level features can't reliably distinguish the three. Escalate for manual / packet-level inspection to determine the specific subtype.","This flow was flagged as Overlap-Group-1 with 96.9% confidence. Calibrated estimate: about 92% (the model's raw probability tends to be too high on new traffic; treat both numbers as estimates, not guarantees). Main reasons: reduced mean packet size from source (lower than 96% of all flows; lower than 94% of Overlap-Group-1 flows), unusually high source-to-destination packet ratio (higher than 94% of all flows; higher than 95% of Overlap-Group-1 flows), reduced average packet size (lower than 98% of all flows; lower than 98% of Overlap-Group-1 flows). Suggested action: Flagged as DoS, Backdoor, or Analysis-type behavior — this dataset's flow-level features can't reliably distinguish the three. Escalate for manual / packet-level inspection to determine the specific subtype.",,,,
6,3e-06,udp,-,INT,2,0,1154,0,333333.3215,"This flow was flagged as Fuzzers with 98.1% confidence. Main reasons: extremely high recent connections from this source to the same destination port, unusually high mean packet size from source, reduced destination data load, network service=-, typical bytes sent by the source. Suggested action: Inspect the application for crash logs; consider input validation hardening.","This flow was flagged as Fuzzers with 98.1% confidence. Calibrated estimate: about 95% (the model's raw probability tends to be too high on new traffic; treat both numbers as estimates, not guarantees). Main reasons: extremely high recent connections from this source to the same destination port (higher than 98% of all flows; higher than 100% of Fuzzers flows), unusually high mean packet size from source (higher than 92% of all flows; higher than 86% of Fuzzers flows), reduced destination data load (lower than 83% of all flows; typical of Fuzzers flows), network service=- (seen in 60% of all flows; seen in 91% of Fuzzers flows). Suggested action: Inspect the application for crash logs; consider input validation hardening.",,,,
7,3e-06,unas,-,INT,2,0,200,0,333333.3215,"This flow was flagged as Overlap-Group-1 with 68.5% confidence. Calibrated estimate: about 59% (the model's raw probability tends to be too high on new traffic; treat both numbers as estimates, not guarantees). Main reasons: network protocol=unas (seen in 2% of all flows; seen in 19% of Overlap-Group-1 flows), unusually high recent connections to this destination from the same source port (higher than 97% of all flows; higher than 93% of Overlap-Group-1 flows), reduced average packet size (lower than 52% of all flows; typical of Overlap-Group-1 flows). Suggested action: Flagged as DoS, Backdoor, or Analysis-type behavior — this dataset's flow-level features can't reliably distinguish the three. Escalate for manual / packet-level inspection to determine the specific subtype.","This flow was flagged as Overlap-Group-1 with 68.5% confidence. Main reasons: network protocol=unas, unusually high recent connections to this destination from the same source port, typical mean packet size from source, reduced average packet size. Suggested action: Flagged as DoS, Backdoor, or Analysis-type behavior — this dataset's flow-level features can't reliably distinguish the three. Escalate for manual / packet-level inspection to determine the specific subtype.",,,,
8,0.00462,udp,-,CON,4,4,568,312,1515.151584,"This flow was flagged as Normal with 100.0% confidence. Main reasons: typical destination data load, reduced ACK data time, connection state=CON, reduced mean packet size from destination, reduced average packet size. Suggested action: No action required.","This flow was flagged as Normal with 100.0% confidence. Calibrated estimate: about 100% (the model's raw probability tends to be too high on new traffic; treat both numbers as estimates, not guarantees). Main reasons: reduced ACK data time (lower than 71% of all flows; typical of Normal flows), connection state=CON (seen in 13% of all flows; seen in 24% of Normal flows), reduced mean packet size from destination (lower than 52% of all flows; typical of Normal flows), reduced average packet size (lower than 46% of all flows; typical of Normal flows). Suggested action: No action required.",,,,
9,1.232214,tcp,-,FIN,10,6,756,268,12.17321,"This flow was flagged as Fuzzers with 95.7% confidence. Calibrated estimate: about 91% (the model's raw probability tends to be too high on new traffic; treat both numbers as estimates, not guarantees). Main reasons: network service=- (seen in 60% of all flows; seen in 91% of Fuzzers flows), reduced destination data load (lower than 80% of all flows; typical of Fuzzers flows), reduced average packet size (lower than 81% of all flows; typical of Fuzzers flows). Suggested action: Inspect the application for crash logs; consider input validation hardening.","This flow was flagged as Fuzzers with 95.7% confidence. Main reasons: typical bytes sent by the source, typical source-to-destination byte ratio, network service=-, reduced destination data load, reduced average packet size. Suggested action: Inspect the application for crash logs; consider input validation hardening.",,,,
10,0.796693,tcp,http,FIN,60,14,68197,612,91.628767,"This flow was flagged as Fuzzers with 73.3% confidence. Main reasons: typical bytes sent by the destination, extremely high source-to-destination byte ratio, typical total bytes transferred, typical number of packets sent by the destination. Suggested action: Inspect the application for crash logs; consider input validation hardening.","This flow was flagged as Fuzzers with 73.3% confidence. Calibrated estimate: about 66% (the model's raw probability tends to be too high on new traffic; treat both numbers as estimates, not guarantees). Main reasons: extremely high source-to-destination byte ratio (higher than 99% of all flows; higher than 98% of Fuzzers flows). Suggested action: Inspect the application for crash logs; consider input validation hardening.",,,,
11,0.91054,tcp,-,FIN,10,8,534,354,18.67024,"This flow was flagged as Fuzzers with 79.8% confidence. Calibrated estimate: about 73% (the model's raw probability tends to be too high on new traffic; treat both numbers as estimates, not guarantees). Main reasons: reduced average packet size (lower than 96% of all flows; lower than 94% of Fuzzers flows), reduced mean packet size from source (lower than 88% of all flows; lower than 83% of Fuzzers flows), reduced destination data load (lower than 73% of all flows; typical of Fuzzers flows), network service=- (seen in 60% of all flows; seen in 91% of Fuzzers flows). Suggested action: Inspect the application for crash logs; consider input validation hardening.","This flow was flagged as Fuzzers with 79.8% confidence. Main reasons: reduced average packet size, reduced mean packet size from source, reduced destination data load, network service=-. Suggested action: Inspect the application for crash logs; consider input validation hardening.",,,,
12,0.008995,tcp,-,FIN,36,38,2334,16290,8115.619542,"This flow was flagged as Normal with 100.0% confidence. Calibrated estimate: about 100% (the model's raw probability tends to be too high on new traffic; treat both numbers as estimates, not guarantees). Main reasons: extremely high destination data load (higher than 98% of all flows; higher than 96% of Normal flows), reduced ACK data time (lower than 44% of all flows; higher than 79% of Normal flows), reduced TCP round-trip time (lower than 45% of all flows; higher than 76% of Normal flows), reduced SYN-ACK handshake time (lower than 46% of all flows; higher than 75% of Normal flows). Suggested action: No action required.","This flow was flagged as Normal with 100.0% confidence. Main reasons: extremely high destination data load, reduced ACK data time, typical bytes sent by the destination, reduced TCP round-trip time, reduced SYN-ACK handshake time. Suggested action: No action required.",,,,
13,8e-06,unas,-,INT,2,0,200,0,125000.0003,"This flow was flagged as Overlap-Group-1 with 73.8% confidence. Main reasons: network protocol=unas, unusually high recent connections to this destination from the same source port, typical mean packet size from source, reduced average packet size. Suggested action: Flagged as DoS, Backdoor, or Analysis-type behavior — this dataset's flow-level features can't reliably distinguish the three. Escalate for manual / packet-level inspection to determine the specific subtype.","This flow was flagged as Overlap-Group-1 with 73.8% confidence. Calibrated estimate: about 64% (the model's raw probability tends to be too high on new traffic; treat both numbers as estimates, not guarantees). Main reasons: network protocol=unas (seen in 2% of all flows; seen in 19% of Overlap-Group-1 flows), unusually high recent connections to this destination from the same source port (higher than 97% of all flows; higher than 93% of Overlap-Group-1 flows), reduced average packet size (lower than 52% of all flows; typical of Overlap-Group-1 flows). Suggested action: Flagged as DoS, Backdoor, or Analysis-type behavior — this dataset's flow-level features can't reliably distinguish the three. Escalate for manual / packet-level inspection to determine the specific subtype.",,,,
14,0.673565,tcp,-,FIN,10,8,564,354,25.238842,"This flow was flagged as Reconnaissance with 99.3% confidence. Calibrated estimate: about 98% (the model's raw probability tends to be too high on new traffic; treat both numbers as estimates, not guarantees). Main reasons: reduced average packet size (lower than 92% of all flows; typical of Reconnaissance flows), reduced mean packet size from destination (lower than 72% of all flows; typical of Reconnaissance flows), reduced mean packet size from source (lower than 82% of all flows; typical of Reconnaissance flows). Suggested action: Flag source IP for monitoring; likely pre-attack scanning.","This flow was flagged as Reconnaissance with 99.3% confidence. Main reasons: reduced average packet size, typical source jitter, reduced mean packet size from destination, reduced mean packet size from source, typical source-to-destination byte ratio. Suggested action: Flag source IP for monitoring; likely pre-attack scanning.",,,,
15,2.786107,tcp,pop3,FIN,80,418,3532,537618,178.385105,"This flow was flagged as Exploits with 98.5% confidence. Main reasons: elevated ACK data time, reduced mean packet size from source, network service=pop3, extremely high bytes sent by the destination. Suggested action: Isolate the target host and check for unpatched vulnerabilities.","This flow was flagged as Exploits with 98.5% confidence. Calibrated estimate: about 96% (the model's raw probability tends to be too high on new traffic; treat both numbers as estimates, not guarantees). Main reasons: elevated ACK data time (higher than 70% of all flows; typical of Exploits flows), reduced mean packet size from source (lower than 99% of all flows; lower than 99% of Exploits flows), network service=pop3 (seen in 1% of all flows; seen in 5% of Exploits flows), extremely high bytes sent by the destination (higher than 98% of all flows; higher than 99% of Exploits flows). Suggested action: Isolate the target host and check for unpatched vulnerabilities.",,,,
16,5.062739,tcp,ftp,FIN,24,22,1244,1636,8.888469,"This flow was flagged as Exploits with 99.6% confidence. Main reasons: unusually high ACK data time, network service=ftp, typical bytes sent by the destination, typical dloss, reduced mean packet size from source. Suggested action: Isolate the target host and check for unpatched vulnerabilities.","This flow was flagged as Exploits with 99.6% confidence. Calibrated estimate: about 98% (the model's raw probability tends to be too high on new traffic; treat both numbers as estimates, not guarantees). Main reasons: unusually high ACK data time (higher than 88% of all flows; higher than 78% of Exploits flows), network service=ftp (seen in 3% of all flows; seen in 5% of Exploits flows), reduced mean packet size from source (lower than 93% of all flows; lower than 86% of Exploits flows). Suggested action: Isolate the target host and check for unpatched vulnerabilities.",,,,
17,0.235629,tcp,-,FIN,12,8,994,726,80.635233,"This flow was flagged as Fuzzers with 98.5% confidence. Main reasons: elevated source-to-destination packet ratio, typical bytes sent by the destination, typical total bytes transferred, elevated recent connections from this source to the same destination port. Suggested action: Inspect the application for crash logs; consider input validation hardening.","This flow was flagged as Fuzzers with 98.5% confidence. Calibrated estimate: about 96% (the model's raw probability tends to be too high on new traffic; treat both numbers as estimates, not guarantees). Main reasons: elevated source-to-destination packet ratio (higher than 81% of all flows; typical of Fuzzers flows), elevated recent connections from this source to the same destination port (higher than 89% of all flows; higher than 86% of Fuzzers flows). Suggested action: Inspect the application for crash logs; consider input validation hardening.",,,,
18,1.023727,tcp,ftp,FIN,12,12,634,682,22.466926,"This flow was flagged as Fuzzers with 51.3% confidence. Main reasons: typical bytes sent by the destination, reduced mean packet size from destination, reduced average packet size. Suggested action: Inspect the application for crash logs; consider input validation hardening.","This flow was flagged as Fuzzers with 51.3% confidence. Calibrated estimate: about 50% (the model's raw probability tends to be too high on new traffic; treat both numbers as estimates, not guarantees). Main reasons: reduced mean packet size from destination (lower than 59% of all flows; typical of Fuzzers flows), reduced average packet size (lower than 88% of all flows; lower than 75% of Fuzzers flows). Suggested action: Inspect the application for crash logs; consider input validation hardening.",,,,
19,1.842606,tcp,-,FIN,10,8,564,354,9.226064,"This flow was flagged as Reconnaissance with 99.8% confidence. Main reasons: reduced average packet size, typical source jitter, reduced mean packet size from destination, reduced mean packet size from source, typical source-to-destination byte ratio. Suggested action: Flag source IP for monitoring; likely pre-attack scanning.","This flow was flagged as Reconnaissance with 99.8% confidence. Calibrated estimate: about 99% (the model's raw probability tends to be too high on new traffic; treat both numbers as estimates, not guarantees). Main reasons: reduced average packet size (lower than 92% of all flows; typical of Reconnaissance flows), reduced mean packet size from destination (lower than 72% of all flows; typical of Reconnaissance flows), reduced mean packet size from source (lower than 82% of all flows; typical of Reconnaissance flows). Suggested action: Flag source IP for monitoring; likely pre-attack scanning.",,,,
20,0.004922,udp,-,CON,4,4,568,304,1422.186038,"This flow was flagged as Normal with 100.0% confidence. Main reasons: typical destination data load, reduced ACK data time, connection state=CON, reduced mean packet size from destination, reduced average packet size. Suggested action: No action required.","This flow was flagged as Normal with 100.0% confidence. Calibrated estimate: about 100% (the model's raw probability tends to be too high on new traffic; treat both numbers as estimates, not guarantees). Main reasons: reduced ACK data time (lower than 71% of all flows; typical of Normal flows), connection state=CON (seen in 13% of all flows; seen in 24% of Normal flows), reduced mean packet size from destination (lower than 53% of all flows; typical of Normal flows), reduced average packet size (lower than 47% of all flows; typical of Normal flows). Suggested action: No action required.",,,,
21,8.612731,tcp,http,FIN,360,746,19202,1087890,128.298446,"This flow was flagged as Normal with 99.9% confidence. Calibrated estimate: about 99% (the model's raw probability tends to be too high on new traffic; treat both numbers as estimates, not guarantees). Main reasons: reduced ACK data time (lower than 54% of all flows; typical of Normal flows), reduced SYN-ACK handshake time (lower than 64% of all flows; typical of Normal flows), extremely high bytes sent by the destination (higher than 99% of all flows; higher than 98% of Normal flows). Suggested action: No action required.","This flow was flagged as Normal with 99.9% confidence. Main reasons: typical destination data load, reduced ACK data time, reduced SYN-ACK handshake time, extremely high bytes sent by the destination. Suggested action: No action required.",,,,
22,1.031887,tcp,-,FIN,10,6,534,268,14.536475,"This flow was flagged as Fuzzers with 72.7% confidence. Main reasons: reduced average packet size, reduced destination data load, reduced mean packet size from source, elevated source-to-destination packet ratio, network service=-. Suggested action: Inspect the application for crash logs; consider input validation hardening.","This flow was flagged as Fuzzers with 72.7% confidence. Calibrated estimate: about 67% (the model's raw probability tends to be too high on new traffic; treat both numbers as estimates, not guarantees). Main reasons: reduced average packet size (lower than 95% of all flows; lower than 90% of Fuzzers flows), reduced destination data load (lower than 79% of all flows; typical of Fuzzers flows), reduced mean packet size from source (lower than 88% of all flows; lower than 83% of Fuzzers flows), elevated source-to-destination packet ratio (higher than 84% of all flows; typical of Fuzzers flows), network service=- (seen in 60% of all flows; seen in 91% of Fuzzers flows). Suggested action: Inspect the application for crash logs; consider input validation hardening.",,,,
23,2e-06,udp,-,INT,2,0,324,0,500000.0013,"This flow was flagged as an unrecognized (potential zero-day) pattern with 47.2% confidence. Main reasons: reduced destination data load, network service=-, typical mean packet size from source. Suggested action: Unrecognized pattern — escalate to a human analyst for manual review.","This flow was flagged as an unrecognized (potential zero-day) pattern with 47.2% confidence. Calibrated estimate: about 42% (the model's raw probability tends to be too high on new traffic; treat both numbers as estimates, not guarantees). Main reasons: reduced destination data load (lower than 83% of all flows), network service=- (seen in 60% of all flows). Suggested action: Unrecognized pattern — escalate to a human analyst for manual review.",,,,
24,0.844005,tcp,-,FIN,14,10,774,556,27.251024,"This flow was flagged as Fuzzers with 57.4% confidence. Calibrated estimate: about 55% (the model's raw probability tends to be too high on new traffic; treat both numbers as estimates, not guarantees). Main reasons: reduced average packet size (lower than 88% of all flows; typical of Fuzzers flows), reduced destination data load (lower than 62% of all flows; higher than 76% of Fuzzers flows). Suggested action: Inspect the application for crash logs; consider input validation hardening.","This flow was flagged as Fuzzers with 57.4% confidence. Main reasons: typical bytes sent by the source, typical bytes sent by the destination, reduced average packet size, reduced destination data load. Suggested action: Inspect the application for crash logs; consider input validation hardening.",,,,
25,0.672804,tcp,-,FIN,10,6,2516,268,22.294755,"This flow was flagged as an unrecognized (potential zero-day) pattern with 48.9% confidence. Calibrated estimate: about 47% (the model's raw probability tends to be too high on new traffic; treat both numbers as estimates, not guarantees). Main reasons: network service=- (seen in 60% of all flows), network protocol=tcp (seen in 71% of all flows). Suggested action: Unrecognized pattern — escalate to a human analyst for manual review.","This flow was flagged as an unrecognized (potential zero-day) pattern with 48.9% confidence. Main reasons: network service=-, typical bytes sent by the source, network protocol=tcp. Suggested action: Unrecognized pattern — escalate to a human analyst for manual review.",,,,
26,0.001077,udp,dns,CON,2,2,146,178,2785.515187,"This flow was flagged as Normal with 100.0% confidence. Calibrated estimate: about 100% (the model's raw probability tends to be too high on new traffic; treat both numbers as estimates, not guarantees). Main reasons: reduced ACK data time (lower than 71% of all flows; typical of Normal flows), connection state=CON (seen in 13% of all flows; seen in 24% of Normal flows), reduced mean packet size from destination (lower than 38% of all flows; typical of Normal flows). Suggested action: No action required.","This flow was flagged as Normal with 100.0% confidence. Main reasons: typical destination data load, reduced ACK data time, connection state=CON, reduced mean packet size from destination, typical bytes sent by the destination. Suggested action: No action required.",,,,
27,3e-06,unas,-,INT,2,0,200,0,333333.3215,"This flow was flagged as Overlap-Group-1 with 54.9% confidence. Calibrated estimate: about 47% (the model's raw probability tends to be too high on new traffic; treat both numbers as estimates, not guarantees). Main reasons: network protocol=unas (seen in 2% of all flows; seen in 19% of Overlap-Group-1 flows), unusually high source data load (higher than 96% of all flows; higher than 89% of Overlap-Group-1 flows), reduced average packet size (lower than 52% of all flows; typical of Overlap-Group-1 flows). Suggested action: Flagged as DoS, Backdoor, or Analysis-type behavior — this dataset's flow-level features can't reliably distinguish the three. Escalate for manual / packet-level inspection to determine the specific subtype.","This flow was flagged as Overlap-Group-1 with 54.9% confidence. Main reasons: network protocol=unas, typical mean packet size from source, typical bytes sent by the source, unusually high source data load, reduced average packet size. Suggested action: Flagged as DoS, Backdoor, or Analysis-type behavior — this dataset's flow-level features can't reliably distinguish the three. Escalate for manual / packet-level inspection to determine the specific subtype.",,,,
28,1.750318,tcp,-,FIN,10,8,718,354,9.712521,"This flow was flagged as an unrecognized (potential zero-day) pattern with 43.8% confidence. Main reasons: reduced destination data load, network service=-, typical bytes sent by the source. Suggested action: Unrecognized pattern — escalate to a human analyst for manual review.","This flow was flagged as an unrecognized (potential zero-day) pattern with 43.8% confidence. Calibrated estimate: about 41% (the model's raw probability tends to be too high on new traffic; treat both numbers as estimates, not guarantees). Main reasons: reduced destination data load (lower than 80% of all flows), network service=- (seen in 60% of all flows). Suggested action: Unrecognized pattern — escalate to a human analyst for manual review.",,,,
29,0.79376,tcp,-,FIN,10,8,756,354,21.417053,"This flow was flagged as Fuzzers with 89.7% confidence. Main reasons: typical bytes sent by the source, reduced destination data load, network service=-, reduced average packet size, reduced mean packet size from source. Suggested action: Inspect the application for crash logs; consider input validation hardening.","This flow was flagged as Fuzzers with 89.7% confidence. Calibrated estimate: about 82% (the model's raw probability tends to be too high on new traffic; treat both numbers as estimates, not guarantees). Main reasons: reduced destination data load (lower than 70% of all flows; typical of Fuzzers flows), network service=- (seen in 60% of all flows; seen in 91% of Fuzzers flows), reduced average packet size (lower than 83% of all flows; typical of Fuzzers flows), reduced mean packet size from source (lower than 54% of all flows; typical of Fuzzers flows). Suggested action: Inspect the application for crash logs; consider input validation hardening.",,,,
30,0.697116,tcp,-,FIN,14,12,774,642,35.862036,"This flow was flagged as Fuzzers with 88.0% confidence. Calibrated estimate: about 82% (the model's raw probability tends to be too high on new traffic; treat both numbers as estimates, not guarantees). Main reasons: reduced average packet size (lower than 89% of all flows; lower than 75% of Fuzzers flows). Suggested action: Inspect the application for crash logs; consider input validation hardening.","This flow was flagged as Fuzzers with 88.0% confidence. Main reasons: typical bytes sent by the destination, typical bytes sent by the source, typical recent connections from this source to the same destination port, reduced average packet size. Suggested action: Inspect the application for crash logs; consider input validation hardening.",,,,
