pool,pool_label,model,tier,n_features,seed,split,accuracy,f1,detection_rate,false_positive_rate,recall_Normal,roc_auc_attack_vs_normal,roc_auc_macro,pr_auc_macro,ece,brier,fpr_at_90_detection,fpr_at_95_detection,unknown_detection_rate,false_unknown_alarm_rate,unknown_auroc,fine_recall_macro,n_ct_window,n_ct_other,n_ttl,ct_window_cols,ct_other_cols,ttl_cols
full,48f,random_forest,48,48,42,pooled_random,0.849,0.7875,0.909,0.0653,0.9347,0.9833,0.9747,0.8277,0.0236,0.211,0.0576,0.113,0.6066,0.0522,0.8999,0.7808,7,2,3,ct_srv_dst;ct_srv_src;ct_dst_src_ltm;ct_dst_ltm;ct_src_ltm;ct_dst_sport_ltm;ct_src_dport_ltm,ct_flw_http_mthd;ct_ftp_cmd,sttl;ct_state_ttl;dttl
full,48f,random_forest,40,40,42,pooled_random,0.8495,0.789,0.9094,0.0666,0.9334,0.9834,0.9749,0.8294,0.0229,0.2096,0.0565,0.1142,0.5833,0.0508,0.8994,0.7832,7,0,3,ct_srv_dst;ct_srv_src;ct_dst_src_ltm;ct_dst_ltm;ct_src_ltm;ct_dst_sport_ltm;ct_src_dport_ltm,,sttl;ct_state_ttl;dttl
full,48f,random_forest,30,30,42,pooled_random,0.8375,0.7784,0.9004,0.08,0.92,0.9796,0.9733,0.8248,0.0142,0.2196,0.0781,0.1333,0.5802,0.0522,0.8907,0.772,2,0,3,ct_srv_dst;ct_srv_src,,sttl;ct_state_ttl;dttl
full,48f,random_forest,20,20,42,pooled_random,0.8269,0.7669,0.8877,0.0839,0.9161,0.9758,0.9703,0.8203,0.0072,0.2308,0.089,0.1534,0.3018,0.0546,0.8258,0.7608,0,0,3,,,sttl;ct_state_ttl;dttl
full,48f,random_forest,15,15,42,pooled_random,0.8303,0.7721,0.8914,0.0835,0.9165,0.976,0.9716,0.8283,0.0106,0.2268,0.0888,0.1503,0.3147,0.0537,0.8316,0.7681,0,0,3,,,sttl;ct_state_ttl;dttl
full,48f,random_forest,48,48,43,pooled_random,0.8511,0.79,0.9106,0.0649,0.9351,0.9828,0.9754,0.8318,0.025,0.2099,0.0577,0.1151,0.6091,0.0493,0.9032,0.7817,7,2,3,ct_srv_dst;ct_srv_src;ct_dst_src_ltm;ct_dst_ltm;ct_src_ltm;ct_dst_sport_ltm;ct_src_dport_ltm,ct_flw_http_mthd;ct_ftp_cmd,sttl;ct_state_ttl;dttl
full,48f,random_forest,40,40,43,pooled_random,0.8505,0.7898,0.9088,0.0645,0.9355,0.9829,0.9754,0.8325,0.021,0.2092,0.0576,0.116,0.5882,0.0495,0.9011,0.7832,7,0,3,ct_srv_dst;ct_srv_src;ct_dst_src_ltm;ct_dst_ltm;ct_src_ltm;ct_dst_sport_ltm;ct_src_dport_ltm,,sttl;ct_state_ttl;dttl
full,48f,random_forest,30,30,43,pooled_random,0.8372,0.7787,0.8991,0.0804,0.9196,0.9793,0.974,0.8297,0.0134,0.218,0.0772,0.1314,0.5747,0.0497,0.891,0.7724,2,0,3,ct_srv_dst;ct_srv_src,,sttl;ct_state_ttl;dttl
full,48f,random_forest,20,20,43,pooled_random,0.8282,0.7691,0.8849,0.082,0.918,0.9756,0.9709,0.8244,0.0085,0.2292,0.0891,0.1507,0.2674,0.0494,0.825,0.7617,0,0,3,,,sttl;ct_state_ttl;dttl
full,48f,random_forest,15,15,43,pooled_random,0.8316,0.7736,0.8866,0.0803,0.9197,0.9758,0.9722,0.8307,0.0104,0.2252,0.0886,0.1502,0.3067,0.0498,0.8317,0.7686,0,0,3,,,sttl;ct_state_ttl;dttl
full,48f,random_forest,48,48,44,pooled_random,0.8521,0.793,0.9082,0.0633,0.9367,0.9834,0.9757,0.8312,0.025,0.2088,0.0563,0.1132,0.6036,0.0471,0.9,0.7913,7,2,3,ct_srv_dst;ct_srv_src;ct_dst_src_ltm;ct_dst_ltm;ct_src_ltm;ct_dst_sport_ltm;ct_src_dport_ltm,ct_flw_http_mthd;ct_ftp_cmd,sttl;ct_state_ttl;dttl
full,48f,random_forest,40,40,44,pooled_random,0.8525,0.7936,0.908,0.0628,0.9372,0.9836,0.9759,0.8328,0.0222,0.2076,0.0548,0.1141,0.5765,0.0465,0.8979,0.7941,7,0,3,ct_srv_dst;ct_srv_src;ct_dst_src_ltm;ct_dst_ltm;ct_src_ltm;ct_dst_sport_ltm;ct_src_dport_ltm,,sttl;ct_state_ttl;dttl
full,48f,random_forest,30,30,44,pooled_random,0.8406,0.7838,0.9011,0.0784,0.9216,0.98,0.9746,0.8306,0.016,0.2163,0.074,0.1335,0.5409,0.0486,0.8851,0.7838,2,0,3,ct_srv_dst;ct_srv_src,,sttl;ct_state_ttl;dttl
full,48f,random_forest,20,20,44,pooled_random,0.8296,0.7733,0.8918,0.0863,0.9137,0.9763,0.9717,0.8255,0.0082,0.2271,0.0902,0.1507,0.2606,0.0471,0.829,0.7727,0,0,3,,,sttl;ct_state_ttl;dttl
full,48f,random_forest,15,15,44,pooled_random,0.8318,0.7772,0.8924,0.087,0.913,0.9764,0.9726,0.8321,0.0121,0.224,0.0902,0.1499,0.3079,0.0503,0.8399,0.7785,0,0,3,,,sttl;ct_state_ttl;dttl
full,48f,random_forest,48,48,45,pooled_random,0.8491,0.7895,0.9062,0.0656,0.9344,0.9827,0.9752,0.8309,0.0231,0.2103,0.0586,0.1153,0.6134,0.0498,0.9014,0.7823,7,2,3,ct_srv_dst;ct_srv_src;ct_dst_src_ltm;ct_dst_ltm;ct_src_ltm;ct_dst_sport_ltm;ct_src_dport_ltm,ct_flw_http_mthd;ct_ftp_cmd,sttl;ct_state_ttl;dttl
full,48f,random_forest,40,40,45,pooled_random,0.8498,0.7908,0.9083,0.0672,0.9328,0.9829,0.9754,0.8328,0.0209,0.209,0.0587,0.1125,0.5685,0.0487,0.8986,0.7852,7,0,3,ct_srv_dst;ct_srv_src;ct_dst_src_ltm;ct_dst_ltm;ct_src_ltm;ct_dst_sport_ltm;ct_src_dport_ltm,,sttl;ct_state_ttl;dttl
full,48f,random_forest,30,30,45,pooled_random,0.8394,0.7821,0.9015,0.0804,0.9196,0.9793,0.9738,0.8294,0.0146,0.2179,0.0765,0.1378,0.5415,0.0511,0.8847,0.7753,2,0,3,ct_srv_dst;ct_srv_src,,sttl;ct_state_ttl;dttl
full,48f,random_forest,20,20,45,pooled_random,0.8277,0.7694,0.8881,0.0857,0.9143,0.9755,0.9706,0.824,0.0072,0.2292,0.0946,0.1546,0.2778,0.0483,0.8265,0.7638,0,0,3,,,sttl;ct_state_ttl;dttl
full,48f,random_forest,15,15,45,pooled_random,0.8303,0.774,0.8967,0.0899,0.9101,0.9759,0.9718,0.8301,0.01,0.2254,0.0905,0.1545,0.2932,0.0494,0.8318,0.7711,0,0,3,,,sttl;ct_state_ttl;dttl
full,48f,random_forest,48,48,46,pooled_random,0.8518,0.791,0.9099,0.0637,0.9363,0.9836,0.9756,0.8331,0.0279,0.208,0.0561,0.1123,0.6269,0.0522,0.9031,0.7871,7,2,3,ct_srv_dst;ct_srv_src;ct_dst_src_ltm;ct_dst_ltm;ct_src_ltm;ct_dst_sport_ltm;ct_src_dport_ltm,ct_flw_http_mthd;ct_ftp_cmd,sttl;ct_state_ttl;dttl
full,48f,random_forest,40,40,46,pooled_random,0.8533,0.7931,0.9119,0.0634,0.9366,0.9839,0.9759,0.8357,0.0254,0.2061,0.0541,0.1119,0.6202,0.0524,0.9032,0.7899,7,0,3,ct_srv_dst;ct_srv_src;ct_dst_src_ltm;ct_dst_ltm;ct_src_ltm;ct_dst_sport_ltm;ct_src_dport_ltm,,sttl;ct_state_ttl;dttl
full,48f,random_forest,30,30,46,pooled_random,0.84,0.7818,0.9011,0.0792,0.9208,0.9799,0.9742,0.8319,0.0169,0.2161,0.0759,0.1318,0.5784,0.0502,0.8892,0.7792,2,0,3,ct_srv_dst;ct_srv_src,,sttl;ct_state_ttl;dttl
full,48f,random_forest,20,20,46,pooled_random,0.8295,0.7706,0.8914,0.0843,0.9157,0.9766,0.9716,0.8278,0.011,0.2266,0.0877,0.149,0.3024,0.0515,0.8267,0.7686,0,0,3,,,sttl;ct_state_ttl;dttl
full,48f,random_forest,15,15,46,pooled_random,0.8321,0.7744,0.8938,0.0843,0.9157,0.977,0.9725,0.8342,0.0137,0.223,0.0857,0.1479,0.2889,0.0501,0.8283,0.774,0,0,3,,,sttl;ct_state_ttl;dttl
