feature,score
total_bytes,0.7311936825990182
sbytes,0.7083044344504761
avg_pkt_size,0.7005059527586093
byte_ratio,0.6858402203800336
dbytes,0.6287679838149416
dmean,0.5013990217224191
smean,0.4973912548581312
pkt_ratio,0.4755899618749644
dpkts,0.3870875209913216
dload,0.38508600881463373
total_pkts,0.38420945974394005
dinpkt,0.3832150968411192
rate,0.3826315974878447
synack,0.37674939648806083
tcprtt,0.37004773009386205
ackdat,0.360118617258133
sload,0.34723291338506446
duration_log,0.3384982974230848
dur,0.3374152511320887
dloss,0.29968181694380736
sinpkt,0.2977866452473632
sjit,0.2795971273828508
djit,0.2760583121451399
spkts,0.2724225013086099
sloss,0.23950723593573953
service,0.2016061464971081
state,0.1261003109591397
proto,0.12512345820246587
response_body_len,0.09998803080735863
ct_src_dport_ltm,0.06620956774413189
ct_dst_sport_ltm,0.061074198342838226
trans_depth,0.055955043690823825
ct_flw_http_mthd,0.048975492979843605
swin,0.047950637239706495
stcpb,0.04675936701905625
dtcpb,0.04102147231766784
dwin,0.04052518948312178
is_ftp_login,0.013739745513179802
ct_ftp_cmd,0.006858869913523691
is_sm_ips_ports,0.0008772270664985093
