model,pool,tier,split,protocol,role,n_seeds,accuracy_mean,accuracy_std,macro_f1_mean,macro_f1_std,detection_rate_mean,detection_rate_std,fpr_argmax_mean,fpr_argmax_std,fpr_at_95_detection_mean,fpr_at_95_detection_std,det95_fpr_mean,det95_fpr_std,roc_auc_attack_vs_normal_mean,roc_auc_attack_vs_normal_std,ece_mean,ece_std,shap_rank_corr_vs_full_tier_mean,shap_rank_corr_vs_full_tier_std,shap_cosine_vs_full_tier_mean,shap_cosine_vs_full_tier_std,shap_top10_jaccard_vs_full_tier_mean,shap_top10_jaccard_vs_full_tier_std,shap_noise_floor_rank_corr_mean,shap_noise_floor_rank_corr_std,shap_noise_floor_cosine_mean,shap_noise_floor_cosine_std,shap_noise_floor_top10_jaccard_mean,shap_noise_floor_top10_jaccard_std,notes
logistic_regression__LR,48f,48,official,headline_5_seeds,primary,5,0.6226,0.0014,0.5462,0.0023,0.9753,0.0013,0.4089,0.0008,0.3894,0.0018,not computed,not computed,0.9038,0.0004,0.1123,0.0020,not computed,not computed,not computed,not computed,not computed,not computed,not computed,not computed,not computed,not computed,not computed,not computed,"filled by scripts/fill_model_template.py from: headline summary, tier_summary, pooled tier runs, stability"
logistic_regression__LR,48f,48,pooled_random,headline_5_seeds,primary,5,0.7138,0.0029,0.6428,0.0043,0.9782,0.0016,0.2645,0.0032,0.2188,0.0020,not computed,not computed,0.9496,0.0008,0.0288,0.0018,not computed,not computed,not computed,not computed,not computed,not computed,not computed,not computed,not computed,not computed,not computed,not computed,"filled by scripts/fill_model_template.py from: headline summary, tier_summary, pooled tier runs, stability"
logistic_regression__LR,48f,48,official,tier_study_block_validation_5_seeds,primary,5,0.6225,0.0012,0.5459,0.0018,0.9724,0.0049,0.4072,0.0025,not computed,not computed,0.3476,0.0087,0.9036,0.0015,0.1145,0.0026,not applicable,not applicable,not applicable,not applicable,not applicable,not applicable,0.9440,0.0204,0.9907,0.0045,0.7758,0.1090,"filled by scripts/fill_model_template.py from: headline summary, tier_summary, pooled tier runs, stability"
logistic_regression__LR,48f,48,pooled_random,tier_study_block_validation_5_seeds,primary,5,not computed,not computed,0.6413,0.0046,not computed,not computed,not computed,not computed,not computed,not computed,not computed,not computed,not computed,not computed,not computed,not computed,not applicable,not applicable,not applicable,not applicable,not applicable,not applicable,not applicable,not applicable,not applicable,not applicable,not applicable,not applicable,"filled by scripts/fill_model_template.py from: headline summary, tier_summary, pooled tier runs, stability"
logistic_regression__LR,48f,40,official,tier_study_block_validation_5_seeds,primary,5,0.6249,0.0012,0.5481,0.0028,0.9770,0.0031,0.4067,0.0009,not computed,not computed,0.3452,0.0118,0.9049,0.0020,0.1085,0.0052,0.9839,0.0043,0.9942,0.0020,0.8909,0.0996,0.9267,0.0261,0.9901,0.0034,0.8576,0.1088,"filled by scripts/fill_model_template.py from: headline summary, tier_summary, pooled tier runs, stability"
logistic_regression__LR,48f,40,pooled_random,tier_study_block_validation_5_seeds,primary,5,not computed,not computed,0.6398,0.0052,not computed,not computed,not computed,not computed,not computed,not computed,not computed,not computed,not computed,not computed,not computed,not computed,not applicable,not applicable,not applicable,not applicable,not applicable,not applicable,not applicable,not applicable,not applicable,not applicable,not applicable,not applicable,"filled by scripts/fill_model_template.py from: headline summary, tier_summary, pooled tier runs, stability"
logistic_regression__LR,48f,30,official,tier_study_block_validation_5_seeds,primary,5,0.6111,0.0024,0.5139,0.0024,0.9827,0.0008,0.4171,0.0036,not computed,not computed,0.3581,0.0102,0.8688,0.0045,0.0981,0.0057,0.5902,0.0358,0.6953,0.0050,0.6411,0.0573,0.9587,0.0150,0.9860,0.0048,0.7879,0.0639,"filled by scripts/fill_model_template.py from: headline summary, tier_summary, pooled tier runs, stability"
logistic_regression__LR,48f,30,pooled_random,tier_study_block_validation_5_seeds,primary,5,not computed,not computed,0.6031,0.0034,not computed,not computed,not computed,not computed,not computed,not computed,not computed,not computed,not computed,not computed,not computed,not computed,not applicable,not applicable,not applicable,not applicable,not applicable,not applicable,not applicable,not applicable,not applicable,not applicable,not applicable,not applicable,"filled by scripts/fill_model_template.py from: headline summary, tier_summary, pooled tier runs, stability"
logistic_regression__LR,48f,20,official,tier_study_block_validation_5_seeds,primary,5,0.5855,0.0073,0.4571,0.0175,0.9870,0.0012,0.4219,0.0087,not computed,not computed,0.3793,0.0046,0.8610,0.0051,0.0912,0.0085,0.7423,0.0510,0.7284,0.0029,0.5385,0.0000,0.9756,0.0187,0.9877,0.0088,0.9273,0.0939,"filled by scripts/fill_model_template.py from: headline summary, tier_summary, pooled tier runs, stability"
logistic_regression__LR,48f,20,pooled_random,tier_study_block_validation_5_seeds,primary,5,not computed,not computed,0.4898,0.0072,not computed,not computed,not computed,not computed,not computed,not computed,not computed,not computed,not computed,not computed,not computed,not computed,not applicable,not applicable,not applicable,not applicable,not applicable,not applicable,not applicable,not applicable,not applicable,not applicable,not applicable,not applicable,"filled by scripts/fill_model_template.py from: headline summary, tier_summary, pooled tier runs, stability"
logistic_regression__LR,48f,15,official,tier_study_block_validation_5_seeds,primary,5,0.5715,0.0091,0.4271,0.0054,0.9863,0.0017,0.4252,0.0146,not computed,not computed,0.3906,0.0076,0.8221,0.0048,0.0911,0.0127,0.7143,0.0171,0.7093,0.0072,0.6667,0.0000,0.9707,0.0162,0.9879,0.0077,0.8364,0.0575,"filled by scripts/fill_model_template.py from: headline summary, tier_summary, pooled tier runs, stability"
logistic_regression__LR,48f,15,pooled_random,tier_study_block_validation_5_seeds,primary,5,not computed,not computed,0.4689,0.0032,not computed,not computed,not computed,not computed,not computed,not computed,not computed,not computed,not computed,not computed,not computed,not computed,not applicable,not applicable,not applicable,not applicable,not applicable,not applicable,not applicable,not applicable,not applicable,not applicable,not applicable,not applicable,"filled by scripts/fill_model_template.py from: headline summary, tier_summary, pooled tier runs, stability"
