pool,k,method,access,metric,mean,std,n_runs
full_no_ct_window,1000,retrain_split_f0.5,few-shot,accuracy,0.7535,0.0043,5
full_no_ct_window,5000,retrain_split_f0.5,few-shot,accuracy,0.7836,0.0014,5
full_no_ct_window,1000,retrain_split_f0.5,few-shot,f1,0.7154,0.0028,5
full_no_ct_window,5000,retrain_split_f0.5,few-shot,f1,0.7274,0.0017,5
full_no_ct_window,1000,retrain_split_f0.5,few-shot,detection_rate,0.953,0.0024,5
full_no_ct_window,5000,retrain_split_f0.5,few-shot,detection_rate,0.9417,0.0041,5
full_no_ct_window,1000,retrain_split_f0.5,few-shot,false_positive_rate,0.2614,0.007,5
full_no_ct_window,5000,retrain_split_f0.5,few-shot,false_positive_rate,0.2045,0.0038,5
full_no_ct_window,1000,retrain_split_f0.5,few-shot,recall_Normal,0.7386,0.007,5
full_no_ct_window,5000,retrain_split_f0.5,few-shot,recall_Normal,0.7955,0.0038,5
full_no_ct_window,1000,retrain_split_f0.5,few-shot,fpr_at_90_detection,0.1424,0.0021,5
full_no_ct_window,5000,retrain_split_f0.5,few-shot,fpr_at_90_detection,0.1183,0.0046,5
full_no_ct_window,1000,retrain_split_f0.5,few-shot,fpr_at_95_detection,0.2469,0.0056,5
full_no_ct_window,5000,retrain_split_f0.5,few-shot,fpr_at_95_detection,0.2198,0.0069,5
full_no_ct_window,1000,retrain_split_f0.5,few-shot,fpr_at_99_detection,0.3745,0.0024,5
full_no_ct_window,5000,retrain_split_f0.5,few-shot,fpr_at_99_detection,0.3599,0.0061,5
full_no_ct_window,1000,retrain_split_f0.5,few-shot,roc_auc_attack_vs_normal,0.9642,0.0006,5
full_no_ct_window,5000,retrain_split_f0.5,few-shot,roc_auc_attack_vs_normal,0.9689,0.0007,5
full_no_ct_window,1000,retrain_split_f0.5,few-shot,ece,0.0812,0.0044,5
full_no_ct_window,5000,retrain_split_f0.5,few-shot,ece,0.0533,0.0011,5
full_no_ct_window,1000,retrain_split_f0.5,few-shot,brier,0.3131,0.0041,5
full_no_ct_window,5000,retrain_split_f0.5,few-shot,brier,0.2852,0.0018,5
full_no_ct_window,1000,retrain_split_f0.5,few-shot,unknown_detection_rate,0.1759,0.0091,5
full_no_ct_window,5000,retrain_split_f0.5,few-shot,unknown_detection_rate,0.1797,0.0162,5
full_no_ct_window,1000,retrain_split_f0.5,few-shot,false_unknown_alarm_rate,0.0607,0.0034,5
full_no_ct_window,5000,retrain_split_f0.5,few-shot,false_unknown_alarm_rate,0.0508,0.0044,5
full_no_ct_window,1000,retrain_split_f0.5,few-shot,unknown_auroc,0.7658,0.0018,5
full_no_ct_window,5000,retrain_split_f0.5,few-shot,unknown_auroc,0.7809,0.0067,5
full_no_ct_window,1000,retrain_split_f0.5,few-shot,normal_to_Fuzzers,0.2174,0.0088,5
full_no_ct_window,5000,retrain_split_f0.5,few-shot,normal_to_Fuzzers,0.1743,0.0032,5
full_no_ct_window,1000,retrain_split_f0.5,few-shot,det95_test_fpr,0.2549,0.0452,5
full_no_ct_window,5000,retrain_split_f0.5,few-shot,det95_test_fpr,0.2308,0.0106,5
full_no_ct_window,1000,retrain_split_f0.5,few-shot,det95_test_detection,0.9516,0.0165,5
full_no_ct_window,5000,retrain_split_f0.5,few-shot,det95_test_detection,0.9542,0.0033,5
