model,metric,estimate,ci_low,ci_high
40f,accuracy,0.7413,0.7377,0.7448
40f,f1,0.7111,0.7069,0.7155
40f,detection_rate,0.9597,0.957,0.9622
40f,false_positive_rate,0.2871,0.2828,0.2916
40f,normal_to_Fuzzers,0.2367,0.2325,0.241
40f,unknown_detection_rate,0.2508,0.2299,0.2735
48f,accuracy,0.7397,0.7359,0.7431
48f,f1,0.7111,0.7069,0.7156
48f,detection_rate,0.9675,0.9648,0.9699
48f,false_positive_rate,0.2926,0.2878,0.2972
48f,normal_to_Fuzzers,0.2467,0.2423,0.2512
48f,unknown_detection_rate,0.3878,0.3657,0.4118
