pool_label,seed,method,access,source,round,n_unlabelled,accuracy,macro_f1,argmax_fpr,n_eval,pseudo_labelled,pseudo_wrong_share,true_normal_given_attack_pseudo_label,attack_pseudo_labels_that_are_normal,argmax_detection,det95_threshold,det95_val_fpr,det95_test_fpr,det95_test_detection,fpr_at_95_threshold_free,ece,open_set_detection,open_set_false_unknown_test
45f,42,self_round0,zero-shot,validation,0,3600,0.68875,0.6983914773812897,0.3789237668161435,3200,1849.0,0.024337479718766902,0.02135678391959799,0.013428120063191154,,,,,,,,,
45f,42,self_round1,transductive,validation,1,3600,0.68875,0.6976268946234371,0.3806053811659193,3200,1959.0,0.031138335885655948,0.031407035175879394,0.018168604651162792,,,,,,,,,
45f,42,self_round2,transductive,validation,2,3600,0.693125,0.6970289938716429,0.36827354260089684,3200,,,,,,,,,,,,,
45f,42,self_round0,zero-shot,test,0,22796,0.7402252252252253,0.7133400819918495,0.28890369876707767,22200,13025.0,0.06395393474088291,0.04618397776093,0.16944830783495596,0.9694978422910946,0.6646908521652222,0.20138312586445367,0.2149283572142619,0.9445861122008631,0.22600799733422192,0.1138862399770333,0.3466502765826675,0.038693693693693694
45f,42,self_round1,transductive,test,1,22796,0.7418468468468469,0.714115546622886,0.2936521159613462,22200,13758.0,0.08453263555749382,0.06330553449583018,0.199601593625498,0.980090231463319,0.6610062122344971,0.21134163208852005,0.22075974675108298,0.9627304825421734,0.19593468843718762,0.11950962161158654,0.36508912108174557,0.03725225225225225
45f,42,self_round2,transductive,test,2,22796,0.7463513513513513,0.7182462073550276,0.291569476841053,22200,,,,,0.9829344841114163,0.6713905334472656,0.208298755186722,0.21826057980673108,0.9676343664182032,0.1727757414195268,0.12067729263558044,0.35279655808236016,0.03536036036036036
45f,43,self_round0,zero-shot,validation,0,4600,0.8747058823529412,0.828509866155438,0.04588607594936709,3400,2489.0,0.06468461229409402,0.06316725978647687,0.13184772516248838,,,,,,,,,
45f,43,self_round1,transductive,validation,1,4600,0.875,0.8291592138560658,0.04430379746835443,3400,2634.0,0.09035687167805619,0.09341637010676157,0.1722723543888433,,,,,,,,,
45f,43,self_round2,transductive,validation,2,4600,0.8744117647058823,0.8275851833645383,0.04667721518987342,3400,,,,,,,,,,,,,
45f,43,self_round0,zero-shot,test,0,21400,0.7714042808561712,0.7371745177430499,0.23008620689655174,19996,11977.0,0.08424480253819822,0.06492411467116357,0.1958872164511342,0.9550976655550262,0.6364274621009827,0.1365320850399844,0.18758620689655173,0.9309194854692711,0.21370689655172415,0.0780899195754306,0.33804548248309774,0.0601620324064813
45f,43,self_round1,transductive,test,1,21400,0.7723044608921784,0.7382810210084395,0.235,19996,12645.0,0.11285092922103598,0.09204609331084879,0.24408421837152972,0.9635540733682706,0.6569356918334961,0.136337039204213,0.1814655172413793,0.9410433539780848,0.19870689655172413,0.08437633580578689,0.33620159803318994,0.0644128825765153
45f,43,self_round2,transductive,test,2,21400,0.7744048809761952,0.7404695234300146,0.23241379310344829,19996,,,,,0.9645069080514531,0.6503307819366455,0.1396528184123269,0.18517241379310345,0.9450929013816103,0.19284482758620689,0.085570040356221,0.3503380454824831,0.0647629525905181
45f,44,self_round0,zero-shot,validation,0,4400,0.94675,0.7664737188862062,0.026239907727797,4000,2768.0,0.01300578034682081,0.0018438844499078057,0.002527379949452401,,,,,,,,,
45f,44,self_round1,transductive,validation,1,4400,0.948,0.6401352319134546,0.025086505190311418,4000,2848.0,0.014044943820224719,0.0018438844499078057,0.002369668246445498,,,,,,,,,
45f,44,self_round2,transductive,validation,2,4400,0.948,0.768523081605785,0.025086505190311418,4000,,,,,,,,,,,,,
45f,44,self_round0,zero-shot,test,0,22596,0.6563181818181818,0.6709492791563202,0.43263410994113255,22000,16674.0,0.02243013074247331,0.01744010620964335,0.08321336020731356,0.9485863768990844,0.5884844064712524,0.02228455664640798,0.38620346571594394,0.9358084314317335,0.43686261504021223,0.1375825300968506,0.42593730792870316,0.11163636363636363
45f,44,self_round1,transductive,test,1,22596,0.6489090909090909,0.6671980231613586,0.4531133405190283,22000,17044.0,0.031037315184229055,0.024259248084002174,0.10523560209424083,0.958345910051313,0.6013500690460205,0.024154589371980676,0.3968161843959871,0.9446624408894255,0.4099991708813531,0.15117776951329276,0.4597418561770129,0.11204545454545455
45f,44,self_round2,transductive,test,2,22596,0.6489090909090909,0.6675269148945189,0.45535196086559987,22000,,,,,0.959352047489687,0.6072707176208496,0.023219573009194326,0.391261089461902,0.9465741020223363,0.40444407594726806,0.15449452444098213,0.44437615242778117,0.11363636363636363
45f,45,self_round0,zero-shot,validation,0,4800,0.7155555555555555,0.7278523815852296,0.5107981220657277,3600,1748.0,0.09038901601830664,0.1906906906906907,0.07550535077288942,,,,,,,,,
45f,45,self_round1,transductive,validation,1,4800,0.7208333333333333,0.7325653326466806,0.5070422535211268,3600,1948.0,0.09958932238193019,0.2222222222222222,0.07880724174653887,,,,,,,,,
45f,45,self_round2,transductive,validation,2,4800,0.7216666666666667,0.7326225682732082,0.5014084507042254,3600,,,,,,,,,,,,,
45f,45,self_round0,zero-shot,test,0,22800,0.7004112918302486,0.7013224149708089,0.34521910481373747,21396,13080.0,0.06796636085626911,0.050579029733959315,0.18477018065401327,0.9503678182326101,0.6060136556625366,0.49697303247110625,0.3049638735103688,0.9339789552099823,0.3438115792436896,0.13106502903875045,0.3011677934849416,0.038932510749672834
45f,45,self_round1,transductive,test,1,22800,0.702187324733595,0.7027570846413881,0.3506615370179225,21396,13925.0,0.0904129263913824,0.07129890453834116,0.22073643410852714,0.9619145171803706,0.6054721474647522,0.49752339020363234,0.3127521816646336,0.9480398547350778,0.316411748146758,0.1356044338602043,0.31161647203441917,0.03724995326229202
45f,45,self_round2,transductive,test,2,22800,0.7062067676201159,0.7047926303039919,0.34709580557380126,21396,,,,,0.9668497997951392,0.5935556888580322,0.5101816180517337,0.3145350473866942,0.9553031008473787,0.2989584310781646,0.13566459282316165,0.33128457283343576,0.03640867451860161
45f,46,self_round0,zero-shot,validation,0,4600,0.8644736842105263,0.6608381139680715,0.07938144329896907,3800,2705.0,0.026987060998151572,0.022514868309260833,0.06527093596059114,,,,,,,,,
45f,46,self_round1,transductive,validation,1,4600,0.8644736842105263,0.6608164708523397,0.07989690721649484,3800,2812.0,0.04018492176386913,0.038232795242141036,0.09793253536452666,,,,,,,,,
45f,46,self_round2,transductive,validation,2,4600,0.8626315789473684,0.6609233908445411,0.08453608247422681,3800,,,,,,,,,,,,,
45f,46,self_round0,zero-shot,test,0,22600,0.7249481034157388,0.6948024688119953,0.32232312875347885,21196,13240.0,0.03293051359516616,0.0236152855302705,0.08562532433834977,0.9559798461946434,0.6361489295959473,0.13841022790439134,0.262194228797422,0.9351630867143994,0.29874029588399004,0.11721281740820771,0.3521819299323909,0.053500660501981503
45f,46,self_round1,transductive,test,1,22600,0.7227778826193622,0.6933688627247298,0.3286948879449246,21196,13799.0,0.04645264149576056,0.035136682410190356,0.11202372804015515,0.9614160700079555,0.6483414173126221,0.14174541411895497,0.2616815585176505,0.9366215857862636,0.2902446169620624,0.12494555880582925,0.38045482483097726,0.06387997735421777
45f,46,self_round2,transductive,test,2,22600,0.7268352519343272,0.6973541244030921,0.3275230701625897,21196,,,,,0.9681782020684169,0.649941086769104,0.13896609227348528,0.25977735462135637,0.9488199416600371,0.2633660465797569,0.12295468019120852,0.3779963122311002,0.062040007548594074
