pool_label,seed,method,access,accuracy,macro_f1,argmax_fpr,argmax_detection,det95_threshold,det95_val_fpr,det95_test_fpr,det95_test_detection,fpr_at_95_threshold_free,ece,n_eval,open_set_detection,open_set_false_unknown_test,temperature,em_l1_to_true_shares,model_prior_l1_to_true_shares,val_prior_l1_to_true_shares,em_gate_passes,em_gate_l1_error,em_gate_model_prior_distance,est_share_Exploits,est_share_Fuzzers,est_share_Generic,est_share_Normal,est_share_Overlap-Group-1,est_share_Reconnaissance,true_share_Exploits,true_share_Fuzzers,true_share_Generic,true_share_Normal,true_share_Overlap-Group-1,true_share_Reconnaissance
48f,42,default,zero-shot,0.7354751263828851,0.716138856485304,0.3076377394183022,0.9787131573877865,0.6600818634033203,0.20608575380359612,0.23669898321116103,0.9591119244846851,0.21263892173090565,0.12082078622451975,54596,0.32022126613398894,0.04566268591105575,,,,,,,,,,,,,,,,,,,
48f,42,calibrated,zero-shot,0.7354751263828851,0.716138856485304,0.3076377394183022,0.9787131573877865,0.6387768983840942,0.204149377593361,0.23652163632064319,0.9619533808514737,0.20516079451406952,0.083430990018319,54596,0.34787953288260604,0.036907465748406476,,,,,,,,,,,,,,,,,,,
48f,42,calibrated_valprior,zero-shot,0.7369587515568906,0.7132400282951042,0.3025833530385434,0.9798208437680601,0.6345695917115348,0.20442600276625172,0.2359009222038307,0.9623386630706993,0.2036829037597541,0.08890932091966487,54596,0.20897357098955133,0.023005348377170488,,,,,,,,,,,,,,,,,,,
48f,42,calibrated_em,transductive,0.7569602168657045,0.7055998850252313,0.25209860487112795,0.9589674436524754,0.5470621275391219,0.21466113416320884,0.23649207850555687,0.960315931419765,0.2111314731615039,0.0638537847556765,54596,0.08236017209588199,0.011667521430141402,1.3270819508699843,0.265472687711604,0.5756006860324572,0.5539919098046067,True,0.2252332110431484,0.6213445974712182,0.16401150942915005,0.19584770057069464,0.05857559140366415,0.5032061519553184,0.04009279756050398,0.038266249080674504,0.1390211737123599,0.08810169243167998,0.06260531907099422,0.6196790973697707,0.04536962414828925,0.045223093266906
48f,43,default,zero-shot,0.7302549637336069,0.7080878508164568,0.3082288957200284,0.9683586977460991,0.6461614370346069,0.1338014433391847,0.24982265310948215,0.9474089770757079,0.2548179238590683,0.11975891570172316,54596,0.33005531653349723,0.057971279947248884,,,,,,,,,,,,,,,,,,,
48f,43,calibrated,zero-shot,0.7302549637336069,0.7080878508164568,0.3082288957200284,0.9683586977460991,0.6252896785736084,0.1330212599960991,0.2523646252069047,0.9506357156617222,0.25062071411681247,0.08620812567367822,54596,0.3368162261831592,0.04621217671624295,,,,,,,,,,,,,,,,,,,
48f,43,calibrated_valprior,zero-shot,0.7704960070334823,0.7179928004989812,0.22094466777015842,0.9306010402619919,0.48016678525259515,0.1332163058318705,0.25073894537715774,0.9502022731650934,0.2500295578150863,0.042957494393181354,54596,0.30178242163491087,0.03729210931203751,,,,,,,,,,,,,,,,,,,
48f,43,calibrated_em,transductive,0.7481683639827094,0.6501006254307269,0.2416351383305746,0.9381622038142939,0.514528238152187,0.13555685586112737,0.2436746275715299,0.9467828934694664,0.250384251596122,0.07719719771891694,54596,0.08174554394591273,0.02329841013993699,1.2903065971088137,0.2738119014051263,0.6204149930221837,0.34530957362227055,True,0.07651167714598096,0.7414116058642763,0.169606657831073,0.19442215901552903,0.0595322197088214,0.5124642076802621,0.02286714527723569,0.041107610487076784,0.1390211737123599,0.08810169243167998,0.06260531907099422,0.6196790973697707,0.04536962414828925,0.045223093266906
48f,44,default,zero-shot,0.7473258114147556,0.715900832696199,0.2778139039962166,0.9597380080909266,0.5845422744750977,0.021972884525479196,0.2459210215180894,0.9490464265074167,0.24801962638921732,0.10076024860233185,54596,0.40626920712968656,0.0805004029599238,,,,,,,,,,,,,,,,,,,
48f,44,calibrated,zero-shot,0.7473258114147556,0.715900832696199,0.2778139039962166,0.9597380080909266,0.5821591019630432,0.021817048465014803,0.24651217781981555,0.9498169909458678,0.24668952471033342,0.08959525214838837,54596,0.4228641671788568,0.07341197157300901,,,,,,,,,,,,,,,,,,,
48f,44,calibrated_valprior,zero-shot,0.8198585976994651,0.7282970656752529,0.11211279262236935,0.8705451743402042,0.28673120698157517,0.021505376344086023,0.24373374320170252,0.9497688306684646,0.243970205722393,0.023675288451673902,54596,0.3816840811309158,0.035002564290424205,,,,,,,,,,,,,,,,,,,
48f,44,calibrated_em,transductive,0.7922558429188952,0.7240844894266916,0.17690352329155828,0.910662685417068,0.4021552083128326,0.022596228767336763,0.24219673681721446,0.9494798690040455,0.24337904942066682,0.045290799311642156,54596,0.256299938537185,0.028042347424719758,1.094168217756954,0.1913913892887637,0.635201865125362,0.06222656492163411,True,0.12464272871508875,0.8168854457585184,0.1620847398995005,0.16073382088892127,0.057406049129420156,0.5356427276282778,0.045363134940333165,0.03876952751354723,0.1390211737123599,0.08810169243167998,0.06260531907099422,0.6196790973697707,0.04536962414828925,0.045223093266906
48f,45,default,zero-shot,0.730602974576892,0.7039961539293126,0.30116457791440054,0.9594008861491042,0.6041318774223328,0.4991744634012108,0.2660498935918657,0.9469755345790791,0.2725230550957673,0.12471395225278252,54596,0.29194837123540257,0.033409040955381344,,,,,,,,,,,,,,,,,,,
48f,45,calibrated,zero-shot,0.730602974576892,0.7039961539293126,0.30116457791440054,0.9594008861491042,0.594996988773346,0.49862410566868465,0.2683849609836841,0.9497206703910615,0.2691534641759281,0.08591846936665593,54596,0.297480024585126,0.02963587075976262,,,,,,,,,,,,,,,,,,,
48f,45,calibrated_valprior,zero-shot,0.6786944098468752,0.6783749194732854,0.39903050366516907,0.9932094008861491,0.8096905899529767,0.5024766097963677,0.26749822653109484,0.9498169909458678,0.26797115157247575,0.17230906351437705,54596,0.11677934849416104,0.016503040515788703,,,,,,,,,,,,,,,,,,,
48f,45,calibrated_em,transductive,0.7507326544069163,0.7056076296198777,0.2549361551194136,0.9417742246195339,0.520377597882209,0.49697303247110625,0.2603156774651218,0.9483240223463687,0.2639808465358241,0.07135017962958583,54596,0.0977258758451137,0.008663638361784746,1.3343232875730653,0.259243992556644,0.5500556751405116,0.9658651291778261,False,0.4209151794321353,0.6362372965021214,0.16062811481677555,0.19353641653530945,0.05928887130866526,0.4998618357546237,0.0479499552185679,0.03873480636606177,0.1390211737123599,0.08810169243167998,0.06260531907099422,0.6196790973697707,0.04536962414828925,0.045223093266906
48f,46,default,zero-shot,0.7398344201040369,0.7155495975892666,0.2946323007803263,0.9674918127528415,0.6350834369659424,0.14026310913470447,0.24083707732324428,0.9487574648429975,0.243970205722393,0.10988087066244456,54596,0.37062077443146896,0.04908784526338926,,,,,,,,,,,,,,,,,,,
48f,46,calibrated,zero-shot,0.7398344201040369,0.7155495975892666,0.2946323007803263,0.9674918127528415,0.6240565180778503,0.13989253288864184,0.24083707732324428,0.9502504334424966,0.24051194135729487,0.0838703081231212,54596,0.37861094038106946,0.04002124697780057,,,,,,,,,,,,,,,,,,,
48f,46,calibrated_valprior,zero-shot,0.7784086746281779,0.7241196350620672,0.20829392291321824,0.9276151030629937,0.4721004690178695,0.14026310913470447,0.24048238354220855,0.9499614717780774,0.24057105698746747,0.041753820055940985,54596,0.44314689612784264,0.04471023518206462,,,,,,,,,,,,,,,,,,,
48f,46,calibrated_em,transductive,0.7611912960656458,0.6693847026751755,0.2228363679356822,0.9375361202080524,0.49787991623062755,0.13989253288864184,0.2369058879167652,0.9494798690040455,0.237940411444786,0.06579440224402154,54596,0.04671173939766441,0.01950692358414536,1.2312419318782217,0.2602883331519508,0.6170995881215249,0.330865129177826,True,0.06194403881596424,0.7653028462972099,0.17219347055483128,0.18507356216518178,0.059112482066179105,0.5152579243642066,0.027992477478900563,0.04037008337069625,0.1390211737123599,0.08810169243167998,0.06260531907099422,0.6196790973697707,0.04536962414828925,0.045223093266906
