pool_label,seed,method,access,accuracy,macro_f1,argmax_fpr,argmax_detection,det95_threshold,det95_val_fpr,det95_test_fpr,det95_test_detection,fpr_at_95_threshold_free,ece,n_eval,open_set_detection,open_set_false_unknown_test
40f,42,default,zero-shot,0.7358048208659975,0.7106540761003978,0.29835658548120125,0.9652764399922944,0.6195234060287476,0.2293222683264177,0.25014778907543156,0.9493353881718358,0.25215772050130053,0.09986374098980885,54596,0.23417332513829134,0.055901531247710454
40f,42,earlier_tuned_auc,zero-shot,0.7570334823063961,0.7164321483002872,0.25381295814613386,0.951791562319399,0.5589444637298584,0.22544951590594745,0.24459091983920547,0.9488537853978039,0.24787183731378576,0.06246088723525767,54596,0.2132759680393362,0.05192688109018976
40f,42,earlier_tuned_f1,zero-shot,0.7438273866217305,0.7116995627023713,0.28038543390872545,0.9595453669813138,0.5935404300689697,0.22738589211618257,0.2486698983211161,0.9488537853978039,0.2525419720974226,0.07659819240226909,54596,0.23171481253841425,0.05919847607883361
40f,42,blockval_tuned_auc,zero-shot,0.759396292768701,0.7142541735142731,0.24376330101678884,0.9432190329416298,0.5462183952331543,0.22489626556016598,0.2463052731142114,0.9450972837603545,0.25993142586899975,0.05570195628665412,54596,0.22618315918869084,0.050919481280679905
40f,42,blockval_tuned_f1,zero-shot,0.7495604073558503,0.7124510837055881,0.2655178529203121,0.9502504334424966,0.5791306495666504,0.22378976486860305,0.2422558524473871,0.9437969562704681,0.2589855757862379,0.0629106985715005,54596,0.2661339889366933,0.05423474247197597
40f,43,default,zero-shot,0.7350904828192542,0.710997084408857,0.2992728777488768,0.9641687536120208,0.6190216541290283,0.13516676418958457,0.24651217781981555,0.9462531304180312,0.25730078032631826,0.0952538855830207,54596,0.23970497848801475,0.07172686643710162
40f,43,earlier_tuned_auc,zero-shot,0.7554582753315261,0.7169364966077999,0.2570938756207141,0.9491427470622231,0.5693874359130859,0.12658474741564268,0.23752660203357767,0.9421595068387594,0.2590742492314968,0.061573756050409365,54596,0.2095881991395206,0.0574401055022346
40f,43,earlier_tuned_f1,zero-shot,0.743534324858964,0.7124770088066676,0.2808879167651927,0.9572818339433635,0.6033967733383179,0.12463428905792862,0.23847245211633955,0.942544789057985,0.25892646015606524,0.07228704915678849,54596,0.2169637369391518,0.06526119129606564
40f,43,blockval_tuned_auc,zero-shot,0.7558246025349843,0.7124591354678933,0.251241428233625,0.9425929493353882,0.5620504021644592,0.12638970157987128,0.23888626152754788,0.9392217299171643,0.2661090092220383,0.05486695958999185,54596,0.23171481253841425,0.05381346618799912
40f,43,blockval_tuned_f1,zero-shot,0.7456223899186754,0.7107831197788558,0.27219791912981794,0.9493835484492391,0.5846905708312988,0.12541447240101425,0.23879758808228896,0.9380177229820844,0.27264128635611257,0.06426530482579226,54596,0.2778119237861094,0.06441863872811195
40f,44,default,zero-shot,0.7495054582753315,0.7154469096862291,0.2716954362733507,0.9565112695049124,0.5609387159347534,0.033504752999844165,0.259281153937101,0.9508765170487382,0.257655474107354,0.08029854509490117,54596,0.31407498463429623,0.087314088944245
40f,44,earlier_tuned_auc,zero-shot,0.7679500329694483,0.7196734466178875,0.23043272641286355,0.9406183779618571,0.5065845847129822,0.0310113760324139,0.259665405533223,0.9512136389905606,0.25555686923622606,0.048004872429343794,54596,0.27412415488629377,0.08443842039709869
40f,44,earlier_tuned_f1,zero-shot,0.7567953696241483,0.7167434986083315,0.2546110191534642,0.9496243498362551,0.536660373210907,0.03272557269752221,0.2634488058642705,0.9531882103640917,0.25591156301726176,0.05834601650240921,54596,0.2980946527350953,0.08627005641438933
40f,44,blockval_tuned_auc,zero-shot,0.7681515129313503,0.7156691655565487,0.22449160558051548,0.933057214409555,0.49555444717407227,0.031790556334735855,0.2631236698983211,0.9490945867848198,0.26566564199574366,0.04172898155761745,54596,0.33927473878303627,0.07835738881969376
40f,44,blockval_tuned_f1,zero-shot,0.7599640999340611,0.7146658371900881,0.24290612437928588,0.9389327682527452,0.5193942785263062,0.03428393330216612,0.2634488058642705,0.9486129840107879,0.26602033577677936,0.0470815219988936,54596,0.36754763368162263,0.09266246611473368
40f,45,default,zero-shot,0.7373983442010403,0.7087540224397562,0.2928883896902341,0.963012906954344,0.5822718143463135,0.5520088057237205,0.2719023409789548,0.9531882103640917,0.2624142823362497,0.09917318768986541,54596,0.16594960049170251,0.04276870100373654
40f,45,earlier_tuned_auc,zero-shot,0.7617957359513517,0.7180157988822539,0.2426105462284228,0.9436043151608553,0.5039486885070801,0.5586130985140341,0.27219791912981794,0.9540550953573492,0.2614684322534878,0.05966396648806614,54596,0.1702519975414874,0.04172466847388087
40f,45,earlier_tuned_f1,zero-shot,0.7492307128727379,0.7125129439064897,0.2687396547647198,0.9550664611828165,0.5509664416313171,0.5575123830489819,0.26797115157247575,0.9524176459256405,0.2643355403168598,0.07236833209580612,54596,0.15795943454210204,0.04275038464356363
40f,45,blockval_tuned_auc,zero-shot,0.7608616015825335,0.7113934271321233,0.23743792858831875,0.9380658832594876,0.48762691020965576,0.5663181067694001,0.27541972097422557,0.9534290117511077,0.2667592811539371,0.05426760992632044,54596,0.1979102642901045,0.04033262510073998
40f,45,blockval_tuned_f1,zero-shot,0.7524727086233424,0.7114956627965308,0.2578032631827855,0.9469755345790791,0.5267137289047241,0.5762245459548707,0.27219791912981794,0.9529474089770757,0.26324190115866636,0.06153486908645943,54596,0.19913952059004303,0.04795223093266906
40f,46,default,zero-shot,0.7455674408381566,0.7146939181703463,0.2823658075195082,0.963494509728376,0.596160352230072,0.15490087085417825,0.250384251596122,0.9524658062030438,0.24346772286592575,0.08799899924136802,54596,0.23048555623847572,0.06463843505018682
40f,46,earlier_tuned_auc,zero-shot,0.7639936991721005,0.719960771616659,0.24343816505083946,0.9505393951069158,0.537243127822876,0.1515656846396146,0.2469851028611965,0.952513966480447,0.24033459446677702,0.056247693439771616,54596,0.1997541487400123,0.05711041101912228
40f,46,earlier_tuned_f1,zero-shot,0.7567587369038025,0.7189505835485136,0.2603452352802081,0.9570891928337507,0.5628976821899414,0.1539744302390217,0.2496748640340506,0.9533326911963013,0.24131000236462521,0.0624668734325962,54596,0.2034419176398279,0.06291669719393363
40f,46,blockval_tuned_auc,zero-shot,0.765660487947835,0.7175088256256342,0.23631473161503902,0.9445193604315161,0.5083403587341309,0.1569390402075227,0.2597245211633956,0.9544403775765748,0.2476353747930953,0.04835184988872725,54596,0.1979102642901045,0.05057147043739468
40f,46,blockval_tuned_f1,zero-shot,0.7583156275184996,0.7162219433711982,0.25215772050130053,0.9496243498362551,0.5501249432563782,0.1554567352232722,0.24973397966422323,0.9504430745521094,0.2483447623551667,0.05360327782793763,54596,0.256299938537185,0.060627152172320314
