pool_label,seed,method,access,k,strategy,run,n_candidates,accuracy,macro_f1,argmax_fpr,argmax_detection,det95_threshold,det95_val_fpr,det95_test_fpr,det95_test_detection,fpr_at_95_threshold_free,ece,n_eval,open_set_detection,open_set_false_unknown_test,n_labelled,labelled_attack_share,held_half_fpr,threshold_source
48f,42,zero_shot,zero-shot,0,none,0,15596,0.7429629629629629,0.7184051132710194,0.2891463414634146,0.9795283018867924,0.6600818634033203,0.20608575380359612,0.21530487804878048,0.9604716981132075,0.18798780487804878,0.11391550719517252,27000,0.32022126613398894,0.042,,,,
48f,42,random_k100,few-shot,100,random,0,15596,0.7438518518518519,0.7174064765640554,0.2845121951219512,0.974811320754717,0.21482986211776733,0.37621023513139695,0.3896341463414634,0.9965094339622641,0.20432926829268291,0.11393255344033246,27000,0.3251382913337431,0.03562962962962963,100.0,0.31,0.4411764705882353,held-out half
48f,42,entropy_k100,few-shot,100,entropy,0,15596,0.7410740740740741,0.7152615104809611,0.29079268292682925,0.9799056603773585,0.6212643980979919,0.23374827109266944,0.2399390243902439,0.9694339622641509,0.18701219512195122,0.11643073147645701,27000,0.3423478795328826,0.034666666666666665,100.0,0.82,0.6666666666666666,held-out half
48f,42,diverse_k100,few-shot,100,diverse,0,15596,0.7422222222222222,0.7154319557711327,0.2865853658536585,0.9744339622641509,0.8373308181762695,0.0995850622406639,0.10298780487804877,0.885943396226415,0.21329268292682926,0.11611203836235735,27000,0.3663183773816841,0.03707407407407407,100.0,0.4,0.4,held-out half
48f,42,mix_k100,few-shot,100,mix,0,15596,0.7444814814814815,0.7168276278130268,0.2863414634146341,0.9811320754716981,0.7548432350158691,0.14605809128630706,0.1602439024390244,0.9383018867924529,0.18085365853658536,0.11370165135683835,27000,0.3153042409342348,0.03451851851851852,100.0,0.66,0.375,held-out half
48f,42,random_k250,few-shot,250,random,0,15596,0.7530370370370371,0.722967054456859,0.27432926829268295,0.9813207547169811,0.4672148823738098,0.28769017980636236,0.29597560975609755,0.9866981132075472,0.1653048780487805,0.10704329216314687,27000,0.33128457283343576,0.042666666666666665,250.0,0.392,0.33783783783783783,held-out half
48f,42,entropy_k250,few-shot,250,entropy,0,15596,0.7405555555555555,0.7063496139756285,0.2893292682926829,0.9833018867924528,0.7553542852401733,0.14495159059474413,0.15347560975609756,0.9495283018867925,0.1546951219512195,0.11958363632912988,27000,0.30424093423478793,0.03214814814814815,250.0,0.748,0.48,held-out half
48f,42,diverse_k250,few-shot,250,diverse,0,15596,0.7452962962962963,0.7165565980706349,0.2782317073170732,0.9669811320754716,0.8448796272277832,0.09847856154910097,0.09652439024390244,0.8926415094339623,0.20859756097560975,0.1211161675353845,27000,0.34296250768285186,0.0342962962962963,250.0,0.368,0.11842105263157894,held-out half
48f,42,mix_k250,few-shot,250,mix,0,15596,0.7424074074074074,0.7120563071551601,0.2848780487804878,0.9783962264150944,0.6414575576782227,0.21217150760719225,0.2229268292682927,0.9627358490566038,0.18609756097560975,0.11417651015685665,27000,0.31837738168408114,0.03707407407407407,250.0,0.576,0.24489795918367346,held-out half
48f,42,random_k500,few-shot,500,random,0,15596,0.7539259259259259,0.7228991190224395,0.2754268292682927,0.9841509433962264,0.8225346803665161,0.10345781466113416,0.11335365853658537,0.9325471698113208,0.15036585365853658,0.11083873456385397,27000,0.39643515673017826,0.03666666666666667,500.0,0.342,0.08552631578947369,held-out half
48f,42,entropy_k500,few-shot,500,entropy,0,15596,0.7473333333333333,0.7205603898750312,0.2863414634146341,0.9843396226415094,0.6800605654716492,0.19308437067773168,0.200609756097561,0.9687735849056603,0.14140243902439023,0.11689991458036281,27000,0.3091579594345421,0.024962962962962965,500.0,0.742,0.35,held-out half
48f,42,diverse_k500,few-shot,500,diverse,0,15596,0.749,0.7154146261560946,0.27396341463414636,0.9787735849056604,0.8100560307502747,0.10816044260027663,0.11908536585365853,0.9218867924528302,0.17646341463414633,0.11497512220453332,27000,0.3583282114320836,0.03474074074074074,500.0,0.37,0.16216216216216217,held-out half
48f,42,mix_k500,few-shot,500,mix,0,15596,0.7504444444444445,0.7222654337451447,0.2821951219512195,0.9849056603773585,0.7651144862174988,0.14384508990318118,0.14652439024390243,0.9513207547169812,0.14310975609756096,0.11561485187212624,27000,0.3208358942839582,0.029222222222222222,500.0,0.542,0.2523364485981308,held-out half
48f,42,random_k1000,few-shot,1000,random,0,15596,0.7635925925925926,0.7306492353549361,0.2596341463414634,0.98,0.8032588362693787,0.10816044260027663,0.11408536585365854,0.9375471698113208,0.14109756097560974,0.10817873584672259,27000,0.2833435771358328,0.027444444444444445,1000.0,0.341,0.11746987951807229,held-out half
48f,42,entropy_k1000,few-shot,1000,entropy,0,15596,0.7550740740740741,0.7281800713834233,0.2755487804878049,0.9833018867924528,0.6324857473373413,0.21715076071922546,0.22067073170731707,0.9739622641509434,0.14591463414634145,0.11540914158909409,27000,0.29870928088506454,0.02125925925925926,1000.0,0.603,0.27807486631016043,held-out half
48f,42,diverse_k1000,few-shot,1000,diverse,0,15596,0.7625555555555555,0.7281896643904058,0.25945121951219513,0.984056603773585,0.8403864502906799,0.08769017980636237,0.09384146341463415,0.9280188679245283,0.13432926829268294,0.1077597169434583,27000,0.3189920098340504,0.03144444444444444,1000.0,0.353,0.09174311926605505,held-out half
48f,42,mix_k1000,few-shot,1000,mix,0,15596,0.7545555555555555,0.7252308545746812,0.2735975609756098,0.9809433962264151,0.6568260192871094,0.19363762102351315,0.20591463414634145,0.9674528301886792,0.14884146341463414,0.11299008495498586,27000,0.33988936693300553,0.027814814814814817,1000.0,0.55,0.28110599078341014,held-out half
48f,42,random_k2500,few-shot,2500,random,0,15596,0.7760370370370371,0.7331326844003941,0.23646341463414633,0.9816981132075472,0.7364514470100403,0.11590594744121716,0.1278048780487805,0.9561320754716981,0.1075,0.09307013606583633,27000,0.35955746773202213,0.03181481481481482,2500.0,0.32,0.154292343387471,held-out half
48f,42,entropy_k2500,few-shot,2500,entropy,0,15596,0.7685925925925926,0.730461124725088,0.24621951219512195,0.9810377358490566,0.56643146276474,0.24232365145228216,0.22341463414634147,0.9797169811320755,0.12073170731707317,0.10385657996491147,27000,0.37430854333128455,0.022222222222222223,2500.0,0.4764,0.18040435458786935,held-out half
48f,42,diverse_k2500,few-shot,2500,diverse,0,15596,0.7751851851851852,0.73654138188588,0.24146341463414633,0.9834905660377359,0.8271135091781616,0.08077455048409406,0.08804878048780487,0.9336792452830188,0.11810975609756097,0.09771061504659828,27000,0.3681622618315919,0.030814814814814816,2500.0,0.3424,0.0880952380952381,held-out half
48f,42,mix_k2500,few-shot,2500,mix,0,15596,0.7713333333333333,0.7314235480269723,0.24432926829268292,0.985566037735849,0.6578033566474915,0.175103734439834,0.17268292682926828,0.9733018867924528,0.10103658536585367,0.09541972204159807,27000,0.34480639213275965,0.024148148148148148,2500.0,0.4516,0.19886363636363635,held-out half
48f,42,random_k5000,few-shot,5000,random,0,15596,0.792037037037037,0.7409955414888021,0.21030487804878048,0.9813207547169811,0.7758004069328308,0.0912863070539419,0.09365853658536585,0.949811320754717,0.09365853658536585,0.07677792742627641,27000,0.4167178856791641,0.028148148148148148,5000.0,0.325,0.06976744186046512,held-out half
48f,42,entropy_k5000,few-shot,5000,entropy,0,15596,0.8124074074074074,0.7520949472091023,0.17353658536585365,0.975566037735849,0.5035638213157654,0.18367911479944676,0.1770121951219512,0.9783018867924528,0.08573170731707318,0.07028072206731198,27000,0.34972341733251383,0.021222222222222222,5000.0,0.3844,0.1907250163291966,held-out half
48f,42,diverse_k5000,few-shot,5000,diverse,0,15596,0.7948518518518518,0.7430586380693267,0.20512195121951218,0.980754716981132,0.7871301770210266,0.08105117565698479,0.0824390243902439,0.9459433962264151,0.08884146341463414,0.07591287290829196,27000,0.34111862323294406,0.029962962962962962,5000.0,0.3392,0.060072815533980584,held-out half
48f,42,mix_k5000,few-shot,5000,mix,0,15596,0.7897407407407407,0.7408508879513763,0.21286585365853658,0.9804716981132076,0.6650263667106628,0.1405255878284924,0.14341463414634145,0.9672641509433962,0.0871951219512195,0.08256574810213514,27000,0.395820528580209,0.024296296296296295,5000.0,0.4036,0.12221471978392978,held-out half
48f,43,zero_shot,zero-shot,0,none,1,15596,0.7559259259259259,0.7007984849417425,0.25056264066016504,0.9664188054689374,0.6461614370346069,0.1338014433391847,0.20887364698317437,0.9447109618613576,0.21353552673882756,0.11612842194680816,27000,0.33005531653349723,0.04703703703703704,,,,
48f,43,random_k100,few-shot,100,random,1,15596,0.7563333333333333,0.6990916986416108,0.24916943521594684,0.9641400815543296,0.45385032892227173,0.16871464794226643,0.2693173293323331,0.9755337011273687,0.21996570571214233,0.1166956492772809,27000,0.37430854333128455,0.051444444444444445,100.0,0.49,0.4583333333333333,held-out half
48f,43,entropy_k100,few-shot,100,entropy,1,15596,0.7585925925925926,0.7063209104651597,0.25222377022827136,0.9683377308707124,0.6987562775611877,0.1209284181782719,0.1879219804951238,0.9312784840489327,0.21707212517415067,0.11718380118189033,27000,0.345421020282729,0.04140740740740741,100.0,0.89,0.75,held-out half
48f,43,diverse_k100,few-shot,100,diverse,1,15596,0.7561111111111111,0.7008509066525335,0.25056264066016504,0.9601822979131687,0.7289355993270874,0.11449190559781548,0.1746865287750509,0.9060925881506356,0.22918229557389347,0.11640757620886517,27000,0.35771358328211433,0.04925925925925926,100.0,0.47,0.28,held-out half
48f,43,mix_k100,few-shot,100,mix,1,15596,0.756962962962963,0.7049080387791965,0.2512592433822741,0.9621012233149436,0.6083478927612305,0.14374878096352642,0.22232343800235774,0.9492684096905732,0.22371664344657594,0.11871607926487925,27000,0.31038721573448064,0.043444444444444445,100.0,0.66,0.2631578947368421,held-out half
48f,43,random_k250,few-shot,250,random,1,15596,0.7562222222222222,0.6889351555130389,0.2474547208230629,0.9745742384264812,0.771658182144165,0.09498732202067486,0.14800128603579465,0.9330774766130967,0.18036652020147895,0.12625868303908241,27000,0.3423478795328826,0.0427037037037037,250.0,0.536,0.18032786885245902,held-out half
48f,43,entropy_k250,few-shot,250,entropy,1,15596,0.7570740740740741,0.7051085961774745,0.2572607437573679,0.9754137682897578,0.7766852378845215,0.09927833040764579,0.148805058407459,0.9155672823218998,0.20190761976208338,0.11810505900890739,27000,0.30977258758451137,0.04292592592592592,250.0,0.876,0.4375,held-out half
48f,43,diverse_k250,few-shot,250,diverse,1,15596,0.7513703703703704,0.6988071209761038,0.2515807523309399,0.9435116334852482,0.4686400294303894,0.1708601521357519,0.26808487836244776,0.9622211561525545,0.2501875468867217,0.1253963467048274,27000,0.37430854333128455,0.044703703703703704,250.0,0.504,0.3384615384615385,held-out half
48f,43,mix_k250,few-shot,250,mix,1,15596,0.7565555555555555,0.6969138567290054,0.25147358268138464,0.9713360518109858,0.8004204630851746,0.08855080944021845,0.13299753509806023,0.9047733269369154,0.20372950380452257,0.11873340625785017,27000,0.31960663798401967,0.04066666666666666,250.0,0.668,0.23809523809523808,held-out half
48f,43,random_k500,few-shot,500,random,1,15596,0.7685925925925926,0.7136006760498447,0.2427392562426321,0.9778124250419765,0.712693452835083,0.11351667641895846,0.17093559104061729,0.9492684096905732,0.17173936341228163,0.11452790338352876,27000,0.32329440688383526,0.039,500.0,0.446,0.23741007194244604,held-out half
48f,43,entropy_k500,few-shot,500,entropy,1,15596,0.7554074074074074,0.6976317201010965,0.25688564998392455,0.9752938354521468,0.8667242527008057,0.06280475911839282,0.09763155074482907,0.8786279683377308,0.1952095166648805,0.12094257069737827,27000,0.28272894898586354,0.03988888888888889,500.0,0.878,0.18181818181818182,held-out half
48f,43,diverse_k500,few-shot,500,diverse,1,15596,0.7629259259259259,0.7039533959290735,0.24407887686207266,0.9757735668025905,0.928254246711731,0.03432806709576751,0.05776444111027757,0.8064284000959463,0.1907619762083378,0.11826192868418164,27000,0.3337430854333128,0.043333333333333335,500.0,0.504,0.0625,held-out half
48f,43,mix_k500,few-shot,500,mix,1,15596,0.7602592592592593,0.7046764060897521,0.250991319258386,0.9762532981530343,0.7763169407844543,0.09888823873610299,0.14494695102347016,0.9216838570400576,0.1933340477976637,0.11964205667266142,27000,0.31653349723417334,0.036,500.0,0.672,0.1744186046511628,held-out half
48f,43,random_k1000,few-shot,1000,random,1,15596,0.7686666666666667,0.7015261002516016,0.23588039867109634,0.978651954905253,0.742318868637085,0.10434952213770236,0.1531990140392241,0.9418325737586951,0.165577108562855,0.11570852731554593,27000,0.33743085433312847,0.038592592592592595,1000.0,0.467,0.2196969696969697,held-out half
48f,43,entropy_k1000,few-shot,1000,entropy,1,15596,0.7592222222222222,0.6959357837124855,0.24804415389561676,0.97313504437515,0.873803436756134,0.055978154866393605,0.09114778694673668,0.8780283041496761,0.19386989604543994,0.12108561369004071,27000,0.3153042409342348,0.03596296296296296,1000.0,0.814,0.1111111111111111,held-out half
48f,43,diverse_k1000,few-shot,1000,diverse,1,15596,0.7652592592592593,0.6984021299721789,0.23711284964098167,0.9686975293835453,0.7087087035179138,0.11410181392627268,0.17238238130961311,0.9346366035020388,0.19692423105776444,0.11699331577950055,27000,0.35279655808236016,0.045037037037037035,1000.0,0.493,0.23412698412698413,held-out half
48f,43,mix_k1000,few-shot,1000,mix,1,15596,0.7638888888888888,0.7035166342681457,0.2453649126567356,0.9774526265291437,0.744773268699646,0.10610493465964502,0.15727146072232343,0.9370352602542577,0.17709784589004393,0.11262387690279219,27000,0.30239704978488013,0.03674074074074074,1000.0,0.687,0.25625,held-out half
48f,43,random_k2500,few-shot,2500,random,1,15596,0.7818148148148149,0.7185811068534079,0.22334154967313258,0.9809306788198608,0.7706528306007385,0.0871854885898186,0.12978244561140284,0.9444710961861358,0.14055299539170507,0.10444251932810852,27000,0.35586969883220654,0.038925925925925926,2500.0,0.4692,0.1303030303030303,held-out half
48f,43,entropy_k2500,few-shot,2500,entropy,1,15596,0.7685185185185185,0.7066745835066981,0.2362019076197621,0.9756536339649796,0.7658402919769287,0.09791300955724595,0.14291072768192048,0.9342768049892061,0.17190011788661452,0.11960617372614366,27000,0.3521819299323909,0.03248148148148148,2500.0,0.602,0.118,held-out half
48f,43,diverse_k2500,few-shot,2500,diverse,1,15596,0.778962962962963,0.7090763234694273,0.2231807951987997,0.9797313504437515,0.8341575264930725,0.06807099668422079,0.10165041260315079,0.926601103382106,0.1378201693280463,0.10760936178874085,27000,0.38045482483097726,0.03581481481481481,2500.0,0.4732,0.10276073619631902,held-out half
48f,43,mix_k2500,few-shot,2500,mix,1,15596,0.7752222222222223,0.709307774280223,0.22859286250133962,0.9756536339649796,0.8244035840034485,0.06358494246147844,0.10695531025613546,0.9196449988006716,0.1585574965169864,0.10650702102095991,27000,0.31161647203441917,0.031037037037037037,2500.0,0.6124,0.13871635610766045,held-out half
48f,43,random_k5000,few-shot,5000,random,1,15596,0.7948148148148149,0.7189704272497369,0.20046082949308755,0.9781722235548093,0.8008904457092285,0.06651062999804955,0.08798628228485693,0.9354761333653154,0.10931304254635088,0.0903434923677533,27000,0.35771358328211433,0.03344444444444444,5000.0,0.4524,0.06437454279444038,held-out half
48f,43,entropy_k5000,few-shot,5000,entropy,1,15596,0.8023703703703704,0.7197207269245488,0.18861858321723288,0.9780522907171983,0.5695421695709229,0.1302906182952994,0.17629407351837958,0.9757735668025905,0.10813417640124316,0.0903676587089344,27000,0.4056545789797173,0.032518518518518516,5000.0,0.4836,0.1389776357827476,held-out half
48f,43,diverse_k5000,few-shot,5000,diverse,1,15596,0.7924444444444444,0.7122254904506947,0.2031400707319687,0.9751739026145358,0.7737349271774292,0.07060659254924907,0.10443682349158719,0.936195730390981,0.1315507448290644,0.09093684375617238,27000,0.33189920098340503,0.0342962962962963,5000.0,0.4704,0.09028831562974203,held-out half
48f,43,mix_k5000,few-shot,5000,mix,1,15596,0.7862222222222223,0.7101045859050173,0.21117779444861215,0.978651954905253,0.759351372718811,0.07879851765164814,0.11445718572500269,0.9423123051091389,0.13262244132461687,0.09913885824106354,27000,0.3503380454824831,0.034074074074074076,5000.0,0.524,0.11336717428087986,held-out half
48f,44,zero_shot,zero-shot,0,none,2,16000,0.7533087682358249,0.7198105381952676,0.27208307880268784,0.9621552904361431,0.5845422744750977,0.021972884525479196,0.2420891875381796,0.9516917660864463,0.23701893708002444,0.09494040520509607,26596,0.40626920712968656,0.07914724018649422,,,,
48f,44,random_k100,few-shot,100,random,2,16000,0.7536095653481727,0.7161910652076441,0.2698839340256567,0.9618619205945629,0.5220973491668701,0.02960885148823438,0.27232742822235795,0.963719929591238,0.23170433720219916,0.09427438170089814,26596,0.47695144437615244,0.07865844487892916,100.0,0.28,0.2222222222222222,held-out half
48f,44,entropy_k100,few-shot,100,entropy,2,16000,0.7533087682358249,0.722321193338444,0.27849725106902873,0.9682182671621358,0.7881630659103394,0.006233442418575658,0.12180818570555894,0.9008409935458634,0.22144166157605374,0.09500680163285302,26596,0.4253226797787339,0.07046172356745375,100.0,0.9,1.0,held-out half
48f,44,diverse_k100,few-shot,100,diverse,2,16000,0.751052789893217,0.7158332267594584,0.27434331093463654,0.9592215920203403,0.509054958820343,0.028362163004519245,0.2826511912034209,0.9635243496968512,0.24215027489309712,0.09989581993982871,26596,0.4351567301782422,0.07523687772597383,100.0,0.38,0.26666666666666666,held-out half
48f,44,mix_k100,few-shot,100,mix,2,16000,0.7550007519927808,0.722798802794456,0.27501527183872937,0.9682182671621358,0.6215355396270752,0.019947015739442107,0.22278558338423946,0.950029336984158,0.22260232131948687,0.09468756689736138,26596,0.4339274738783036,0.06940893367423673,100.0,0.62,0.2,held-out half
48f,44,random_k250,few-shot,250,random,2,16000,0.7599263047074748,0.7243559898557909,0.26719609040928527,0.970565225894778,0.6908697485923767,0.01386940938133084,0.17764202810018326,0.9424017211030706,0.19761759315821625,0.0961024143515556,26596,0.4406883835279656,0.06831854414197623,250.0,0.328,0.1839080459770115,held-out half
48f,44,entropy_k250,few-shot,250,entropy,2,16000,0.7566551361106933,0.7226910487849673,0.27525962125839953,0.9757480930960297,0.7794944643974304,0.007168458781362007,0.1255345143555284,0.9253862702914141,0.1864996945632254,0.09202885240202092,26596,0.446220036877689,0.06147540983606557,250.0,0.884,0.47058823529411764,held-out half
48f,44,diverse_k250,few-shot,250,diverse,2,16000,0.7585351180628666,0.7233450168661001,0.26951740989615147,0.9675337375317817,0.8358441591262817,0.003116721209287829,0.09156994502138058,0.8803051046352435,0.21832620647525963,0.09652583477891179,26596,0.43146896127842654,0.06986012934275831,250.0,0.408,0.16,held-out half
48f,44,mix_k250,few-shot,250,mix,2,16000,0.7580463227553016,0.7260488350789767,0.2734880879657911,0.9710541756307451,0.6932332515716553,0.015271933925510362,0.1816737935247404,0.9388812830041072,0.21319486866218693,0.09275437510830242,26596,0.43577135832821146,0.06579936832606408,250.0,0.648,0.325,held-out half
48f,44,random_k500,few-shot,500,random,2,16000,0.7599639043465183,0.7207794484100608,0.2639584605986561,0.9707608057891649,0.6402736902236938,0.017453638772011844,0.20366524129505192,0.9512028163504792,0.20030543677458765,0.09632811495093833,26596,0.4585125998770744,0.0650097759061513,500.0,0.324,0.16265060240963855,held-out half
48f,44,entropy_k500,few-shot,500,entropy,2,16000,0.7611294931568657,0.7261136390523307,0.2689065363469762,0.9759436729904166,0.6513372659683228,0.01698613059061867,0.19932803909590716,0.9569724232348914,0.1790470372632865,0.09022271969539274,26596,0.4265519360786724,0.06023462174763122,500.0,0.772,0.45614035087719296,held-out half
48f,44,diverse_k500,few-shot,500,diverse,2,16000,0.7577831252819973,0.7188148337917251,0.2654856444715944,0.9663602581654606,0.8208086490631104,0.004675081813931743,0.09938912645082468,0.8937023274007432,0.20885766646304216,0.09776971734368832,26596,0.44560540872771975,0.07328169649571364,500.0,0.402,0.08275862068965517,held-out half
48f,44,mix_k500,few-shot,500,mix,2,16000,0.7586855166190405,0.721262125243984,0.27232742822235795,0.9788773714062194,0.7939363121986389,0.005921770297646876,0.12015882712278558,0.9375122237433992,0.1470372632864997,0.09865387480502597,26596,0.4167178856791641,0.06978493006467137,500.0,0.65,0.1839080459770115,held-out half
48f,44,random_k1000,few-shot,1000,random,2,16000,0.7693262144683412,0.7324575587767866,0.2581551618814905,0.9784862116174458,0.769220769405365,0.007635966962755181,0.13017715332926083,0.9424995110502641,0.15039706780696396,0.09166914917128592,26596,0.4074984634296251,0.06391938637389082,1000.0,0.355,0.11692307692307692,held-out half
48f,44,entropy_k1000,few-shot,1000,entropy,2,16000,0.7654910512859077,0.7280652052423378,0.26035430665852166,0.9773127322511246,0.8490387797355652,0.002805049088359046,0.07690897984117288,0.9108155681595932,0.16426389737324373,0.09141238690641772,26596,0.4130301167793485,0.05233869754850354,1000.0,0.683,0.11949685534591195,held-out half
48f,44,diverse_k1000,few-shot,1000,diverse,2,16000,0.7636110693337343,0.7212606426740816,0.2615760537568723,0.9779972618814786,0.7771717309951782,0.006233442418575658,0.12339645693341478,0.934285155486016,0.16059865607819182,0.09338130698376698,26596,0.4339274738783036,0.06640096255075952,1000.0,0.377,0.10126582278481013,held-out half
48f,44,mix_k1000,few-shot,1000,mix,2,16000,0.7664310422619943,0.7247082313438393,0.25778863775198535,0.9763348327791903,0.769030749797821,0.006700950599968833,0.12968845448992058,0.9409348718951692,0.15137446548564448,0.09198118964004809,26596,0.4167178856791641,0.05869303654684915,1000.0,0.567,0.18009478672985782,held-out half
48f,44,random_k2500,few-shot,2500,random,2,16000,0.7729733794555572,0.7290782632493505,0.24764813683567502,0.9771171523567377,0.777250349521637,0.006233442418575658,0.11459987782529016,0.9419127713671035,0.13500305436774587,0.08999992085455201,26596,0.4185617701290719,0.06422018348623854,2500.0,0.3464,0.0899149453219927,held-out half
48f,44,entropy_k2500,few-shot,2500,entropy,2,16000,0.7800797112347722,0.7368565833294031,0.2376908979841173,0.9777038920398983,0.7555592060089111,0.0070126227208976155,0.11979230299328039,0.9477801681987091,0.12767257177764202,0.08417210307833413,26596,0.45236631837738167,0.05121070837719958,2500.0,0.5728,0.1332116788321168,held-out half
48f,44,diverse_k2500,few-shot,2500,diverse,2,16000,0.7759813505790344,0.7367586803345124,0.24764813683567502,0.9800508507725406,0.8372132182121277,0.003428393330216612,0.0805742211362248,0.9313514570702132,0.11704337202199144,0.08777738538141949,26596,0.4320835894283958,0.05861783726876222,2500.0,0.366,0.055970149253731345,held-out half
48f,44,mix_k2500,few-shot,2500,mix,2,16000,0.7816212964355542,0.7402528285609035,0.2386682956627978,0.9811265401916683,0.8131605386734009,0.004986753934860527,0.0889431887599267,0.9378055935849795,0.11172877214416616,0.08034853494907794,26596,0.4388444990780578,0.05222589863137314,2500.0,0.5068,0.07974481658692185,held-out half
48f,44,random_k5000,few-shot,5000,random,2,16000,0.7925251917581592,0.7457871352969069,0.22040317654245573,0.9776061020927048,0.7812089920043945,0.004051737572074178,0.0887599266951741,0.9478779581459026,0.09505192425167991,0.0710544440565315,26596,0.4578979717271051,0.0606858174161528,5000.0,0.347,0.060109289617486336,held-out half
48f,44,entropy_k5000,few-shot,5000,entropy,2,16000,0.8192209354790194,0.7569331242319928,0.17269395235186316,0.9724232348914531,0.7171065211296082,0.0074801309022907905,0.10592547342700061,0.9567768433405046,0.0937080024434942,0.05158003781129226,26596,0.4339274738783036,0.04872913220033088,5000.0,0.4718,0.07300380228136882,held-out half
48f,44,diverse_k5000,few-shot,5000,diverse,2,16000,0.7874868401263347,0.7398442205973272,0.2268173488087966,0.978095051828672,0.812832236289978,0.0038959015116097864,0.08674404398289554,0.9443575200469392,0.10164935858277337,0.0787598271601396,26596,0.4468346650276583,0.058542637990675286,5000.0,0.3504,0.055453991468616695,held-out half
48f,44,mix_k5000,few-shot,5000,mix,2,16000,0.7941419762370281,0.7447401480132635,0.21551618814905316,0.9754547232544495,0.7434226274490356,0.007168458781362007,0.10702504581551618,0.9495403872481909,0.10873549175320708,0.06993773264945188,26596,0.43761524277811925,0.053842683110242144,5000.0,0.4456,0.08251057827926657,held-out half
48f,45,zero_shot,zero-shot,0,none,3,16800,0.7032048474229815,0.6919571896887681,0.36180969665543167,0.9684993315508021,0.6041318774223328,0.4991744634012108,0.3236971739694063,0.9562165775401069,0.304705729841846,0.14003195646040142,27396,0.29194837123540257,0.03752372609140021,,,,
48f,45,random_k100,few-shot,100,random,3,16800,0.7099941597313476,0.6981495388106936,0.35740212600466686,0.9738469251336899,0.6003440618515015,0.4925701706108971,0.32181747472128597,0.9635695187165776,0.2735934664246824,0.13680580416703805,27396,0.26551936078672406,0.034676595123375675,100.0,0.28,0.29411764705882354,held-out half
48f,45,entropy_k100,few-shot,100,entropy,3,16800,0.7069645203679369,0.696920704820311,0.3640134819808141,0.973596256684492,0.7367916107177734,0.3747936158503027,0.23807363235675397,0.9430982620320856,0.26510241120041483,0.13406678228256283,27396,0.3245236631837738,0.03318002628120893,100.0,0.89,1.0,held-out half
48f,45,diverse_k100,few-shot,100,diverse,3,16800,0.7032778507811359,0.6893419853967044,0.3613559761472647,0.969167780748663,0.6765228509902954,0.4270776004402862,0.2763806066891366,0.9446858288770054,0.2955016852476018,0.1433858018640985,27396,0.3128457283343577,0.030186888596875457,100.0,0.35,0.25806451612903225,held-out half
48f,45,mix_k100,few-shot,100,mix,3,16800,0.7060154767119288,0.6948466917996022,0.361550427793622,0.9726771390374331,0.7251965999603271,0.37644468904788114,0.24306455794659063,0.937082219251337,0.28240860772621207,0.13880713070147332,27396,0.3251382913337431,0.0325594977368959,100.0,0.57,0.25,held-out half
48f,45,random_k250,few-shot,250,random,3,16800,0.7117097386479778,0.6987684061172499,0.3540316308011408,0.9761029411764706,0.7580847144126892,0.3340671436433682,0.2202488981073373,0.9382520053475936,0.25175006481721546,0.141422484028181,27396,0.288260602335587,0.027011242517155788,250.0,0.34,0.12195121951219512,held-out half
48f,45,entropy_k250,few-shot,250,entropy,3,16800,0.7071835304424003,0.6971498471172014,0.36582836401348195,0.9784425133689839,0.8161605596542358,0.27958172812328014,0.18064557946590615,0.9338235294117647,0.23599948146227637,0.13804321564545788,27396,0.3159188690842041,0.02774127609870054,250.0,0.868,0.3333333333333333,held-out half
48f,45,diverse_k250,few-shot,250,diverse,3,16800,0.7091546211125712,0.6955715199580154,0.35591133004926107,0.9710060160427807,0.9234473705291748,0.15354980737479362,0.07998444386829141,0.863552807486631,0.27586206896551724,0.14078835400243211,27396,0.30055316533497234,0.030515403708570595,250.0,0.352,0.023809523809523808,held-out half
48f,45,mix_k250,few-shot,250,mix,3,16800,0.709738647977807,0.6999049707146286,0.3609022556390977,0.976019385026738,0.7416020631790161,0.35057787561915243,0.23489758879958517,0.9455213903743316,0.2508426238008815,0.13758993370504444,27396,0.2894898586355255,0.0319754708716601,250.0,0.628,0.2765957446808511,held-out half
48f,45,random_k500,few-shot,500,random,3,16800,0.7174405022631041,0.7027955239890566,0.34677210267046926,0.9791109625668449,0.6714094877243042,0.41221794166208037,0.27061187451387086,0.9622326203208557,0.22381384495722065,0.1364494550291648,27396,0.29256299938537184,0.0265367206891517,500.0,0.31,0.18478260869565216,held-out half
48f,45,entropy_k500,few-shot,500,entropy,3,16800,0.7097021462987297,0.700424098837609,0.36304122374902775,0.9796958556149733,0.8204167485237122,0.2647220693450743,0.17662691210785586,0.9327372994652406,0.235480943738657,0.1371976978318641,27396,0.3405039950829748,0.02942035333625347,500.0,0.776,0.2542372881355932,held-out half
48f,45,diverse_k500,few-shot,500,diverse,3,16800,0.715724923346474,0.7036345254484156,0.3516982110448535,0.977774064171123,0.7447035312652588,0.3472757292239956,0.22698988851438942,0.9443516042780749,0.24092558983666063,0.13635289168632853,27396,0.3208358942839582,0.02982187180610308,500.0,0.326,0.21468926553672316,held-out half
48f,45,mix_k500,few-shot,500,mix,3,16800,0.7106876916338152,0.7008131355517841,0.361096707285455,0.9781918449197861,0.7274565696716309,0.36378646119977986,0.2349624060150376,0.9526236631016043,0.2236842105263158,0.13301973963657562,27396,0.31837738168408114,0.02967586508979413,500.0,0.614,0.22,held-out half
48f,45,random_k1000,few-shot,1000,random,3,16800,0.7202146298729741,0.7004688658019917,0.33944775732434534,0.9775233957219251,0.7290990948677063,0.36103467253714916,0.22601763028260305,0.9512867647058824,0.21804511278195488,0.13451762934299538,27396,0.27535341118623236,0.020988465469411594,1000.0,0.307,0.14325842696629212,held-out half
48f,45,entropy_k1000,few-shot,1000,entropy,3,16800,0.7174770039421814,0.7076291940915486,0.34884625356494686,0.980197192513369,0.8256628513336182,0.2685745734727573,0.15951516722841586,0.9316510695187166,0.21843401607466945,0.13521233529770596,27396,0.33128457283343576,0.022996057818659658,1000.0,0.658,0.1625,held-out half
48f,45,diverse_k1000,few-shot,1000,diverse,3,16800,0.7206891517009782,0.7050349698292843,0.3405496499870366,0.9761029411764706,0.8519177436828613,0.22289488167308752,0.1381254861291159,0.9235461229946524,0.2234249416645061,0.1361274988531788,27396,0.27904118008604795,0.025697182070375236,1000.0,0.359,0.10240963855421686,held-out half
48f,45,mix_k1000,few-shot,1000,mix,3,16800,0.711746240327055,0.7002032668447359,0.3559761472647135,0.9808656417112299,0.7938082218170166,0.2966428178315905,0.18505315011667098,0.94610628342246,0.19542390458905887,0.13636335278013392,27396,0.33620159803318994,0.0259526938239159,1000.0,0.566,0.10454545454545454,held-out half
48f,45,random_k2500,few-shot,2500,random,3,16800,0.7304716016936779,0.7089100378335916,0.32181747472128597,0.9751002673796791,0.8069450259208679,0.2564667033571822,0.15724656468758103,0.939254679144385,0.19302566761731915,0.12537009521594344,27396,0.31223110018438843,0.021974010804497006,2500.0,0.3144,0.08963911525029103,held-out half
48f,45,entropy_k2500,few-shot,2500,entropy,3,16800,0.7324061906847715,0.7171614081243649,0.32363235675395385,0.9788602941176471,0.7940487265586853,0.2883874518436984,0.17040445942442312,0.9441844919786097,0.1958128078817734,0.12361776409405553,27396,0.3146896127842655,0.02387209811651336,2500.0,0.5856,0.11264822134387352,held-out half
48f,45,diverse_k2500,few-shot,2500,diverse,3,16800,0.732333187326617,0.7121897148478403,0.3225304640912626,0.9775233957219251,0.8698850870132446,0.19372592184920198,0.10992999740731138,0.9313168449197861,0.16878402903811252,0.12480610578486408,27396,0.3159188690842041,0.02668272740546065,2500.0,0.3348,0.048134777376654635,held-out half
48f,45,mix_k2500,few-shot,2500,mix,3,16800,0.73017958826106,0.712141479488218,0.325641690432979,0.9805314171122995,0.8460477590560913,0.2107870115575124,0.12425460202229713,0.9347426470588235,0.17429349235156857,0.12421722821853234,27396,0.29440688383527963,0.023069061176814135,2500.0,0.4812,0.07981220657276995,held-out half
48f,45,random_k5000,few-shot,5000,random,3,16800,0.7380639509417434,0.7105163171061868,0.30652061187451385,0.9748495989304813,0.8916844129562378,0.1623555310952119,0.0885403163080114,0.9283923796791443,0.15147783251231528,0.11811003463275066,27396,0.3011677934849416,0.025587677033143526,5000.0,0.3196,0.03021499128413713,held-out half
48f,45,entropy_k5000,few-shot,5000,entropy,3,16800,0.7612425171557892,0.7280347371238743,0.26490795955405755,0.9708389037433155,0.8068793416023254,0.23280132085855806,0.13741249675913922,0.9479445187165776,0.14849624060150377,0.1039827252980357,27396,0.29686539643515675,0.022777047744196234,5000.0,0.4504,0.0508100147275405,held-out half
48f,45,diverse_k5000,few-shot,5000,diverse,3,16800,0.7410205869469996,0.7184963489287725,0.3071039668135857,0.9756851604278075,0.8537020683288574,0.17886626307099615,0.11070780399274047,0.9321524064171123,0.17118226600985223,0.11713940110223486,27396,0.3079287031346036,0.025843188786684186,5000.0,0.321,0.04178757980266976,held-out half
48f,45,mix_k5000,few-shot,5000,mix,3,16800,0.7432106876916338,0.7201990926482815,0.3010111485610578,0.9751838235294118,0.8287662863731384,0.21023665382498624,0.12023593466424683,0.9395053475935828,0.1620430386310604,0.11223003019345279,27396,0.29194837123540257,0.02387209811651336,5000.0,0.4404,0.0666183924692252,held-out half
48f,46,zero_shot,zero-shot,0,none,4,17000,0.688976663284534,0.6814882583973016,0.34850547177002233,0.959367212048976,0.6350834369659424,0.14026310913470447,0.2852942777808025,0.9375880377072272,0.31229923231883266,0.1411319235778491,27596,0.37062077443146896,0.05261632120597188,,,,
48f,46,random_k100,few-shot,100,random,4,17000,0.6893752717785187,0.6815395620882473,0.34943104480862414,0.9629428973886661,0.6515116095542908,0.13192514359829535,0.27511297435618226,0.9350958933795644,0.31447705123319,0.14091836226420187,27596,0.38721573448063923,0.05167415567473547,100.0,0.45,0.20689655172413793,held-out half
48f,46,entropy_k100,few-shot,100,entropy,4,17000,0.6892303232352515,0.6790381248342457,0.3498666085914956,0.9635930219958826,0.6503095626831055,0.1380396516583287,0.27396961942614473,0.9337956441651316,0.3126803506288452,0.13943068693460964,27596,0.32206515058389673,0.04413683142484418,100.0,0.91,1.0,held-out half
48f,46,diverse_k100,few-shot,100,diverse,4,17000,0.6857515581968401,0.6737896834964743,0.3507377361572385,0.9619677104778416,0.7151373624801636,0.11858439874004076,0.23482332444057277,0.9157005092642757,0.31115587738879513,0.14714301038862293,27596,0.37861094038106946,0.05435570372517756,100.0,0.51,0.16,held-out half
48f,46,mix_k100,few-shot,100,mix,4,17000,0.6887230033338165,0.680327795689632,0.3518810910872761,0.963809730198288,0.6575230956077576,0.13285158421345192,0.273751837534709,0.9371546213024163,0.3109380954973594,0.14857378337439944,27596,0.29870928088506454,0.04218002609073779,100.0,0.68,0.4444444444444444,held-out half
48f,46,random_k250,few-shot,250,random,4,17000,0.6941948108421511,0.6811308220762489,0.3456743071813579,0.9724780582945064,0.751284122467041,0.10209375579025384,0.20406163227527632,0.9176508830859248,0.2730984918604018,0.14183645084087773,27596,0.3779963122311002,0.04591245107986665,250.0,0.412,0.12857142857142856,held-out half
48f,46,entropy_k250,few-shot,250,entropy,4,17000,0.6928902739527468,0.6820858056054272,0.34975771764577773,0.9668436450319644,0.7735746502876282,0.09301463776171948,0.1919202918277345,0.9047567450427999,0.29318887134534766,0.13859571786069544,27596,0.3368162261831592,0.043448325844325265,250.0,0.852,0.16666666666666666,held-out half
48f,46,diverse_k250,few-shot,250,diverse,4,17000,0.6929265110885635,0.6809357695258624,0.34834213535144554,0.9691190811572218,0.6745032072067261,0.1245136186770428,0.26231828823433334,0.9430057427673637,0.27984973049490935,0.1482697691785147,27596,0.3540258143822987,0.04573126540078272,250.0,0.48,0.26229508196721313,held-out half
48f,46,mix_k250,few-shot,250,mix,4,17000,0.6897014060008697,0.674255003826887,0.3482876898785866,0.9679271860439917,0.5905905961990356,0.14785992217898833,0.3097947405673218,0.9570917759237187,0.29117438884956715,0.1446068538275901,27596,0.29502151198524895,0.04370198579504276,250.0,0.708,0.2,held-out half
48f,46,random_k500,few-shot,500,random,4,17000,0.699086824177417,0.6817185365676007,0.33973975063973433,0.9755119731281829,0.6860846877098083,0.12080785621641653,0.2462024282680895,0.9495069888395276,0.24789023792671638,0.1432741839718924,27596,0.34910878918254457,0.04540513117843166,500.0,0.406,0.12903225806451613,held-out half
48f,46,entropy_k500,few-shot,500,entropy,4,17000,0.6937237280765328,0.6828629538573384,0.3515544182501225,0.9770289305450212,0.7998607754707336,0.08245321474893459,0.16774650187836881,0.9126665944305992,0.2540425763597757,0.1400934320128401,27596,0.33312845728334356,0.04246992317727207,500.0,0.844,0.2619047619047619,held-out half
48f,46,diverse_k500,few-shot,500,diverse,4,17000,0.6982896071894478,0.6831388385356013,0.34066532367833613,0.9730198288005201,0.8490711450576782,0.05966277561608301,0.12903577067566832,0.8691082457471015,0.2631894158000762,0.14204278305239876,27596,0.3736939151813153,0.046057399623133786,500.0,0.498,0.10852713178294573,held-out half
48f,46,mix_k500,few-shot,500,mix,4,17000,0.6966226989418757,0.6825118553158908,0.3461643164370883,0.9761620977353993,0.8163447380065918,0.07133592736705577,0.15440736102793054,0.9065987647632463,0.255403713181249,0.14084090789447126,27596,0.33005531653349723,0.04279605739962313,500.0,0.662,0.12790697674418605,held-out half
48f,46,random_k1000,few-shot,1000,random,4,17000,0.7038701261052327,0.6896210239543916,0.3357652311210323,0.9737783075089392,0.7533000707626343,0.09931443394478413,0.1944247835792454,0.9293531260158197,0.24919692927533077,0.1413119266028075,27596,0.3736939151813153,0.04261487172053921,1000.0,0.437,0.0948905109489051,held-out half
48f,46,entropy_k1000,few-shot,1000,entropy,4,17000,0.6981446586461806,0.6854556534298748,0.34442206130560243,0.977462346949832,0.7880626916885376,0.08560311284046693,0.17351772200141558,0.9257774406761295,0.2319377143790494,0.14248982945556726,27596,0.3239090350338045,0.038411363965792145,1000.0,0.789,0.12380952380952381,held-out half
48f,46,diverse_k1000,few-shot,1000,diverse,4,17000,0.6984345557327148,0.6825471067440793,0.3367452496324931,0.9659768122223427,0.7991730570793152,0.07763572355012044,0.16219306364675778,0.896630187452595,0.28344313170359886,0.14119922516807848,27596,0.39028887523048555,0.04533265690679809,1000.0,0.471,0.10727969348659004,held-out half
48f,46,mix_k1000,few-shot,1000,mix,4,17000,0.6998115668937527,0.6870054128350684,0.3445309522513203,0.9781124715570484,0.8595348596572876,0.05540114878636279,0.11487994773234605,0.8907790659876477,0.2365655795720586,0.14237211486112727,27596,0.3251382913337431,0.04591245107986665,1000.0,0.639,0.10857142857142857,held-out half
48f,46,random_k2500,few-shot,2500,random,4,17000,0.724199159298449,0.7015231452289679,0.3102847498230522,0.9798461371762921,0.8612350225448608,0.054474708171206226,0.10306528012195786,0.9087658467873009,0.184352371100343,0.12070978922219464,27596,0.3484941610325753,0.03942600376866213,2500.0,0.4272,0.05157593123209169,held-out half
48f,46,entropy_k2500,few-shot,2500,entropy,4,17000,0.7168430207276417,0.69447212500421,0.3152937333260739,0.9780041174558457,0.774241030216217,0.08764128219381137,0.1652964555997169,0.9285946473074006,0.21642075461425384,0.1291754241427454,27596,0.3405039950829748,0.03083780258008407,2500.0,0.6516,0.13270142180094788,held-out half
48f,46,diverse_k2500,few-shot,2500,diverse,4,17000,0.7170604435425424,0.6940648260158332,0.31670931562040616,0.9765955141402102,0.8475741744041443,0.0500277932184547,0.11302880165514237,0.90952432549572,0.19867153046224206,0.12874164997857454,27596,0.35586969883220654,0.03685316712567039,2500.0,0.4548,0.0547945205479452,held-out half
48f,46,mix_k2500,few-shot,2500,mix,4,17000,0.7137991013190318,0.6940257686893548,0.3219360810148636,0.9803879076823058,0.8062933087348938,0.07096535112099314,0.140469319976044,0.9239354209556832,0.21266401698698753,0.13022647911456206,27596,0.37553779963122313,0.0339179591245108,2500.0,0.6068,0.10084033613445378,held-out half
48f,46,random_k5000,few-shot,5000,random,4,17000,0.7286200898680968,0.6993987354538179,0.30130124680132847,0.9822299274027522,0.864808976650238,0.039466370205669815,0.08542494691566396,0.9132083649366128,0.1606685904067077,0.11628861589688529,27596,0.36263060848186845,0.03554863023626612,5000.0,0.4226,0.03776223776223776,held-out half
48f,46,entropy_k5000,few-shot,5000,entropy,4,17000,0.7557979417306856,0.7136420252361266,0.25910600533565636,0.9760537436341965,0.6942477226257324,0.09153233277746896,0.17242881254423695,0.9619677104778416,0.13137692600860237,0.09491837475568184,27596,0.3736939151813153,0.035802290186983624,5000.0,0.5596,0.13513513513513514,held-out half
48f,46,diverse_k5000,few-shot,5000,diverse,4,17000,0.7302507609798522,0.6970781091318631,0.2967822725540371,0.9797377830750894,0.8922991752624512,0.031313692792292014,0.07154135133663636,0.9064904106620436,0.15620406163227527,0.11635669985153502,27596,0.34603564843269824,0.03812146687925786,5000.0,0.4334,0.03125,held-out half
48f,46,mix_k5000,few-shot,5000,mix,4,17000,0.7315915350050732,0.7049951078117694,0.2972722818097675,0.9797377830750894,0.8180864453315735,0.05743931813970724,0.11482550225948712,0.9261025029797377,0.16905319322698317,0.11408055019255114,27596,0.36263060848186845,0.03721553848383824,5000.0,0.5368,0.05647263249348393,held-out half
