trial,is_default,max_depth,learning_rate,subsample,colsample_bytree,min_child_weight,reg_lambda,class_weight_power,best_iteration,val_macro_f1,val_attack_auc,seconds,reg_alpha
0,True,8,0.08,0.9,0.9,3,1.5,0.5,267,0.9258,0.9841,3.2,
1,False,3,0.08241,0.9434,0.8487,10,0.7077,0.7611,998,0.9243,0.9833,6.3,1.0
2,False,10,0.18331,0.7802,0.6854,5,15.26522,0.6439,97,0.925,0.9838,1.9,0.0
3,False,6,0.08328,0.6909,0.7773,20,0.63272,0.6317,444,0.9235,0.9833,4.0,5.0
4,False,9,0.17187,0.9883,0.9466,10,8.83054,0.1946,146,0.9236,0.9837,1.9,0.1
5,False,5,0.03318,0.6617,0.8415,5,7.80052,0.3258,998,0.9254,0.9835,6.8,0.1
6,False,10,0.0704,0.6758,0.565,1,2.8912,0.2269,160,0.9256,0.9841,3.0,0.1
7,False,7,0.08209,0.9331,0.8501,10,1.58271,0.8048,374,0.9248,0.9839,4.5,5.0
8,False,9,0.07321,0.873,0.5699,20,1.04529,0.0074,257,0.9255,0.9839,3.2,0.1
9,False,9,0.13867,0.8821,0.8904,10,2.71757,0.1398,178,0.9241,0.9837,2.4,1.0
10,False,7,0.03905,0.7884,0.7826,5,8.40512,0.6347,765,0.9257,0.984,7.5,1.0
11,False,7,0.10872,0.7216,0.5154,5,2.5039,0.4085,214,0.9241,0.9837,2.5,5.0
12,False,4,0.21405,0.6233,0.6407,1,1.47681,0.6619,295,0.9246,0.9833,2.3,0.0
13,False,4,0.1824,0.8657,0.7032,5,10.07116,0.0227,481,0.924,0.9836,3.5,0.1
14,False,4,0.03691,0.7848,0.5806,10,3.17449,0.1523,996,0.9244,0.9832,6.8,1.0
15,False,6,0.08381,0.7524,0.6508,10,5.11353,0.0876,539,0.9262,0.9839,5.2,1.0
16,False,5,0.03937,0.9634,0.8499,3,1.33324,0.9692,999,0.9249,0.9838,7.5,5.0
17,False,5,0.15632,0.7797,0.6361,10,0.7135,0.4558,269,0.9241,0.9837,1.6,0.1
18,False,10,0.04781,0.8317,0.5884,10,11.78467,0.7585,487,0.9263,0.9842,5.7,0.1
19,False,6,0.08114,0.8509,0.792,10,5.49621,0.4158,544,0.925,0.9839,4.7,1.0
20,False,3,0.03302,0.7319,0.5723,1,0.7322,0.5876,999,0.9189,0.982,5.9,0.1
21,False,9,0.25249,0.8324,0.6734,1,4.42234,0.9586,44,0.9246,0.9837,1.2,0.1
22,False,3,0.09108,0.6331,0.7433,5,3.05571,0.9378,902,0.9227,0.9827,5.8,5.0
23,False,4,0.08925,0.7068,0.6658,5,3.41286,0.0216,647,0.9248,0.9833,4.5,5.0
24,False,6,0.2011,0.6561,0.777,1,0.7463,0.6722,129,0.9251,0.9834,1.2,5.0
25,False,3,0.13694,0.8908,0.8843,3,0.74401,0.2302,705,0.9251,0.9834,3.3,1.0
26,False,10,0.0327,0.7484,0.9149,1,9.8591,0.3171,512,0.9256,0.9842,7.3,1.0
27,False,4,0.05862,0.806,0.628,20,15.79676,0.0449,999,0.9237,0.9832,5.9,0.0
28,False,4,0.0817,0.9567,0.8743,20,13.3682,0.8934,830,0.9243,0.9832,5.8,5.0
29,False,3,0.06209,0.9088,0.8308,5,1.98423,0.7468,999,0.9248,0.9828,6.2,5.0
30,False,3,0.0549,0.6964,0.5614,1,10.72661,0.1533,998,0.9223,0.9823,6.7,5.0
31,False,8,0.11926,0.9498,0.5982,1,1.57082,0.9718,173,0.9256,0.9841,2.5,5.0
32,False,9,0.09503,0.6056,0.6148,5,0.81312,0.6777,138,0.925,0.984,2.0,0.0
33,False,10,0.09626,0.8777,0.7906,1,1.04477,0.7154,169,0.9252,0.984,3.6,5.0
34,False,9,0.16448,0.6495,0.9638,20,2.16728,0.3009,82,0.9249,0.9834,1.5,0.0
35,False,4,0.13803,0.9822,0.6432,5,15.15544,0.5552,589,0.9253,0.9837,4.8,0.1
36,False,3,0.12915,0.6561,0.7096,20,17.65759,0.596,760,0.9219,0.9826,6.4,0.0
37,False,4,0.1912,0.787,0.8924,20,0.53401,0.8294,358,0.9236,0.9832,3.1,1.0
38,False,3,0.18791,0.8123,0.803,5,12.27835,0.6031,674,0.9246,0.9833,4.7,0.0
39,False,5,0.07101,0.7704,0.826,5,12.2671,0.2478,901,0.9247,0.9838,7.2,0.1
40,False,6,0.05173,0.9266,0.5526,20,0.63915,0.5944,781,0.9246,0.9837,8.9,1.0
