pool,pool_label,k,check,condition,method,access,metric,mean,std,n_runs
base,40f,1000,twins,twin_share_vs_adaptation_rows,n/a,n/a,twin_exact_twin,0.0389,0.0037,5
base,40f,1000,twins,twin_share_vs_random_training_subset,n/a,n/a,twin_exact_twin,0.0242,0.0067,5
base,40f,1000,twins,twin_share_vs_whole_training_set,n/a,n/a,twin_exact_twin,0.106,0.0003,5
base,40f,1000,blocks,within_E,retrain_split_f0.5,few-shot,twin_exact_twin,0.0406,0.0112,5
base,40f,1000,blocks,block_disjoint,retrain_split_f0.5,few-shot,twin_exact_twin,0.0298,0.0042,5
base,40f,5000,twins,twin_share_vs_adaptation_rows,n/a,n/a,twin_exact_twin,0.0862,0.0008,5
base,40f,5000,twins,twin_share_vs_random_training_subset,n/a,n/a,twin_exact_twin,0.053,0.0032,5
base,40f,5000,twins,twin_share_vs_whole_training_set,n/a,n/a,twin_exact_twin,0.1056,0.0004,5
base,40f,5000,blocks,within_E,retrain_split_f0.5,few-shot,twin_exact_twin,0.0901,0.0194,5
base,40f,5000,blocks,block_disjoint,retrain_split_f0.5,few-shot,twin_exact_twin,0.0616,0.0058,5
base,40f,1000,twins,twin_share_vs_adaptation_rows,n/a,n/a,twin_near_twin_0.1,0.2409,0.0035,5
base,40f,1000,twins,twin_share_vs_random_training_subset,n/a,n/a,twin_near_twin_0.1,0.213,0.0061,5
base,40f,1000,twins,twin_share_vs_whole_training_set,n/a,n/a,twin_near_twin_0.1,0.5061,0.0007,5
base,40f,1000,blocks,within_E,retrain_split_f0.5,few-shot,twin_near_twin_0.1,0.2555,0.0308,5
base,40f,1000,blocks,block_disjoint,retrain_split_f0.5,few-shot,twin_near_twin_0.1,0.2292,0.0158,5
base,40f,5000,twins,twin_share_vs_adaptation_rows,n/a,n/a,twin_near_twin_0.1,0.3633,0.0018,5
base,40f,5000,twins,twin_share_vs_random_training_subset,n/a,n/a,twin_near_twin_0.1,0.3161,0.0039,5
base,40f,5000,twins,twin_share_vs_whole_training_set,n/a,n/a,twin_near_twin_0.1,0.506,0.0005,5
base,40f,5000,blocks,within_E,retrain_split_f0.5,few-shot,twin_near_twin_0.1,0.3858,0.0351,5
base,40f,5000,blocks,block_disjoint,retrain_split_f0.5,few-shot,twin_near_twin_0.1,0.3381,0.0225,5
base,40f,1000,twins,twin_share_vs_adaptation_rows,n/a,n/a,twin_near_twin_0.25,0.4346,0.0057,5
base,40f,1000,twins,twin_share_vs_random_training_subset,n/a,n/a,twin_near_twin_0.25,0.3905,0.0038,5
base,40f,1000,twins,twin_share_vs_whole_training_set,n/a,n/a,twin_near_twin_0.25,0.8145,0.0004,5
base,40f,1000,blocks,within_E,retrain_split_f0.5,few-shot,twin_near_twin_0.25,0.4546,0.0336,5
base,40f,1000,blocks,block_disjoint,retrain_split_f0.5,few-shot,twin_near_twin_0.25,0.4214,0.027,5
base,40f,5000,twins,twin_share_vs_adaptation_rows,n/a,n/a,twin_near_twin_0.25,0.6247,0.003,5
base,40f,5000,twins,twin_share_vs_random_training_subset,n/a,n/a,twin_near_twin_0.25,0.5664,0.0027,5
base,40f,5000,twins,twin_share_vs_whole_training_set,n/a,n/a,twin_near_twin_0.25,0.8146,0.0005,5
base,40f,5000,blocks,within_E,retrain_split_f0.5,few-shot,twin_near_twin_0.25,0.6434,0.0223,5
base,40f,5000,blocks,block_disjoint,retrain_split_f0.5,few-shot,twin_near_twin_0.25,0.5908,0.036,5
base,40f,1000,twins,all_eval,retrain_split_f0.5,few-shot,n_eval,53596.0,0.0,5
base,40f,1000,twins,all_eval,zero_shot,zero-shot,n_eval,53596.0,0.0,5
base,40f,1000,twins,no_near_twin_0.1,retrain_split_f0.5,few-shot,n_eval,40686.2,185.6036,5
base,40f,1000,twins,no_near_twin_0.1,zero_shot,zero-shot,n_eval,40686.2,185.6036,5
base,40f,1000,twins,has_near_twin_0.1,retrain_split_f0.5,few-shot,n_eval,12909.8,185.6036,5
base,40f,1000,twins,has_near_twin_0.1,zero_shot,zero-shot,n_eval,12909.8,185.6036,5
base,40f,1000,blocks,zero_shot_E,zero_shot,zero-shot,n_eval,27117.6,389.2619,5
base,40f,1000,blocks,within_E,retrain_split_f0.5,few-shot,n_eval,26117.6,389.2619,5
base,40f,1000,blocks,block_disjoint,retrain_split_f0.5,few-shot,n_eval,27117.6,389.2619,5
base,40f,5000,twins,all_eval,retrain_split_f0.5,few-shot,n_eval,49596.0,0.0,5
base,40f,5000,twins,all_eval,zero_shot,zero-shot,n_eval,49596.0,0.0,5
base,40f,5000,twins,no_near_twin_0.1,retrain_split_f0.5,few-shot,n_eval,31577.0,87.2382,5
base,40f,5000,twins,no_near_twin_0.1,zero_shot,zero-shot,n_eval,31577.0,87.2382,5
base,40f,5000,twins,has_near_twin_0.1,retrain_split_f0.5,few-shot,n_eval,18019.0,87.2382,5
base,40f,5000,twins,has_near_twin_0.1,zero_shot,zero-shot,n_eval,18019.0,87.2382,5
base,40f,5000,blocks,zero_shot_E,zero_shot,zero-shot,n_eval,27117.6,389.2619,5
base,40f,5000,blocks,within_E,retrain_split_f0.5,few-shot,n_eval,22117.6,389.2619,5
base,40f,5000,blocks,block_disjoint,retrain_split_f0.5,few-shot,n_eval,27117.6,389.2619,5
base,40f,1000,twins,all_eval,retrain_split_f0.5,few-shot,det95_test_fpr,0.2666,0.0378,5
base,40f,1000,twins,all_eval,zero_shot,zero-shot,det95_test_fpr,0.2498,0.0024,5
base,40f,1000,twins,no_near_twin_0.1,retrain_split_f0.5,few-shot,det95_test_fpr,0.3563,0.0525,5
base,40f,1000,twins,no_near_twin_0.1,zero_shot,zero-shot,det95_test_fpr,0.3258,0.0046,5
base,40f,1000,twins,has_near_twin_0.1,retrain_split_f0.5,few-shot,det95_test_fpr,0.0658,0.0105,5
base,40f,1000,twins,has_near_twin_0.1,zero_shot,zero-shot,det95_test_fpr,0.0796,0.0076,5
base,40f,1000,blocks,zero_shot_E,zero_shot,zero-shot,det95_test_fpr,0.2508,0.0411,5
base,40f,1000,blocks,within_E,retrain_split_f0.5,few-shot,det95_test_fpr,0.2519,0.0649,5
base,40f,1000,blocks,block_disjoint,retrain_split_f0.5,few-shot,det95_test_fpr,0.3045,0.0812,5
base,40f,5000,twins,all_eval,retrain_split_f0.5,few-shot,det95_test_fpr,0.2318,0.0108,5
base,40f,5000,twins,all_eval,zero_shot,zero-shot,det95_test_fpr,0.2497,0.0033,5
base,40f,5000,twins,no_near_twin_0.1,retrain_split_f0.5,few-shot,det95_test_fpr,0.3493,0.0185,5
base,40f,5000,twins,no_near_twin_0.1,zero_shot,zero-shot,det95_test_fpr,0.3671,0.0056,5
base,40f,5000,twins,has_near_twin_0.1,retrain_split_f0.5,few-shot,det95_test_fpr,0.0824,0.004,5
base,40f,5000,twins,has_near_twin_0.1,zero_shot,zero-shot,det95_test_fpr,0.1002,0.002,5
base,40f,5000,blocks,zero_shot_E,zero_shot,zero-shot,det95_test_fpr,0.2508,0.0411,5
base,40f,5000,blocks,within_E,retrain_split_f0.5,few-shot,det95_test_fpr,0.2025,0.0481,5
base,40f,5000,blocks,block_disjoint,retrain_split_f0.5,few-shot,det95_test_fpr,0.2427,0.0468,5
base,40f,1000,twins,all_eval,retrain_split_f0.5,few-shot,det95_test_detection,0.9541,0.0143,5
base,40f,1000,twins,all_eval,zero_shot,zero-shot,det95_test_detection,0.9464,0.0017,5
base,40f,1000,twins,no_near_twin_0.1,retrain_split_f0.5,few-shot,det95_test_detection,0.951,0.0157,5
base,40f,1000,twins,no_near_twin_0.1,zero_shot,zero-shot,det95_test_detection,0.9402,0.0013,5
base,40f,1000,twins,has_near_twin_0.1,retrain_split_f0.5,few-shot,det95_test_detection,0.9743,0.0095,5
base,40f,1000,twins,has_near_twin_0.1,zero_shot,zero-shot,det95_test_detection,0.9878,0.0022,5
base,40f,1000,blocks,zero_shot_E,zero_shot,zero-shot,det95_test_detection,0.9456,0.0103,5
base,40f,1000,blocks,within_E,retrain_split_f0.5,few-shot,det95_test_detection,0.9457,0.0293,5
base,40f,1000,blocks,block_disjoint,retrain_split_f0.5,few-shot,det95_test_detection,0.9622,0.0232,5
base,40f,5000,twins,all_eval,retrain_split_f0.5,few-shot,det95_test_detection,0.9513,0.0032,5
base,40f,5000,twins,all_eval,zero_shot,zero-shot,det95_test_detection,0.9466,0.0012,5
base,40f,5000,twins,no_near_twin_0.1,retrain_split_f0.5,few-shot,det95_test_detection,0.9457,0.005,5
base,40f,5000,twins,no_near_twin_0.1,zero_shot,zero-shot,det95_test_detection,0.9356,0.0014,5
base,40f,5000,twins,has_near_twin_0.1,retrain_split_f0.5,few-shot,det95_test_detection,0.9696,0.0069,5
base,40f,5000,twins,has_near_twin_0.1,zero_shot,zero-shot,det95_test_detection,0.9817,0.002,5
base,40f,5000,blocks,zero_shot_E,zero_shot,zero-shot,det95_test_detection,0.9456,0.0103,5
base,40f,5000,blocks,within_E,retrain_split_f0.5,few-shot,det95_test_detection,0.9398,0.0114,5
base,40f,5000,blocks,block_disjoint,retrain_split_f0.5,few-shot,det95_test_detection,0.9449,0.0191,5
base,40f,1000,twins,all_eval,retrain_split_f0.5,few-shot,accuracy,0.7515,0.0013,5
base,40f,1000,twins,all_eval,zero_shot,zero-shot,accuracy,0.7425,0.0009,5
base,40f,1000,twins,no_near_twin_0.1,retrain_split_f0.5,few-shot,accuracy,0.7038,0.0012,5
base,40f,1000,twins,no_near_twin_0.1,zero_shot,zero-shot,accuracy,0.6944,0.0023,5
base,40f,1000,twins,has_near_twin_0.1,retrain_split_f0.5,few-shot,accuracy,0.9019,0.0055,5
base,40f,1000,twins,has_near_twin_0.1,zero_shot,zero-shot,accuracy,0.8942,0.0079,5
base,40f,1000,blocks,zero_shot_E,zero_shot,zero-shot,accuracy,0.7388,0.0298,5
base,40f,1000,blocks,within_E,retrain_split_f0.5,few-shot,accuracy,0.7497,0.0253,5
base,40f,1000,blocks,block_disjoint,retrain_split_f0.5,few-shot,accuracy,0.7472,0.0285,5
base,40f,5000,twins,all_eval,retrain_split_f0.5,few-shot,accuracy,0.7801,0.0021,5
base,40f,5000,twins,all_eval,zero_shot,zero-shot,accuracy,0.7424,0.001,5
base,40f,5000,twins,no_near_twin_0.1,retrain_split_f0.5,few-shot,accuracy,0.7236,0.0035,5
base,40f,5000,twins,no_near_twin_0.1,zero_shot,zero-shot,accuracy,0.6724,0.0026,5
base,40f,5000,twins,has_near_twin_0.1,retrain_split_f0.5,few-shot,accuracy,0.8791,0.003,5
base,40f,5000,twins,has_near_twin_0.1,zero_shot,zero-shot,accuracy,0.8651,0.0018,5
base,40f,5000,blocks,zero_shot_E,zero_shot,zero-shot,accuracy,0.7388,0.0298,5
base,40f,5000,blocks,within_E,retrain_split_f0.5,few-shot,accuracy,0.7809,0.0175,5
base,40f,5000,blocks,block_disjoint,retrain_split_f0.5,few-shot,accuracy,0.7666,0.0296,5
base,40f,1000,twins,all_eval,retrain_split_f0.5,few-shot,ece,0.0858,0.0013,5
base,40f,1000,twins,all_eval,zero_shot,zero-shot,ece,0.0878,0.001,5
base,40f,1000,twins,no_near_twin_0.1,retrain_split_f0.5,few-shot,ece,0.0988,0.0017,5
base,40f,1000,twins,no_near_twin_0.1,zero_shot,zero-shot,ece,0.1022,0.0025,5
base,40f,1000,twins,has_near_twin_0.1,retrain_split_f0.5,few-shot,ece,0.0446,0.0052,5
base,40f,1000,twins,has_near_twin_0.1,zero_shot,zero-shot,ece,0.0449,0.0046,5
base,40f,1000,blocks,zero_shot_E,zero_shot,zero-shot,ece,0.0879,0.0132,5
base,40f,1000,blocks,within_E,retrain_split_f0.5,few-shot,ece,0.0851,0.0104,5
base,40f,1000,blocks,block_disjoint,retrain_split_f0.5,few-shot,ece,0.0862,0.0134,5
base,40f,5000,twins,all_eval,retrain_split_f0.5,few-shot,ece,0.06,0.0019,5
base,40f,5000,twins,all_eval,zero_shot,zero-shot,ece,0.0877,0.0011,5
base,40f,5000,twins,no_near_twin_0.1,retrain_split_f0.5,few-shot,ece,0.0671,0.0031,5
base,40f,5000,twins,no_near_twin_0.1,zero_shot,zero-shot,ece,0.108,0.0029,5
base,40f,5000,twins,has_near_twin_0.1,retrain_split_f0.5,few-shot,ece,0.0482,0.0051,5
base,40f,5000,twins,has_near_twin_0.1,zero_shot,zero-shot,ece,0.053,0.0026,5
base,40f,5000,blocks,zero_shot_E,zero_shot,zero-shot,ece,0.0879,0.0132,5
base,40f,5000,blocks,within_E,retrain_split_f0.5,few-shot,ece,0.0571,0.0057,5
base,40f,5000,blocks,block_disjoint,retrain_split_f0.5,few-shot,ece,0.0703,0.0137,5
