pool,method,access,metric,mean,std,min,max,n_seeds
full_no_ct_window,flat_default,zero-shot,accuracy,0.739,0.0013,0.738,0.7411,5
full_no_ct_window,flat_default,zero-shot,precision,0.7174,0.001,0.716,0.7187,5
full_no_ct_window,flat_default,zero-shot,recall,0.7691,0.0012,0.7675,0.7703,5
full_no_ct_window,flat_default,zero-shot,f1,0.7152,0.001,0.7139,0.7167,5
full_no_ct_window,flat_default,zero-shot,precision_Exploits,0.7779,0.0018,0.7755,0.7797,5
full_no_ct_window,flat_default,zero-shot,recall_Exploits,0.824,0.002,0.8224,0.8264,5
full_no_ct_window,flat_default,zero-shot,f1_Exploits,0.8003,0.0003,0.7998,0.8006,5
full_no_ct_window,flat_default,zero-shot,precision_Fuzzers,0.2899,0.0021,0.2866,0.2922,5
full_no_ct_window,flat_default,zero-shot,recall_Fuzzers,0.7627,0.0014,0.7611,0.7647,5
full_no_ct_window,flat_default,zero-shot,f1_Fuzzers,0.4202,0.0022,0.4165,0.4226,5
full_no_ct_window,flat_default,zero-shot,precision_Generic,0.9807,0.0021,0.979,0.9842,5
full_no_ct_window,flat_default,zero-shot,recall_Generic,0.8582,0.0019,0.8552,0.8602,5
full_no_ct_window,flat_default,zero-shot,f1_Generic,0.9154,0.0006,0.9146,0.9161,5
full_no_ct_window,flat_default,zero-shot,precision_Normal,0.9706,0.0002,0.9704,0.9708,5
full_no_ct_window,flat_default,zero-shot,recall_Normal,0.7055,0.0017,0.7041,0.7084,5
full_no_ct_window,flat_default,zero-shot,f1_Normal,0.8171,0.0012,0.8161,0.8191,5
full_no_ct_window,flat_default,zero-shot,precision_Overlap-Group-1,0.4119,0.005,0.4054,0.4163,5
full_no_ct_window,flat_default,zero-shot,recall_Overlap-Group-1,0.6838,0.0039,0.6782,0.6871,5
full_no_ct_window,flat_default,zero-shot,f1_Overlap-Group-1,0.5141,0.0042,0.5083,0.5185,5
full_no_ct_window,flat_default,zero-shot,precision_Reconnaissance,0.8729,0.0047,0.8672,0.8778,5
full_no_ct_window,flat_default,zero-shot,recall_Reconnaissance,0.7804,0.0015,0.7789,0.7829,5
full_no_ct_window,flat_default,zero-shot,f1_Reconnaissance,0.824,0.0015,0.8224,0.8261,5
full_no_ct_window,flat_default,zero-shot,detection_rate,0.9652,0.0001,0.965,0.9653,5
full_no_ct_window,flat_default,zero-shot,false_positive_rate,0.2945,0.0017,0.2916,0.2959,5
full_no_ct_window,flat_default,zero-shot,fpr_at_90_detection,0.1439,0.002,0.1413,0.1464,5
full_no_ct_window,flat_default,zero-shot,fpr_at_95_detection,0.2446,0.0037,0.2383,0.2474,5
full_no_ct_window,flat_default,zero-shot,fpr_at_99_detection,0.3748,0.0015,0.3723,0.3761,5
full_no_ct_window,flat_default,zero-shot,roc_auc_Exploits,0.9762,0.0001,0.9761,0.9763,5
full_no_ct_window,flat_default,zero-shot,pr_auc_Exploits,0.8904,0.0006,0.8896,0.8911,5
full_no_ct_window,flat_default,zero-shot,roc_auc_Fuzzers,0.8929,0.0004,0.8924,0.8933,5
full_no_ct_window,flat_default,zero-shot,pr_auc_Fuzzers,0.4307,0.003,0.4281,0.4352,5
full_no_ct_window,flat_default,zero-shot,roc_auc_Generic,0.9934,0.0003,0.9931,0.9939,5
full_no_ct_window,flat_default,zero-shot,pr_auc_Generic,0.9606,0.001,0.9595,0.962,5
full_no_ct_window,flat_default,zero-shot,roc_auc_Normal,0.9644,0.0002,0.9641,0.9645,5
full_no_ct_window,flat_default,zero-shot,pr_auc_Normal,0.9771,0.0001,0.9769,0.9772,5
full_no_ct_window,flat_default,zero-shot,roc_auc_Overlap-Group-1,0.9532,0.0007,0.9522,0.9539,5
full_no_ct_window,flat_default,zero-shot,pr_auc_Overlap-Group-1,0.479,0.008,0.4685,0.4893,5
full_no_ct_window,flat_default,zero-shot,roc_auc_Reconnaissance,0.9895,0.0002,0.9893,0.9897,5
full_no_ct_window,flat_default,zero-shot,pr_auc_Reconnaissance,0.8923,0.0009,0.8915,0.8935,5
full_no_ct_window,flat_default,zero-shot,roc_auc_macro,0.9616,0.0002,0.9614,0.9618,5
full_no_ct_window,flat_default,zero-shot,pr_auc_macro,0.7717,0.0016,0.7696,0.7735,5
full_no_ct_window,flat_default,zero-shot,roc_auc_attack_vs_normal,0.9644,0.0002,0.9641,0.9645,5
full_no_ct_window,flat_default,zero-shot,ece,0.09,0.0012,0.0881,0.0911,5
full_no_ct_window,flat_default,zero-shot,brier,0.3208,0.0008,0.32,0.322,5
full_no_ct_window,flat_default,zero-shot,recall_Analysis_as_Overlap-Group-1,0.8681,0.001,0.8676,0.8699,5
full_no_ct_window,flat_default,zero-shot,recall_Backdoor_as_Overlap-Group-1,0.9501,0.0024,0.9478,0.9536,5
full_no_ct_window,flat_default,zero-shot,recall_DoS_as_Overlap-Group-1,0.5819,0.0056,0.5738,0.5874,5
full_no_ct_window,flat_default,zero-shot,fine_recall_Analysis,0.8681,0.001,0.8676,0.8699,5
full_no_ct_window,flat_default,zero-shot,fine_recall_Backdoor,0.9501,0.0024,0.9478,0.9536,5
full_no_ct_window,flat_default,zero-shot,fine_recall_DoS,0.5819,0.0056,0.5738,0.5874,5
full_no_ct_window,flat_default,zero-shot,fine_recall_Exploits,0.824,0.002,0.8224,0.8264,5
full_no_ct_window,flat_default,zero-shot,fine_recall_Fuzzers,0.7627,0.0014,0.7611,0.7647,5
full_no_ct_window,flat_default,zero-shot,fine_recall_Generic,0.8582,0.0019,0.8552,0.8602,5
full_no_ct_window,flat_default,zero-shot,fine_recall_Reconnaissance,0.7804,0.0015,0.7789,0.7829,5
full_no_ct_window,flat_default,zero-shot,fine_recall_Normal,0.7055,0.0017,0.7041,0.7084,5
full_no_ct_window,flat_default,zero-shot,fine_recall_macro,0.7914,0.0013,0.7898,0.7926,5
full_no_ct_window,flat_default,zero-shot,group_size_share,0.1193,0.0,0.1193,0.1193,5
full_no_ct_window,flat_default,zero-shot,open_set_threshold,0.5018,0.0016,0.499,0.5027,5
full_no_ct_window,flat_default,zero-shot,target_false_unknown_rate,0.05,0.0,0.05,0.05,5
full_no_ct_window,flat_default,zero-shot,false_unknown_alarm_rate_val,0.05,0.0001,0.0499,0.05,5
full_no_ct_window,flat_default,zero-shot,unknown_detection_rate,0.195,0.0038,0.1905,0.2004,5
full_no_ct_window,flat_default,zero-shot,false_unknown_alarm_rate,0.072,0.0031,0.0672,0.0746,5
full_no_ct_window,flat_default,zero-shot,n_zero_day_samples,1627.0,0.0,1627.0,1627.0,5
full_no_ct_window,flat_default,zero-shot,unknown_auroc,0.7629,0.0025,0.7592,0.7653,5
full_no_ct_window,flat_default,zero-shot,val_macro_f1,0.7968,0.0022,0.7939,0.799,5
full_no_ct_window,flat_default,zero-shot,n_features_used,41.0,0.0,41.0,41.0,5
full_no_ct_window,flat_default,zero-shot,det95_threshold,0.6064,0.005,0.5979,0.61,5
full_no_ct_window,flat_default,zero-shot,det95_val_fpr,0.1056,0.0028,0.1017,0.1082,5
full_no_ct_window,flat_default,zero-shot,det95_val_detection,0.9501,0.0,0.9501,0.9501,5
full_no_ct_window,flat_default,zero-shot,det95_test_fpr,0.2475,0.0007,0.2468,0.2483,5
full_no_ct_window,flat_default,zero-shot,det95_test_detection,0.9511,0.0012,0.9502,0.9532,5
full_no_ct_window,flat_default,zero-shot,det95_fpr_gap,0.1419,0.003,0.1393,0.1465,5
full_no_ct_window,flat_default,zero-shot,normal_to_Exploits,0.017,0.0008,0.0159,0.0179,5
full_no_ct_window,flat_default,zero-shot,normal_to_Fuzzers,0.2484,0.0024,0.2459,0.2522,5
full_no_ct_window,flat_default,zero-shot,normal_to_Generic,0.0007,0.0001,0.0006,0.0008,5
full_no_ct_window,flat_default,zero-shot,normal_to_Normal,0.7055,0.0017,0.7041,0.7084,5
full_no_ct_window,flat_default,zero-shot,normal_to_Overlap-Group-1,0.0281,0.0014,0.0262,0.0295,5
full_no_ct_window,flat_default,zero-shot,normal_to_Reconnaissance,0.0002,0.0001,0.0001,0.0003,5
