pool,pool_label,method,access,seed,model_type,feature_set,feature_pool,label_scheme,n_features,open_set,n_train,n_val,n_test,accuracy,precision,recall,f1,precision_Exploits,recall_Exploits,f1_Exploits,precision_Fuzzers,recall_Fuzzers,f1_Fuzzers,precision_Generic,recall_Generic,f1_Generic,precision_Normal,recall_Normal,f1_Normal,precision_Overlap-Group-1,recall_Overlap-Group-1,f1_Overlap-Group-1,precision_Reconnaissance,recall_Reconnaissance,f1_Reconnaissance,detection_rate,false_positive_rate,fpr_at_90_detection,fpr_at_95_detection,fpr_at_99_detection,roc_auc_Exploits,pr_auc_Exploits,roc_auc_Fuzzers,pr_auc_Fuzzers,roc_auc_Generic,pr_auc_Generic,roc_auc_Normal,pr_auc_Normal,roc_auc_Overlap-Group-1,pr_auc_Overlap-Group-1,roc_auc_Reconnaissance,pr_auc_Reconnaissance,roc_auc_macro,pr_auc_macro,roc_auc_attack_vs_normal,ece,brier,recall_Analysis_as_Overlap-Group-1,recall_Backdoor_as_Overlap-Group-1,recall_DoS_as_Overlap-Group-1,fine_recall_Analysis,fine_recall_Backdoor,fine_recall_DoS,fine_recall_Exploits,fine_recall_Fuzzers,fine_recall_Generic,fine_recall_Reconnaissance,fine_recall_Normal,fine_recall_macro,group_size_share,open_set_threshold,target_false_unknown_rate,false_unknown_alarm_rate_val,unknown_detection_rate,false_unknown_alarm_rate,n_zero_day_samples,unknown_auroc,val_macro_f1,n_features_used,det95_threshold,det95_val_fpr,det95_val_detection,det95_test_fpr,det95_test_detection,det95_fpr_gap,normal_to_Exploits,normal_to_Fuzzers,normal_to_Generic,normal_to_Normal,normal_to_Overlap-Group-1,normal_to_Reconnaissance
full,48f,domain_weights_clip5,transductive,42,xgboost,48,full,current,48,True,90543,15979,54596,0.7445,0.7127,0.7589,0.7135,0.7519,0.8561,0.8006,0.2794,0.678,0.3958,0.9804,0.8637,0.9183,0.9646,0.7209,0.8251,0.4295,0.6552,0.5189,0.8703,0.7797,0.8225,0.9569,0.2791,0.1504,0.254,0.3909,0.9784,0.8931,0.8742,0.3225,0.9947,0.9648,0.9622,0.9757,0.9543,0.413,0.99,0.8945,0.959,0.7439,0.9622,0.113,0.3479,0.8333,0.8783,0.5638,0.8333,0.8783,0.5638,0.8561,0.678,0.8637,0.7797,0.7209,0.7717,0.1193,0.5166,0.05,0.05,0.3983,0.052,1627,0.8422,0.8104,48,0.6027,0.0755,0.9501,0.2417,0.9445,0.1662,0.0178,0.2388,0.0002,0.7209,0.0221,0.0001
full,48f,domain_weights_clip5,transductive,43,xgboost,48,full,current,48,True,90543,15979,54596,0.7425,0.7118,0.759,0.7126,0.7465,0.858,0.7984,0.2784,0.6807,0.3952,0.9817,0.8637,0.9189,0.966,0.7168,0.8229,0.4294,0.6577,0.5195,0.8691,0.7772,0.8206,0.9589,0.2832,0.1525,0.2572,0.3877,0.9785,0.8926,0.8752,0.3343,0.9943,0.9625,0.9626,0.9759,0.9547,0.4166,0.9901,0.8956,0.9592,0.7462,0.9626,0.115,0.348,0.8265,0.8899,0.5667,0.8265,0.8899,0.5667,0.858,0.6807,0.8637,0.7772,0.7168,0.7724,0.1193,0.5192,0.05,0.0499,0.4167,0.0531,1627,0.8356,0.8095,48,0.6009,0.0737,0.9501,0.244,0.9455,0.1702,0.0192,0.2418,0.0001,0.7168,0.0218,0.0002
full,48f,domain_weights_clip5,transductive,44,xgboost,48,full,current,48,True,90543,15979,54596,0.7418,0.7136,0.7603,0.7141,0.7468,0.8628,0.8007,0.2754,0.6726,0.3908,0.9826,0.8616,0.9182,0.9643,0.7148,0.821,0.435,0.6686,0.5271,0.8777,0.7817,0.8269,0.9568,0.2852,0.1524,0.2641,0.3864,0.9785,0.8932,0.8741,0.3232,0.9946,0.9645,0.9618,0.9754,0.9544,0.4083,0.9904,0.8976,0.959,0.7437,0.9618,0.1169,0.349,0.8562,0.9275,0.5673,0.8562,0.9275,0.5673,0.8628,0.6726,0.8616,0.7817,0.7148,0.7806,0.1193,0.5216,0.05,0.05,0.3872,0.055,1627,0.8329,0.8031,48,0.5922,0.0772,0.9501,0.2507,0.9452,0.1735,0.0196,0.2438,0.0002,0.7148,0.0213,0.0003
full,48f,domain_weights_clip5,transductive,45,xgboost,48,full,current,48,True,90543,15979,54596,0.7445,0.714,0.7631,0.7156,0.7463,0.8568,0.7977,0.2808,0.6819,0.3978,0.9807,0.8625,0.9178,0.9669,0.7184,0.8243,0.4343,0.6722,0.5277,0.8748,0.787,0.8286,0.9599,0.2816,0.1437,0.2551,0.3816,0.9782,0.8919,0.8769,0.3318,0.994,0.9618,0.9632,0.9764,0.9556,0.4196,0.9902,0.8957,0.9597,0.7462,0.9632,0.1148,0.3472,0.863,0.9188,0.5726,0.863,0.9188,0.5726,0.8568,0.6819,0.8625,0.787,0.7184,0.7826,0.1193,0.5164,0.05,0.05,0.397,0.0506,1627,0.8352,0.8122,48,0.6179,0.0731,0.9501,0.2356,0.9433,0.1625,0.0197,0.2402,0.0002,0.7184,0.0213,0.0002
full,48f,domain_weights_clip5,transductive,46,xgboost,48,full,current,48,True,90543,15979,54596,0.7442,0.713,0.7579,0.7136,0.7438,0.8617,0.7984,0.2761,0.6653,0.3902,0.9784,0.8625,0.9168,0.9644,0.7208,0.825,0.4371,0.6556,0.5245,0.878,0.7813,0.8268,0.9567,0.2792,0.1464,0.2574,0.3851,0.9782,0.8918,0.8732,0.3191,0.9945,0.9642,0.9631,0.9762,0.9548,0.4197,0.99,0.8952,0.959,0.7444,0.9631,0.1142,0.3474,0.8265,0.8812,0.5655,0.8265,0.8812,0.5655,0.8617,0.6653,0.8625,0.7813,0.7208,0.7706,0.1193,0.5228,0.05,0.0499,0.4001,0.0556,1627,0.8392,0.8092,48,0.6229,0.0739,0.9501,0.2321,0.9411,0.1582,0.0193,0.2391,0.0001,0.7208,0.0204,0.0002
full,48f,domain_weights_clip20,transductive,42,xgboost,48,full,current,48,True,90543,15979,54596,0.7433,0.713,0.7587,0.7135,0.7492,0.859,0.8003,0.2767,0.6682,0.3913,0.9758,0.8616,0.9152,0.9632,0.7192,0.8235,0.4321,0.6657,0.5241,0.8808,0.7785,0.8265,0.9552,0.2808,0.1521,0.2617,0.3934,0.9784,0.8932,0.8725,0.3174,0.9951,0.9659,0.9619,0.9754,0.9543,0.4158,0.99,0.8937,0.9587,0.7436,0.9619,0.1141,0.3486,0.8447,0.9014,0.5714,0.8447,0.9014,0.5714,0.859,0.6682,0.8616,0.7785,0.7192,0.7755,0.1193,0.5168,0.05,0.05,0.3909,0.0516,1627,0.8405,0.8112,48,0.6008,0.0757,0.9501,0.2429,0.9429,0.1672,0.0185,0.2395,0.0003,0.7192,0.0223,0.0002
full,48f,domain_weights_clip20,transductive,43,xgboost,48,full,current,48,True,90543,15979,54596,0.7428,0.7125,0.76,0.7137,0.7454,0.8573,0.7974,0.2768,0.6669,0.3912,0.9824,0.8631,0.9189,0.9635,0.718,0.8229,0.4332,0.6746,0.5276,0.8735,0.7801,0.8241,0.9557,0.282,0.1552,0.2618,0.3927,0.9783,0.8916,0.8732,0.3341,0.994,0.9617,0.9621,0.9755,0.9551,0.4191,0.9901,0.8952,0.9588,0.7462,0.9621,0.1158,0.3493,0.8562,0.9362,0.5744,0.8562,0.9362,0.5744,0.8573,0.6669,0.8631,0.7801,0.718,0.7815,0.1193,0.5182,0.05,0.05,0.4118,0.0533,1627,0.8407,0.8106,48,0.6078,0.0698,0.9501,0.2414,0.941,0.1716,0.0195,0.2402,0.0002,0.718,0.0218,0.0003
full,48f,domain_weights_clip20,transductive,44,xgboost,48,full,current,48,True,90543,15979,54596,0.7401,0.7102,0.7557,0.7108,0.7455,0.8603,0.7988,0.2712,0.6545,0.3835,0.9817,0.8628,0.9184,0.9608,0.7157,0.8203,0.4303,0.6637,0.5221,0.8715,0.7772,0.8217,0.9524,0.2843,0.156,0.2735,0.3994,0.9783,0.8919,0.8704,0.3152,0.9945,0.9643,0.9606,0.9745,0.954,0.4128,0.9903,0.8974,0.958,0.7427,0.9606,0.119,0.3511,0.8402,0.9159,0.5667,0.8402,0.9159,0.5667,0.8603,0.6545,0.8628,0.7772,0.7157,0.7742,0.1193,0.522,0.05,0.05,0.386,0.0557,1627,0.8324,0.8044,48,0.5965,0.0781,0.9501,0.2458,0.9396,0.1677,0.0193,0.242,0.0003,0.7157,0.0225,0.0002
full,48f,domain_weights_clip20,transductive,45,xgboost,48,full,current,48,True,90543,15979,54596,0.7448,0.7151,0.763,0.716,0.7443,0.8574,0.7969,0.2814,0.6836,0.3987,0.9849,0.8616,0.9192,0.9668,0.7188,0.8246,0.437,0.6738,0.5302,0.8762,0.7825,0.8267,0.9598,0.2812,0.1447,0.2511,0.3817,0.9781,0.8917,0.8755,0.3265,0.9943,0.962,0.9631,0.9763,0.9555,0.4179,0.9903,0.8951,0.9595,0.7449,0.9631,0.1133,0.347,0.863,0.913,0.5762,0.863,0.913,0.5762,0.8574,0.6836,0.8616,0.7825,0.7188,0.782,0.1193,0.5155,0.05,0.05,0.3909,0.0513,1627,0.8327,0.8131,48,0.6126,0.0772,0.9501,0.2382,0.9444,0.161,0.0198,0.24,0.0002,0.7188,0.0209,0.0003
full,48f,domain_weights_clip20,transductive,46,xgboost,48,full,current,48,True,90543,15979,54596,0.7433,0.7121,0.7593,0.7137,0.7436,0.8599,0.7976,0.2752,0.6601,0.3885,0.979,0.861,0.9163,0.9636,0.7193,0.8237,0.4363,0.6702,0.5285,0.8746,0.7853,0.8276,0.9557,0.2807,0.1536,0.2621,0.3912,0.9783,0.8929,0.8712,0.317,0.9947,0.9651,0.9621,0.9755,0.9552,0.4213,0.99,0.8964,0.9586,0.7447,0.9621,0.115,0.3486,0.8562,0.9188,0.5714,0.8562,0.9188,0.5714,0.8599,0.6601,0.861,0.7853,0.7193,0.779,0.1193,0.5223,0.05,0.05,0.3878,0.0547,1627,0.8391,0.8094,48,0.619,0.0746,0.9501,0.2348,0.9387,0.1602,0.0195,0.2397,0.0002,0.7193,0.0212,0.0002
full,48f,drop_top5_shifted,transductive,42,xgboost,43,full,current,43,True,90543,15979,54596,0.7424,0.7126,0.7729,0.7149,0.7417,0.8523,0.7932,0.2928,0.7407,0.4197,0.9805,0.8657,0.9195,0.9856,0.7064,0.823,0.4057,0.6912,0.5113,0.8693,0.7813,0.823,0.9832,0.2936,0.099,0.1691,0.3292,0.9769,0.8871,0.8839,0.356,0.9945,0.9645,0.9735,0.9833,0.9538,0.4366,0.9894,0.8935,0.962,0.7535,0.9735,0.1038,0.3391,0.8676,0.9507,0.5927,0.8676,0.9507,0.5927,0.8523,0.7407,0.8657,0.7813,0.7064,0.7947,0.1193,0.5108,0.05,0.05,0.3626,0.0594,1627,0.8297,0.8092,43,0.5919,0.0834,0.9501,0.2539,0.9781,0.1705,0.0184,0.2474,0.0002,0.7064,0.0273,0.0002
full,48f,drop_top5_shifted,transductive,43,xgboost,43,full,current,43,True,90543,15979,54596,0.738,0.7056,0.7645,0.7093,0.7398,0.8534,0.7925,0.2854,0.7241,0.4095,0.9814,0.8642,0.9191,0.9773,0.7038,0.8183,0.4119,0.6577,0.5065,0.838,0.7837,0.81,0.9734,0.2962,0.1271,0.2161,0.3625,0.9771,0.8879,0.8787,0.3356,0.9946,0.9665,0.9672,0.9791,0.9526,0.4238,0.99,0.894,0.96,0.7478,0.9672,0.108,0.3445,0.8196,0.887,0.5691,0.8196,0.887,0.5691,0.8534,0.7241,0.8642,0.7837,0.7038,0.7756,0.1193,0.5097,0.05,0.05,0.3903,0.057,1627,0.8326,0.8086,43,0.6203,0.0745,0.9501,0.2432,0.9606,0.1687,0.0201,0.2501,0.0001,0.7038,0.0257,0.0002
full,48f,drop_top5_shifted,transductive,44,xgboost,43,full,current,43,True,90543,15979,54596,0.7411,0.713,0.7732,0.7153,0.7404,0.8543,0.7932,0.2895,0.7356,0.4155,0.9792,0.8689,0.9208,0.9852,0.7041,0.8213,0.4091,0.6928,0.5144,0.8744,0.7837,0.8266,0.9828,0.2959,0.101,0.1703,0.3323,0.9768,0.8867,0.8831,0.3545,0.994,0.963,0.9732,0.9832,0.9536,0.4323,0.9897,0.8951,0.9617,0.7525,0.9732,0.1057,0.3393,0.8744,0.9507,0.5933,0.8744,0.9507,0.5933,0.8543,0.7356,0.8689,0.7837,0.7041,0.7956,0.1193,0.5122,0.05,0.05,0.3565,0.0566,1627,0.8272,0.8043,43,0.6005,0.0835,0.9501,0.2513,0.9764,0.1678,0.0192,0.2495,0.0002,0.7041,0.0268,0.0002
full,48f,drop_top5_shifted,transductive,45,xgboost,43,full,current,43,True,90543,15979,54596,0.7422,0.7123,0.7743,0.7156,0.7399,0.8528,0.7923,0.2916,0.7341,0.4174,0.9794,0.8642,0.9182,0.9849,0.7059,0.8224,0.4094,0.6996,0.5165,0.8689,0.789,0.827,0.9824,0.2941,0.1003,0.1691,0.3331,0.9765,0.8866,0.8834,0.3584,0.9939,0.9623,0.9734,0.9832,0.954,0.4327,0.9898,0.8959,0.9618,0.7532,0.9734,0.1049,0.3406,0.8813,0.942,0.6033,0.8813,0.942,0.6033,0.8528,0.7341,0.8642,0.789,0.7059,0.7966,0.1193,0.5088,0.05,0.05,0.3141,0.0592,1627,0.8233,0.8128,43,0.6164,0.0809,0.9501,0.2423,0.9738,0.1614,0.0196,0.2469,0.0002,0.7059,0.0271,0.0003
full,48f,drop_top5_shifted,transductive,46,xgboost,43,full,current,43,True,90543,15979,54596,0.7447,0.7132,0.7731,0.7165,0.7377,0.8543,0.7917,0.293,0.7304,0.4183,0.9772,0.8654,0.9179,0.984,0.7107,0.8253,0.4152,0.6928,0.5192,0.8722,0.7853,0.8265,0.9812,0.2893,0.0974,0.176,0.3326,0.9768,0.8875,0.8833,0.3605,0.9942,0.9638,0.9731,0.9831,0.9543,0.4421,0.9895,0.8956,0.9619,0.7554,0.9731,0.102,0.3383,0.8767,0.9478,0.5933,0.8767,0.9478,0.5933,0.8543,0.7304,0.8654,0.7853,0.7107,0.7955,0.1193,0.5099,0.05,0.05,0.3325,0.0566,1627,0.8208,0.8066,43,0.6228,0.0793,0.9501,0.2371,0.9719,0.1578,0.0194,0.2436,0.0002,0.7107,0.0257,0.0003
full,48f,drop_top10_shifted,transductive,42,xgboost,38,full,current,38,True,90543,15979,54596,0.7382,0.706,0.7633,0.7074,0.7255,0.8458,0.7811,0.2902,0.7304,0.4153,0.9757,0.8569,0.9125,0.9856,0.7058,0.8225,0.3883,0.6564,0.488,0.8706,0.7845,0.8253,0.9832,0.2942,0.1014,0.1702,0.3283,0.9746,0.8734,0.8802,0.3453,0.9934,0.9589,0.9726,0.9829,0.9479,0.3951,0.9893,0.8941,0.9597,0.7416,0.9726,0.1044,0.3459,0.879,0.9362,0.5419,0.879,0.9362,0.5419,0.8458,0.7304,0.8569,0.7845,0.7058,0.7851,0.1193,0.5086,0.05,0.05,0.3774,0.0611,1627,0.8235,0.8028,38,0.5974,0.0854,0.9501,0.2556,0.9771,0.1702,0.019,0.2467,0.0003,0.7058,0.0279,0.0004
full,48f,drop_top10_shifted,transductive,43,xgboost,38,full,current,38,True,90543,15979,54596,0.7382,0.7062,0.7646,0.7083,0.7236,0.8478,0.7808,0.2897,0.732,0.4151,0.9784,0.8616,0.9163,0.986,0.7046,0.8219,0.3949,0.6564,0.4931,0.8644,0.7849,0.8228,0.9837,0.2954,0.0988,0.1698,0.3327,0.9746,0.8742,0.8821,0.3566,0.9925,0.9577,0.9729,0.983,0.9488,0.3992,0.9894,0.8936,0.96,0.744,0.9729,0.105,0.3455,0.8699,0.9449,0.5425,0.8699,0.9449,0.5425,0.8478,0.732,0.8616,0.7849,0.7046,0.786,0.1193,0.5055,0.05,0.05,0.338,0.0567,1627,0.8229,0.8008,38,0.6123,0.0798,0.9501,0.2477,0.9765,0.1679,0.0195,0.248,0.0003,0.7046,0.0273,0.0003
full,48f,drop_top10_shifted,transductive,44,xgboost,38,full,current,38,True,90543,15979,54596,0.7367,0.7084,0.7609,0.7082,0.7576,0.82,0.7876,0.2929,0.7451,0.4205,0.9742,0.8613,0.9143,0.9668,0.7074,0.817,0.3861,0.6472,0.4836,0.8725,0.7841,0.8259,0.9605,0.2926,0.1619,0.2613,0.3774,0.9735,0.8734,0.8913,0.3849,0.9925,0.9593,0.9593,0.9742,0.9467,0.4018,0.9888,0.8926,0.9587,0.7477,0.9593,0.0952,0.3365,0.8699,0.9478,0.5283,0.8699,0.9478,0.5283,0.82,0.7451,0.8613,0.7841,0.7074,0.783,0.1193,0.4971,0.05,0.05,0.2655,0.068,1627,0.8033,0.7911,38,0.6023,0.0935,0.9501,0.2522,0.9458,0.1587,0.0195,0.2402,0.0008,0.7074,0.032,0.0002
full,48f,drop_top10_shifted,transductive,45,xgboost,38,full,current,38,True,90543,15979,54596,0.7386,0.7067,0.7642,0.7084,0.7244,0.848,0.7814,0.29,0.7324,0.4155,0.9763,0.8561,0.9122,0.986,0.7055,0.8225,0.3932,0.6548,0.4914,0.8703,0.7882,0.8272,0.9837,0.2945,0.0997,0.1703,0.3289,0.9747,0.8755,0.8805,0.3483,0.9928,0.9576,0.9729,0.983,0.9484,0.4004,0.9895,0.8945,0.9598,0.7432,0.9729,0.1046,0.3452,0.8699,0.942,0.5407,0.8699,0.942,0.5407,0.848,0.7324,0.8561,0.7882,0.7055,0.7853,0.1193,0.5057,0.05,0.05,0.3915,0.0569,1627,0.8316,0.809,38,0.6137,0.0812,0.9501,0.2452,0.9747,0.164,0.0195,0.2476,0.0002,0.7055,0.0269,0.0003
full,48f,drop_top10_shifted,transductive,46,xgboost,38,full,current,38,True,90543,15979,54596,0.7369,0.7072,0.7603,0.7074,0.7506,0.8186,0.7831,0.2956,0.747,0.4236,0.9725,0.8596,0.9126,0.9668,0.7081,0.8174,0.3851,0.6447,0.4822,0.8724,0.7837,0.8257,0.9604,0.2919,0.165,0.2663,0.3817,0.9728,0.8727,0.8916,0.3918,0.9922,0.9571,0.9593,0.9741,0.9477,0.4117,0.989,0.8927,0.9588,0.75,0.9593,0.095,0.3379,0.8744,0.9304,0.5272,0.8744,0.9304,0.5272,0.8186,0.747,0.8596,0.7837,0.7081,0.7811,0.1193,0.4946,0.05,0.05,0.2508,0.0651,1627,0.8045,0.7903,38,0.6043,0.0952,0.9501,0.2534,0.9449,0.1582,0.0219,0.2377,0.0007,0.7081,0.0314,0.0002
