pool_label,seed,group,n,n_in_test,baseline,top_drop_k5,random_drop_k5,top_flip_k5,random_flip_k5,difference,ci_low,ci_high
40f,42,FP-attack,300,10094,median,0.4709908962249756,0.16729548573493958,0.8866666666666667,0.31666666666666665,0.30369546115398405,0.27818519880001746,0.3308603000144164
40f,42,FP-attack,300,10094,random_row,0.49317845702171326,0.17820541560649872,0.79,0.36666666666666664,0.3149730422596137,0.28500739636644723,0.3468570696624617
40f,42,FP-Fuzzers,300,8599,median,0.4800148010253906,0.190629780292511,0.8233333333333334,0.36333333333333334,0.2893850066761176,0.26287338641161717,0.31637518750255306
40f,42,FP-Fuzzers,300,8599,random_row,0.5097334384918213,0.21549423038959503,0.7833333333333333,0.38,0.2942391973733902,0.26332009631643694,0.3239850568597515
40f,42,TN,300,23738,median,0.1893153339624405,0.03135913982987404,0.21333333333333335,0.05333333333333334,0.157956194182237,0.1328957390797635,0.1844655826799571
40f,42,TN,300,23738,random_row,0.43074387311935425,0.050791140645742416,0.45666666666666667,0.08,0.379952722688516,0.33843628017231825,0.4213958949781954
40f,42,TP-Fuzzers,300,3753,median,0.5737333297729492,0.17407310009002686,0.8633333333333333,0.24666666666666667,0.3996602263549964,0.3721087270962695,0.42771128107979894
40f,42,TP-Fuzzers,300,3753,random_row,0.618835985660553,0.2162604033946991,0.8433333333333334,0.29,0.40257560898860295,0.3667996896033486,0.4365088358695308
40f,43,FP-attack,300,10125,median,0.49301645159721375,0.15299192070960999,0.88,0.32666666666666666,0.34002451474467915,0.3112074935634931,0.3669802607484162
40f,43,FP-attack,300,10125,random_row,0.47645798325538635,0.15162910521030426,0.79,0.3466666666666667,0.324828905214866,0.29511817542587715,0.3527382302818199
40f,43,FP-Fuzzers,300,8570,median,0.5227150321006775,0.1433320939540863,0.86,0.2633333333333333,0.37938296645879743,0.3525562009066343,0.4061757442081968
40f,43,FP-Fuzzers,300,8570,random_row,0.5441088676452637,0.18065449595451355,0.8566666666666667,0.3566666666666667,0.3634543677667777,0.3332617887059848,0.39534324344620103
40f,43,TN,300,23707,median,0.18060079216957092,0.012353011406958103,0.13666666666666666,0.03666666666666667,0.16824777061740556,0.14339940164238216,0.19270188327133655
40f,43,TN,300,23707,random_row,0.4390295445919037,0.03999309614300728,0.48,0.056666666666666664,0.3990364441772302,0.356694314631323,0.440577936762323
40f,43,TP-Fuzzers,300,3683,median,0.5970413088798523,0.18025296926498413,0.8766666666666667,0.24333333333333335,0.41678836236397426,0.383422576914231,0.4491436748107274
40f,43,TP-Fuzzers,300,3683,random_row,0.6080697774887085,0.1912536919116974,0.8533333333333334,0.2733333333333333,0.4168160824974378,0.38117768058429163,0.4498983731245001
40f,44,FP-attack,300,9192,median,0.4570675790309906,0.159590944647789,0.82,0.30666666666666664,0.2974765974779924,0.2694191966416935,0.32459636675193904
40f,44,FP-attack,300,9192,random_row,0.4977124035358429,0.15564459562301636,0.8366666666666667,0.31333333333333335,0.3420678460597992,0.313699440009892,0.3744998866791526
40f,44,FP-Fuzzers,300,7737,median,0.4613434970378876,0.17169693112373352,0.7966666666666666,0.32,0.2896465784808,0.26305700856571396,0.31881023819620413
40f,44,FP-Fuzzers,300,7737,random_row,0.5045437812805176,0.18243490159511566,0.81,0.35333333333333333,0.3221089017391205,0.2918315137897929,0.3533397540052732
40f,44,TN,300,24640,median,0.23209218680858612,0.02893863618373871,0.33666666666666667,0.05333333333333334,0.20315355454881986,0.1732908823477725,0.23385783516739805
40f,44,TN,300,24640,random_row,0.4566042125225067,0.044703464955091476,0.51,0.09,0.41190074175596236,0.3716198093245427,0.45386851014445223
40f,44,TP-Fuzzers,300,3575,median,0.5850390195846558,0.18418854475021362,0.82,0.26,0.4008504761258761,0.3673026107338568,0.4371201843532423
40f,44,TP-Fuzzers,300,3575,random_row,0.6223359107971191,0.20897336304187775,0.8366666666666667,0.31,0.4133625402053197,0.38013242212931314,0.44896495816856624
40f,45,FP-attack,300,9909,median,0.5838139057159424,0.18213534355163574,0.9666666666666667,0.35333333333333333,0.4016785487532616,0.3727248646679024,0.4332393508950869
40f,45,FP-attack,300,9909,random_row,0.5270175933837891,0.16829171776771545,0.8666666666666667,0.32666666666666666,0.3587259452541669,0.3258527308454116,0.38996965805937844
40f,45,FP-Fuzzers,300,8221,median,0.6288530230522156,0.2076263725757599,0.9666666666666667,0.35333333333333333,0.4212266258398692,0.3919957647062838,0.44677528299515445
40f,45,FP-Fuzzers,300,8221,random_row,0.5828295350074768,0.20478250086307526,0.88,0.34,0.3780470585823059,0.3450177576765418,0.4096650275538365
40f,45,TN,300,23923,median,0.2228105217218399,0.04630914703011513,0.29333333333333333,0.08333333333333333,0.1765013439456622,0.14894599818686644,0.2035302927009761
40f,45,TN,300,23923,random_row,0.4111902713775635,0.07244480401277542,0.48333333333333334,0.11333333333333333,0.33874544779459637,0.2994467429742217,0.3774041431223353
40f,45,TP-Fuzzers,300,3618,median,0.6631632447242737,0.2015332281589508,0.9333333333333333,0.2866666666666667,0.4616300563514233,0.43174616601193944,0.4914728442542255
40f,45,TP-Fuzzers,300,3618,random_row,0.6252245903015137,0.209073007106781,0.87,0.27,0.4161516125500202,0.3773127006764213,0.45262055009603497
40f,46,FP-attack,300,9553,median,0.5446426868438721,0.14296799898147583,0.9666666666666667,0.26666666666666666,0.4016746596992016,0.3740507741036514,0.42761159924417735
40f,46,FP-attack,300,9553,random_row,0.5168729424476624,0.17616122961044312,0.85,0.37,0.3407116892933846,0.3085569976431628,0.3730265580452979
40f,46,FP-Fuzzers,300,7961,median,0.5630970001220703,0.14758408069610596,0.9566666666666667,0.25333333333333335,0.4155129213631153,0.38810105219359203,0.4397497334865232
40f,46,FP-Fuzzers,300,7961,random_row,0.5470451712608337,0.19565996527671814,0.8533333333333334,0.3333333333333333,0.35138519311944644,0.3197831817840537,0.3788921705285708
40f,46,TN,300,24279,median,0.25253617763519287,0.036153893917798996,0.3333333333333333,0.06666666666666667,0.21638226320346196,0.18661698273072638,0.24396489619712036
40f,46,TN,300,24279,random_row,0.4665123522281647,0.06771480292081833,0.5433333333333333,0.10666666666666667,0.39879751016696297,0.3569942344824473,0.43787786341210205
40f,46,TP-Fuzzers,300,3661,median,0.6582143306732178,0.1625669300556183,0.9733333333333334,0.25666666666666665,0.49564737409353254,0.46257955239589016,0.5266970957318942
40f,46,TP-Fuzzers,300,3661,random_row,0.6315025091171265,0.20101872086524963,0.87,0.31333333333333335,0.4304837548732758,0.3945137884914875,0.4640482309224705
