pool,seed,score,zero_day,n_zero_day,threshold,unknown_auroc,detection,flagged_or_attack,false_unknown_thr_half,false_unknown_cal_half,false_unknown_test,msp_false_unknown_test,detection_matched_to_msp,held_out,exact_twin_share_in_known,combo_of
40f,42,noP_msp,Shellcode+Worms,1627,0.495006263256073,0.7908955891392333,0.2366318377381684,0.9698832206515058,0.050186644545831605,0.03675,0.06097435792153401,0.06097435792153401,0.2366318377381684,Worms + Shellcode,0.10633066994468347,ens_mi+oe_pu
40f,42,noP_msp,Shellcode,1456,0.495006263256073,0.8115675307877981,0.2616758241758242,0.967032967032967,0.050186644545831605,0.03675,0.06097435792153401,0.06097435792153401,0.2616758241758242,Worms + Shellcode,0.10633066994468347,ens_mi+oe_pu
40f,42,noP_msp,Worms,171,0.495006263256073,0.6148818637573013,0.023391812865497075,0.9941520467836257,0.050186644545831605,0.03675,0.06097435792153401,0.06097435792153401,0.023391812865497075,Worms + Shellcode,0.10633066994468347,ens_mi+oe_pu
40f,42,noP_entropy,Shellcode+Worms,1627,0.7500444982722206,0.8528566783028642,0.3792255685310387,0.9618930547019053,0.050186644545831605,0.035,0.059003469584676345,0.06097435792153401,0.38660110633066996,Worms + Shellcode,0.10633066994468347,ens_mi+oe_pu
40f,42,noP_entropy,Shellcode,1456,0.7500444982722206,0.8769003161633373,0.41552197802197804,0.9581043956043956,0.050186644545831605,0.035,0.059003469584676345,0.06097435792153401,0.4230769230769231,Worms + Shellcode,0.10633066994468347,ens_mi+oe_pu
40f,42,noP_entropy,Worms,171,0.7500444982722206,0.6481342413154431,0.07017543859649122,0.9941520467836257,0.050186644545831605,0.035,0.059003469584676345,0.06097435792153401,0.07602339181286549,Worms + Shellcode,0.10633066994468347,ens_mi+oe_pu
40f,42,ens_mi,Shellcode+Worms,1627,0.024902377277612686,0.7515315766552749,0.07805777504609711,0.9545175169022742,0.050186644545831605,0.033,0.05389147796095178,0.06097435792153401,0.09280885064535956,Worms + Shellcode,0.10633066994468347,ens_mi+oe_pu
40f,42,ens_mi,Shellcode,1456,0.024902377277612686,0.7557994393255844,0.07760989010989011,0.9498626373626373,0.050186644545831605,0.033,0.05389147796095178,0.06097435792153401,0.09340659340659341,Worms + Shellcode,0.10633066994468347,ens_mi+oe_pu
40f,42,ens_mi,Worms,171,0.024902377277612686,0.715192348304569,0.08187134502923976,0.9941520467836257,0.050186644545831605,0.033,0.05389147796095178,0.06097435792153401,0.08771929824561403,Worms + Shellcode,0.10633066994468347,ens_mi+oe_pu
40f,42,oe_pu,Shellcode+Worms,1627,0.20460116863250732,0.8663873241515097,0.04978488014751076,0.9471419791026429,0.049979261717129825,0.03825,0.01831283746330247,0.06097435792153401,0.14382298709280886,Worms + Shellcode,0.10633066994468347,ens_mi+oe_pu
40f,42,oe_pu,Shellcode,1456,0.20460116863250732,0.8644527031356212,0.0521978021978022,0.9416208791208791,0.049979261717129825,0.03825,0.01831283746330247,0.06097435792153401,0.13804945054945056,Worms + Shellcode,0.10633066994468347,ens_mi+oe_pu
40f,42,oe_pu,Worms,171,0.20460116863250732,0.882859886719543,0.029239766081871343,0.9941520467836257,0.049979261717129825,0.03825,0.01831283746330247,0.06097435792153401,0.19298245614035087,Worms + Shellcode,0.10633066994468347,ens_mi+oe_pu
40f,42,combo,Shellcode+Worms,1627,0.8769687499999999,0.8449676044188671,0.15673017824216348,0.9594345421020283,0.050186644545831605,0.0355,0.04506354061877682,0.06097435792153401,0.2169637369391518,Worms + Shellcode,0.10633066994468347,ens_mi+oe_pu
40f,42,combo,Shellcode,1456,0.8769687499999999,0.8476969655967634,0.14835164835164835,0.9553571428571429,0.050186644545831605,0.0355,0.04506354061877682,0.06097435792153401,0.21085164835164835,Worms + Shellcode,0.10633066994468347,ens_mi+oe_pu
40f,42,combo,Worms,171,0.8769687499999999,0.8217281314655516,0.22807017543859648,0.9941520467836257,0.050186644545831605,0.0355,0.04506354061877682,0.06097435792153401,0.26900584795321636,Worms + Shellcode,0.10633066994468347,ens_mi+oe_pu
40f,43,noP_msp,Shellcode+Worms,1627,0.44841209053993225,0.7978742098235192,0.33189920098340503,0.9594345421020283,0.05,0.06704031041172666,0.11117042025087766,0.11117042025087766,0.33189920098340503,Worms + Shellcode,0.107559926244622,ens_mi+oe_pu
40f,43,noP_msp,Shellcode,1456,0.44841209053993225,0.8215300303845285,0.3626373626373626,0.9553571428571429,0.05,0.06704031041172666,0.11117042025087766,0.11117042025087766,0.3626373626373626,Worms + Shellcode,0.107559926244622,ens_mi+oe_pu
40f,43,noP_msp,Worms,171,0.44841209053993225,0.5964538897250997,0.07017543859649122,0.9941520467836257,0.05,0.06704031041172666,0.11117042025087766,0.11117042025087766,0.07017543859649122,Worms + Shellcode,0.107559926244622,ens_mi+oe_pu
40f,43,noP_entropy,Shellcode+Worms,1627,0.6258237341215359,0.8653698734893652,0.6588813767670559,0.958819913952059,0.05,0.0883811166199612,0.11823277012461762,0.11117042025087766,0.6447449293177627,Worms + Shellcode,0.107559926244622,ens_mi+oe_pu
40f,43,noP_entropy,Shellcode,1456,0.6258237341215359,0.8930877608759262,0.7177197802197802,0.9546703296703297,0.05,0.0883811166199612,0.11823277012461762,0.11117042025087766,0.7026098901098901,Worms + Shellcode,0.107559926244622,ens_mi+oe_pu
40f,43,noP_entropy,Worms,171,0.6258237341215359,0.6293625984318615,0.15789473684210525,0.9941520467836257,0.05,0.0883811166199612,0.11823277012461762,0.11117042025087766,0.15204678362573099,Worms + Shellcode,0.107559926244622,ens_mi+oe_pu
40f,43,ens_mi,Shellcode+Worms,1627,0.016466155648231506,0.7605354266837854,0.18869084204056547,0.9409956976029502,0.05,0.09118344470791119,0.10277361473239031,0.11117042025087766,0.2071296865396435,Worms + Shellcode,0.107559926244622,ens_mi+oe_pu
40f,43,ens_mi,Shellcode,1456,0.016466155648231506,0.767800353760469,0.19436813186813187,0.9347527472527473,0.05,0.09118344470791119,0.10277361473239031,0.11117042025087766,0.21428571428571427,Worms + Shellcode,0.107559926244622,ens_mi+oe_pu
40f,43,ens_mi,Worms,171,0.016466155648231506,0.6986773341478134,0.14035087719298245,0.9941520467836257,0.05,0.09118344470791119,0.10277361473239031,0.11117042025087766,0.14619883040935672,Worms + Shellcode,0.107559926244622,ens_mi+oe_pu
40f,43,oe_pu,Shellcode+Worms,1627,0.18333113193511963,0.8682500352084049,0.05838967424708052,0.9164105716041795,0.0498,0.08859668031903427,0.02913219322917736,0.11117042025087766,0.553779963122311,Worms + Shellcode,0.107559926244622,ens_mi+oe_pu
40f,43,oe_pu,Shellcode,1456,0.18333113193511963,0.8664149338671757,0.05631868131868132,0.9072802197802198,0.0498,0.08859668031903427,0.02913219322917736,0.11117042025087766,0.5425824175824175,Worms + Shellcode,0.107559926244622,ens_mi+oe_pu
40f,43,oe_pu,Worms,171,0.18333113193511963,0.88387522557583,0.07602339181286549,0.9941520467836257,0.0498,0.08859668031903427,0.02913219322917736,0.11117042025087766,0.6491228070175439,Worms + Shellcode,0.107559926244622,ens_mi+oe_pu
40f,43,combo,Shellcode+Worms,1627,0.7860584177624488,0.8608692040028547,0.4615857406269207,0.956361401352182,0.05,0.12438025436516491,0.11700096491408159,0.11117042025087766,0.4419176398279041,Worms + Shellcode,0.107559926244622,ens_mi+oe_pu
40f,43,combo,Shellcode,1456,0.7860584177624488,0.8654341216585875,0.4690934065934066,0.9512362637362637,0.05,0.12438025436516491,0.11700096491408159,0.11117042025087766,0.4491758241758242,Worms + Shellcode,0.107559926244622,ens_mi+oe_pu
40f,43,combo,Worms,171,0.7860584177624488,0.8220006653669081,0.39766081871345027,1.0,0.05,0.12438025436516491,0.11700096491408159,0.11117042025087766,0.38011695906432746,Worms + Shellcode,0.107559926244622,ens_mi+oe_pu
40f,44,noP_msp,Shellcode+Worms,1627,0.49737870693206787,0.7957422416934317,0.23110018438844498,0.9440688383527965,0.05001126379815274,0.0014,0.05998891375310517,0.05998891375310517,0.23110018438844498,Worms + Shellcode,0.107559926244622,ens_mi+oe_pu
40f,44,noP_msp,Shellcode,1456,0.49737870693206787,0.8141816481779323,0.24862637362637363,0.9381868131868132,0.05001126379815274,0.0014,0.05998891375310517,0.05998891375310517,0.24862637362637363,Worms + Shellcode,0.107559926244622,ens_mi+oe_pu
40f,44,noP_msp,Worms,171,0.49737870693206787,0.6387377046090286,0.08187134502923976,0.9941520467836257,0.05001126379815274,0.0014,0.05998891375310517,0.05998891375310517,0.08187134502923976,Worms + Shellcode,0.107559926244622,ens_mi+oe_pu
40f,44,noP_entropy,Shellcode+Worms,1627,0.7528780801282697,0.864620336044083,0.41364474492931774,0.9440688383527965,0.05001126379815274,0.0014,0.05703258124781868,0.05998891375310517,0.430239704978488,Worms + Shellcode,0.107559926244622,ens_mi+oe_pu
40f,44,noP_entropy,Shellcode,1456,0.7528780801282697,0.8870430462339812,0.4478021978021978,0.9381868131868132,0.05001126379815274,0.0014,0.05703258124781868,0.05998891375310517,0.46565934065934067,Worms + Shellcode,0.107559926244622,ens_mi+oe_pu
40f,44,noP_entropy,Worms,171,0.7528780801282697,0.6736994820295108,0.12280701754385964,0.9941520467836257,0.05001126379815274,0.0014,0.05703258124781868,0.05998891375310517,0.1286549707602339,Worms + Shellcode,0.107559926244622,ens_mi+oe_pu
40f,44,ens_mi,Shellcode+Worms,1627,0.022340750321745872,0.736459679016698,0.0842040565457898,0.9287031346035648,0.05001126379815274,0.0028,0.058777638629411405,0.05998891375310517,0.08543331284572833,Worms + Shellcode,0.107559926244622,ens_mi+oe_pu
40f,44,ens_mi,Shellcode,1456,0.022340750321745872,0.7384933304854417,0.08035714285714286,0.9210164835164835,0.05001126379815274,0.0028,0.058777638629411405,0.05998891375310517,0.08173076923076923,Worms + Shellcode,0.107559926244622,ens_mi+oe_pu
40f,44,ens_mi,Worms,171,0.022340750321745872,0.7191439097857559,0.11695906432748537,0.9941520467836257,0.05001126379815274,0.0028,0.058777638629411405,0.05998891375310517,0.11695906432748537,Worms + Shellcode,0.107559926244622,ens_mi+oe_pu
40f,44,oe_pu,Shellcode+Worms,1627,0.19765815138816833,0.8613325694509053,0.04548248309772587,0.9207129686539643,0.05001126379815274,0.0004,0.01706050216592416,0.05998891375310517,0.12784265519360788,Worms + Shellcode,0.107559926244622,ens_mi+oe_pu
40f,44,oe_pu,Shellcode,1456,0.19765815138816833,0.8588722984041355,0.04189560439560439,0.9120879120879121,0.05001126379815274,0.0004,0.01706050216592416,0.05998891375310517,0.12637362637362637,Worms + Shellcode,0.107559926244622,ens_mi+oe_pu
40f,44,oe_pu,Worms,171,0.19765815138816833,0.8822808422234012,0.07602339181286549,0.9941520467836257,0.05001126379815274,0.0004,0.01706050216592416,0.05998891375310517,0.14035087719298245,Worms + Shellcode,0.107559926244622,ens_mi+oe_pu
40f,44,combo,Shellcode+Worms,1627,0.9962099999999999,0.8383419069053811,0.13644744929317762,0.9360786724031961,0.05001126379815274,0.0018,0.05192058962409411,0.05998891375310517,0.1530424093423479,Worms + Shellcode,0.107559926244622,ens_mi+oe_pu
40f,44,combo,Shellcode,1456,0.9962099999999999,0.8390997238252109,0.11881868131868131,0.9292582417582418,0.05001126379815274,0.0018,0.05192058962409411,0.05998891375310517,0.13667582417582416,Worms + Shellcode,0.107559926244622,ens_mi+oe_pu
40f,44,combo,Worms,171,0.9962099999999999,0.8318893838920939,0.28654970760233917,0.9941520467836257,0.05001126379815274,0.0018,0.05192058962409411,0.05998891375310517,0.29239766081871343,Worms + Shellcode,0.107559926244622,ens_mi+oe_pu
40f,45,noP_msp,Shellcode+Worms,1627,0.502597451210022,0.7919844219164771,0.19053472649047326,0.968039336201598,0.05,0.04908869987849332,0.052351721447781725,0.052351721447781725,0.19053472649047326,Worms + Shellcode,0.10264290104486785,ens_mi+oe_pu
40f,45,noP_msp,Shellcode,1456,0.502597451210022,0.8131586266184082,0.20810439560439561,0.9649725274725275,0.05,0.04908869987849332,0.052351721447781725,0.052351721447781725,0.20810439560439561,Worms + Shellcode,0.10264290104486785,ens_mi+oe_pu
40f,45,noP_msp,Worms,171,0.502597451210022,0.6116941175538366,0.04093567251461988,0.9941520467836257,0.05,0.04908869987849332,0.052351721447781725,0.052351721447781725,0.04093567251461988,Worms + Shellcode,0.10264290104486785,ens_mi+oe_pu
40f,45,noP_entropy,Shellcode+Worms,1627,0.7586543023388475,0.8536920395869034,0.3583282114320836,0.9606637984019668,0.05,0.05297691373025516,0.05461003100043113,0.052351721447781725,0.34787953288260604,Worms + Shellcode,0.10264290104486785,ens_mi+oe_pu
40f,45,noP_entropy,Shellcode,1456,0.7586543023388475,0.8793580890459805,0.39217032967032966,0.9567307692307693,0.05,0.05297691373025516,0.05461003100043113,0.052351721447781725,0.38118131868131866,Worms + Shellcode,0.10264290104486785,ens_mi+oe_pu
40f,45,noP_entropy,Worms,171,0.7586543023388475,0.6351553845435339,0.07017543859649122,0.9941520467836257,0.05,0.05297691373025516,0.05461003100043113,0.052351721447781725,0.06432748538011696,Worms + Shellcode,0.10264290104486785,ens_mi+oe_pu
40f,45,ens_mi,Shellcode+Worms,1627,0.028056945651769638,0.756851714589698,0.0725261216963737,0.9539028887523049,0.05,0.05224787363304982,0.04442710792666653,0.052351721447781725,0.09157959434542103,Worms + Shellcode,0.10264290104486785,ens_mi+oe_pu
40f,45,ens_mi,Shellcode,1456,0.028056945651769638,0.7619663051641742,0.07142857142857142,0.9491758241758241,0.05,0.05224787363304982,0.04442710792666653,0.052351721447781725,0.08997252747252747,Worms + Shellcode,0.10264290104486785,ens_mi+oe_pu
40f,45,ens_mi,Worms,171,0.028056945651769638,0.7133029199906498,0.08187134502923976,0.9941520467836257,0.05,0.05224787363304982,0.04442710792666653,0.052351721447781725,0.10526315789473684,Worms + Shellcode,0.10264290104486785,ens_mi+oe_pu
40f,45,oe_pu,Shellcode+Worms,1627,0.24917612969875336,0.8673962826511189,0.04486785494775661,0.9477566072526121,0.0498,0.046172539489671933,0.01398098913958406,0.052351721447781725,0.11555009219422249,Worms + Shellcode,0.10264290104486785,ens_mi+oe_pu
40f,45,oe_pu,Shellcode,1456,0.24917612969875336,0.8667826353367013,0.04395604395604396,0.9423076923076923,0.0498,0.046172539489671933,0.01398098913958406,0.052351721447781725,0.11813186813186813,Worms + Shellcode,0.10264290104486785,ens_mi+oe_pu
40f,45,oe_pu,Worms,171,0.24917612969875336,0.8726212562756335,0.05263157894736842,0.9941520467836257,0.0498,0.046172539489671933,0.01398098913958406,0.052351721447781725,0.0935672514619883,Worms + Shellcode,0.10264290104486785,ens_mi+oe_pu
40f,45,combo,Shellcode+Worms,1627,0.8123936816524908,0.8504240018141178,0.1757836508912108,0.9594345421020283,0.0498,0.056622114216281896,0.040690632121373874,0.052351721447781725,0.2194222495390289,Worms + Shellcode,0.10264290104486785,ens_mi+oe_pu
40f,45,combo,Shellcode,1456,0.8123936816524908,0.8551966866921495,0.16895604395604397,0.9553571428571429,0.0498,0.056622114216281896,0.040690632121373874,0.052351721447781725,0.2135989010989011,Worms + Shellcode,0.10264290104486785,ens_mi+oe_pu
40f,45,combo,Worms,171,0.8123936816524908,0.8097864042561391,0.23391812865497075,0.9941520467836257,0.0498,0.056622114216281896,0.040690632121373874,0.052351721447781725,0.26900584795321636,Worms + Shellcode,0.10264290104486785,ens_mi+oe_pu
40f,46,noP_msp,Shellcode+Worms,1627,0.4715367555618286,0.7907575757250739,0.24769514443761526,0.9508297480024586,0.05004118616144975,0.0434,0.085240920569094,0.085240920569094,0.24769514443761526,Worms + Shellcode,0.10633066994468347,ens_mi+oe_pu
40f,46,noP_msp,Shellcode,1456,0.4715367555618286,0.8103770466071325,0.26785714285714285,0.9457417582417582,0.05004118616144975,0.0434,0.085240920569094,0.085240920569094,0.26785714285714285,Worms + Shellcode,0.10633066994468347,ens_mi+oe_pu
40f,46,noP_msp,Worms,171,0.4715367555618286,0.6237052388579557,0.07602339181286549,0.9941520467836257,0.05004118616144975,0.0434,0.085240920569094,0.085240920569094,0.07602339181286549,Worms + Shellcode,0.10633066994468347,ens_mi+oe_pu
40f,46,noP_entropy,Shellcode+Worms,1627,0.690829876230564,0.8548466519232798,0.5003073140749846,0.9422249539028887,0.05004118616144975,0.0544,0.08530251082962081,0.085240920569094,0.5003073140749846,Worms + Shellcode,0.10633066994468347,ens_mi+oe_pu
40f,46,noP_entropy,Shellcode,1456,0.690829876230564,0.878486131418726,0.5432692307692307,0.9361263736263736,0.05004118616144975,0.0544,0.08530251082962081,0.085240920569094,0.5432692307692307,Worms + Shellcode,0.10633066994468347,ens_mi+oe_pu
40f,46,noP_entropy,Worms,171,0.690829876230564,0.6535654697866156,0.13450292397660818,0.9941520467836257,0.05004118616144975,0.0544,0.08530251082962081,0.085240920569094,0.13450292397660818,Worms + Shellcode,0.10633066994468347,ens_mi+oe_pu
40f,46,ens_mi,Shellcode+Worms,1627,0.019412338733673096,0.7522688111904947,0.14136447449293177,0.9366933005531654,0.05004118616144975,0.0522,0.08131967398222094,0.085240920569094,0.1524277811923786,Worms + Shellcode,0.10633066994468347,ens_mi+oe_pu
40f,46,ens_mi,Shellcode,1456,0.019412338733673096,0.7544849004031342,0.1353021978021978,0.9292582417582418,0.05004118616144975,0.0522,0.08131967398222094,0.085240920569094,0.14697802197802198,Worms + Shellcode,0.10633066994468347,ens_mi+oe_pu
40f,46,ens_mi,Worms,171,0.019412338733673096,0.7333996539179629,0.19298245614035087,1.0,0.05004118616144975,0.0522,0.08131967398222094,0.085240920569094,0.19883040935672514,Worms + Shellcode,0.10633066994468347,ens_mi+oe_pu
40f,46,oe_pu,Shellcode+Worms,1627,0.18634605407714844,0.8581966523138184,0.046097111247695145,0.9207129686539643,0.04901153212520593,0.0564,0.02258309552649408,0.085240920569094,0.26121696373693915,Worms + Shellcode,0.10633066994468347,ens_mi+oe_pu
40f,46,oe_pu,Shellcode,1456,0.18634605407714844,0.8568695997129397,0.042582417582417584,0.9120879120879121,0.04901153212520593,0.0564,0.02258309552649408,0.085240920569094,0.2541208791208791,Worms + Shellcode,0.10633066994468347,ens_mi+oe_pu
40f,46,oe_pu,Worms,171,0.18634605407714844,0.8694960007751008,0.07602339181286549,0.9941520467836257,0.04901153212520593,0.0564,0.02258309552649408,0.085240920569094,0.3216374269005848,Worms + Shellcode,0.10633066994468347,ens_mi+oe_pu
40f,46,combo,Shellcode+Worms,1627,0.8586,0.8440509745273862,0.25138291333743085,0.9366933005531654,0.04983525535420099,0.0496,0.07013077665318525,0.085240920569094,0.31960663798401967,Worms + Shellcode,0.10633066994468347,ens_mi+oe_pu
40f,46,combo,Shellcode,1456,0.8586,0.8462119465816165,0.2403846153846154,0.9292582417582418,0.04983525535420099,0.0496,0.07013077665318525,0.085240920569094,0.3118131868131868,Worms + Shellcode,0.10633066994468347,ens_mi+oe_pu
40f,46,combo,Worms,171,0.8586,0.8256511189077418,0.34502923976608185,1.0,0.04983525535420099,0.0496,0.07013077665318525,0.085240920569094,0.38596491228070173,Worms + Shellcode,0.10633066994468347,ens_mi+oe_pu
40f,42,noP_msp,Analysis,2032,0.505798876285553,0.7840050815950543,0.05561023622047244,0.8622047244094488,0.050074579160451736,0.04025,0.05394412489728841,0.05394412489728841,0.05561023622047244,Analysis,0.7746062992125984,ens_mi+oe_pu
40f,42,noP_entropy,Analysis,2032,0.6099106097217278,0.8492677300820399,0.02608267716535433,0.8523622047244095,0.050074579160451736,0.0515,0.05583401807723911,0.05394412489728841,0.02312992125984252,Analysis,0.7746062992125984,ens_mi+oe_pu
40f,42,ens_mi,Analysis,2032,0.027186989784240723,0.5842465902988503,0.06594488188976377,0.8818897637795275,0.050074579160451736,0.04525,0.054375513557929335,0.05394412489728841,0.06594488188976377,Analysis,0.7746062992125984,ens_mi+oe_pu
40f,42,oe_pu,Analysis,2032,0.21391594409942627,0.9393933404880985,0.1796259842519685,0.843503937007874,0.050074579160451736,0.0425,0.020357436318816764,0.05394412489728841,0.7642716535433071,Analysis,0.7746062992125984,ens_mi+oe_pu
40f,42,combo,Analysis,2032,0.881925,0.7682663810826287,0.07283464566929133,0.8868110236220472,0.050074579160451736,0.03575,0.04720624486442071,0.05394412489728841,0.08070866141732283,Analysis,0.7746062992125984,ens_mi+oe_pu
40f,43,noP_msp,Analysis,2032,0.4589618742465973,0.7975107301257125,0.08267716535433071,0.8607283464566929,0.05,0.07518796992481203,0.09923993426458505,0.09923993426458505,0.08267716535433071,Analysis,0.7780511811023622,ens_mi+oe_pu
40f,43,noP_entropy,Analysis,2032,0.5406050669274061,0.8621712521593695,0.2204724409448819,0.8715551181102362,0.0498,0.08915145005370569,0.09114626129827444,0.09923993426458505,0.29822834645669294,Analysis,0.7780511811023622,ens_mi+oe_pu
40f,43,ens_mi,Analysis,2032,0.01805700920522213,0.569448802722585,0.10679133858267717,0.8996062992125984,0.05,0.09903329752953813,0.10084223500410847,0.09923993426458505,0.10531496062992125,Analysis,0.7780511811023622,ens_mi+oe_pu
40f,43,oe_pu,Analysis,2032,0.1971571296453476,0.9356761616922987,0.5083661417322834,0.8316929133858267,0.05,0.079484425349087,0.03140920295809367,0.09923993426458505,0.8090551181102362,Analysis,0.7780511811023622,ens_mi+oe_pu
40f,43,combo,Analysis,2032,0.8019441460794844,0.7583608494571653,0.1658464566929134,0.90748031496063,0.05,0.11428571428571428,0.10743631881676254,0.09923993426458505,0.1486220472440945,Analysis,0.7780511811023622,ens_mi+oe_pu
40f,44,noP_msp,Analysis,2032,0.5137995481491089,0.7670170503254421,0.03248031496062992,0.8499015748031497,0.05009107468123861,0.0028,0.0502670501232539,0.0502670501232539,0.03248031496062992,Analysis,0.7775590551181102,ens_mi+oe_pu
40f,44,noP_entropy,Analysis,2032,0.637618647545737,0.848223276588552,0.00984251968503937,0.8400590551181102,0.05009107468123861,0.0026,0.046795398520953164,0.0502670501232539,0.011318897637795276,Analysis,0.7775590551181102,ens_mi+oe_pu
40f,44,ens_mi,Analysis,2032,0.026001062244176865,0.5587151791548859,0.06299212598425197,0.8681102362204725,0.05009107468123861,0.0034,0.050986031224322104,0.0502670501232539,0.06299212598425197,Analysis,0.7775590551181102,ens_mi+oe_pu
40f,44,oe_pu,Analysis,2032,0.20802782475948334,0.938709161024269,0.15846456692913385,0.8356299212598425,0.05009107468123861,0.0004,0.017070665571076418,0.0502670501232539,0.7583661417322834,Analysis,0.7775590551181102,ens_mi+oe_pu
40f,44,combo,Analysis,2032,0.9959,0.6837056156548632,0.05905511811023622,0.8690944881889764,0.048724954462659384,0.0024,0.04504930156121611,0.0502670501232539,0.0625,Analysis,0.7775590551181102,ens_mi+oe_pu
40f,45,noP_msp,Analysis,2032,0.5245825052261353,0.7743785847960972,0.03346456692913386,0.8617125984251969,0.05,0.04516908212560387,0.04297452752670501,0.04297452752670501,0.03346456692913386,Analysis,0.7755905511811023,ens_mi+oe_pu
40f,45,noP_entropy,Analysis,2032,0.6448953523693957,0.8446121758115024,0.007874015748031496,0.8548228346456693,0.05,0.04541062801932367,0.041433853738701724,0.04297452752670501,0.00984251968503937,Analysis,0.7755905511811023,ens_mi+oe_pu
40f,45,ens_mi,Analysis,2032,0.03216496855020523,0.5978238740950058,0.041830708661417325,0.8789370078740157,0.05,0.04251207729468599,0.038188167625308134,0.04297452752670501,0.04675196850393701,Analysis,0.7755905511811023,ens_mi+oe_pu
40f,45,oe_pu,Analysis,2032,0.25962013006210327,0.9330332237608292,0.09104330708661418,0.8513779527559056,0.0496,0.05144927536231884,0.016639276910435496,0.04297452752670501,0.6505905511811023,Analysis,0.7755905511811023,ens_mi+oe_pu
40f,45,combo,Analysis,2032,0.8397463768115941,0.7762822773180469,0.0703740157480315,0.8730314960629921,0.05,0.05990338164251208,0.04007806080525883,0.04297452752670501,0.07578740157480315,Analysis,0.7755905511811023,ens_mi+oe_pu
40f,46,noP_msp,Analysis,2032,0.4772392809391022,0.7874015090919972,0.06840551181102363,0.8572834645669292,0.050124792013311145,0.0492,0.08800328677074774,0.08800328677074774,0.06840551181102363,Analysis,0.7770669291338582,ens_mi+oe_pu
40f,46,noP_entropy,Analysis,2032,0.57335818421454,0.8543039237847683,0.05905511811023622,0.8607283464566929,0.050124792013311145,0.0476,0.07389071487263764,0.08800328677074774,0.11122047244094488,Analysis,0.7770669291338582,ens_mi+oe_pu
40f,46,ens_mi,Analysis,2032,0.021802430972456932,0.5729789423052039,0.08070866141732283,0.8828740157480315,0.050124792013311145,0.0488,0.07604765817584223,0.08800328677074774,0.09202755905511811,Analysis,0.7770669291338582,ens_mi+oe_pu
40f,46,oe_pu,Analysis,2032,0.21664302051067352,0.9373037713348948,0.18503937007874016,0.8395669291338582,0.04991680532445923,0.0396,0.02232949876746097,0.08800328677074774,0.8070866141732284,Analysis,0.7770669291338582,ens_mi+oe_pu
40f,46,combo,Analysis,2032,0.876465,0.758832306756643,0.11761811023622047,0.8868110236220472,0.050124792013311145,0.0476,0.07202136400986031,0.08800328677074774,0.1422244094488189,Analysis,0.7770669291338582,ens_mi+oe_pu
40f,42,noP_msp,Backdoor,1880,0.5197156071662903,0.7642590991440591,0.05851063829787234,0.9957446808510638,0.050116797621575705,0.0425,0.054107805548151644,0.054107805548151644,0.05851063829787234,Backdoor,0.8111702127659575,ens_mi+oe_pu
40f,42,noP_entropy,Backdoor,1880,0.6167671817797337,0.822721724087839,0.03404255319148936,0.9968085106382979,0.050116797621575705,0.0485,0.05562503844340106,0.054107805548151644,0.03351063829787234,Backdoor,0.8111702127659575,ens_mi+oe_pu
40f,42,ens_mi,Backdoor,1880,0.02841935120522976,0.5781289384037471,0.0627659574468085,0.9957446808510638,0.050116797621575705,0.04775,0.047136735488897546,0.054107805548151644,0.06702127659574468,Backdoor,0.8111702127659575,ens_mi+oe_pu
40f,42,oe_pu,Backdoor,1880,0.2188367247581482,0.9566845876533538,0.19946808510638298,0.9925531914893617,0.050116797621575705,0.03975,0.01902692063231706,0.054107805548151644,0.8297872340425532,Backdoor,0.8111702127659575,ens_mi+oe_pu
40f,42,combo,Backdoor,1880,0.8815249999999999,0.778048343585634,0.11223404255319148,0.9952127659574468,0.050116797621575705,0.03575,0.04100629446620056,0.054107805548151644,0.12978723404255318,Backdoor,0.8111702127659575,ens_mi+oe_pu
40f,43,noP_msp,Backdoor,1880,0.4507315158843994,0.768056074798971,0.11595744680851064,0.9968085106382979,0.05,0.08160621761658031,0.12281385192627069,0.12281385192627069,0.11595744680851064,Backdoor,0.8132978723404255,ens_mi+oe_pu
40f,43,noP_entropy,Backdoor,1880,0.5223161598736915,0.8307701527397222,0.23297872340425532,0.9984042553191489,0.0474,0.09326424870466321,0.11779058085416111,0.12281385192627069,0.27287234042553193,Backdoor,0.8132978723404255,ens_mi+oe_pu
40f,43,ens_mi,Backdoor,1880,0.019703442230820656,0.5643150465617749,0.10212765957446808,0.9968085106382979,0.05,0.08765112262521589,0.09636479199557133,0.12281385192627069,0.11329787234042553,Backdoor,0.8132978723404255,ens_mi+oe_pu
40f,43,oe_pu,Backdoor,1880,0.1118825301527977,0.9578395146686931,0.848404255319149,0.9898936170212767,0.05,0.08829879101899828,0.05371824575072274,0.12281385192627069,0.9622340425531914,Backdoor,0.8132978723404255,ens_mi+oe_pu
40f,43,combo,Backdoor,1880,0.8052838946459413,0.7640180726518117,0.22127659574468084,0.997872340425532,0.05,0.12478411053540588,0.1093227810468907,0.12281385192627069,0.24308510638297873,Backdoor,0.8132978723404255,ens_mi+oe_pu
40f,44,noP_msp,Backdoor,1880,0.5172667503356934,0.7516416150198204,0.05638297872340425,0.9952127659574468,0.049795361527967257,0.0028,0.05783937834457589,0.05783937834457589,0.056914893617021275,Backdoor,0.8132978723404255,ens_mi+oe_pu
40f,44,noP_entropy,Backdoor,1880,0.6338107400683948,0.8260525366973618,0.023936170212765957,0.9962765957446809,0.05002273760800364,0.0022,0.04518893650175302,0.05783937834457589,0.039361702127659576,Backdoor,0.8132978723404255,ens_mi+oe_pu
40f,44,ens_mi,Backdoor,1880,0.02571328915655613,0.5599085057960652,0.07340425531914893,0.9952127659574468,0.05002273760800364,0.0026,0.05474340311237775,0.05783937834457589,0.07659574468085106,Backdoor,0.8132978723404255,ens_mi+oe_pu
40f,44,oe_pu,Backdoor,1880,0.20379823446273804,0.9586898336235037,0.2297872340425532,0.9925531914893617,0.049795361527967257,0.0004,0.02052365038033338,0.05783937834457589,0.8851063829787233,Backdoor,0.8132978723404255,ens_mi+oe_pu
40f,44,combo,Backdoor,1880,0.9958,0.7001425077791994,0.10638297872340426,0.9936170212765958,0.048431105047748974,0.0026,0.0510733397576528,0.05783937834457589,0.11329787234042553,Backdoor,0.8132978723404255,ens_mi+oe_pu
40f,45,noP_msp,Backdoor,1880,0.5324862599372864,0.7764703864756006,0.06063829787234042,0.9968085106382979,0.05,0.04148576941630487,0.04682918828040104,0.04682918828040104,0.06063829787234042,Backdoor,0.8101063829787234,ens_mi+oe_pu
40f,45,noP_entropy,Backdoor,1880,0.6400477996758096,0.8332689683557916,0.015957446808510637,0.9962765957446809,0.05,0.046792088760250844,0.04014516228241035,0.04682918828040104,0.021808510638297873,Backdoor,0.8101063829787234,ens_mi+oe_pu
40f,45,ens_mi,Backdoor,1880,0.031314462423324585,0.6017732168696406,0.07819148936170213,0.9968085106382979,0.05,0.056198745779064155,0.042790068275480285,0.04682918828040104,0.08085106382978724,Backdoor,0.8101063829787234,ens_mi+oe_pu
40f,45,oe_pu,Backdoor,1880,0.279690682888031,0.958940877211886,0.1425531914893617,0.9941489361702127,0.05,0.04799807042932947,0.014495725093801898,0.04682918828040104,0.7659574468085106,Backdoor,0.8101063829787234,ens_mi+oe_pu
40f,45,combo,Backdoor,1880,0.8362276893391221,0.7997604130904307,0.15,0.9957446808510638,0.0498,0.057163531114327065,0.037397740553174914,0.04682918828040104,0.16436170212765958,Backdoor,0.8101063829787234,ens_mi+oe_pu
40f,46,noP_msp,Backdoor,1880,0.48201531171798706,0.7690574572345791,0.11117021276595744,0.9968085106382979,0.049989671555463744,0.056,0.09292026326041047,0.09292026326041047,0.11117021276595744,Backdoor,0.8111702127659575,ens_mi+oe_pu
40f,46,noP_entropy,Backdoor,1880,0.581956683038255,0.8301788114369173,0.08617021276595745,0.9973404255319149,0.049989671555463744,0.0528,0.07969573329506079,0.09292026326041047,0.11861702127659575,Backdoor,0.8111702127659575,ens_mi+oe_pu
40f,46,ens_mi,Backdoor,1880,0.02181529998779297,0.5712730840354208,0.08670212765957447,0.9962765957446809,0.049989671555463744,0.0536,0.0794291923810305,0.09292026326041047,0.09468085106382979,Backdoor,0.8111702127659575,ens_mi+oe_pu
40f,46,oe_pu,Backdoor,1880,0.21399058401584625,0.9582159437271495,0.29148936170212764,0.9930851063829788,0.04978310266473869,0.0326,0.022512455661944108,0.09292026326041047,0.9473404255319149,Backdoor,0.8111702127659575,ens_mi+oe_pu
40f,46,combo,Backdoor,1880,0.8791,0.7716266597188626,0.1675531914893617,0.9962765957446809,0.049989671555463744,0.0532,0.07430340557275542,0.09292026326041047,0.2,Backdoor,0.8111702127659575,ens_mi+oe_pu
40f,42,noP_msp,DoS,5500,0.43206337094306946,0.6326754290117778,0.10945454545454546,0.9856363636363636,0.05,0.116,0.12466261808367071,0.12466261808367071,0.10945454545454546,DoS,0.3489090909090909,ens_mi+oe_pu
40f,42,noP_entropy,DoS,5500,0.5013083888842568,0.6753092584498834,0.1750909090909091,0.9878181818181818,0.05,0.0986,0.09552125506072874,0.12466261808367071,0.26854545454545453,DoS,0.3489090909090909,ens_mi+oe_pu
40f,42,ens_mi,DoS,5500,0.016372403129935265,0.6307668633449882,0.14709090909090908,0.9872727272727273,0.05,0.0972,0.1080887314439946,0.12466261808367071,0.16218181818181818,DoS,0.3489090909090909,ens_mi+oe_pu
40f,42,oe_pu,DoS,5500,0.18446879088878632,0.8559606298306957,0.15345454545454545,0.9734545454545455,0.04979423868312757,0.0442,0.023068488529014844,0.12466261808367071,0.5894545454545455,DoS,0.3489090909090909,ens_mi+oe_pu
40f,42,combo,DoS,5500,0.8343100000000001,0.7636180472488038,0.214,0.9878181818181818,0.05,0.0812,0.09151484480431848,0.12466261808367071,0.29709090909090907,DoS,0.3489090909090909,ens_mi+oe_pu
40f,43,noP_msp,DoS,5500,0.4252059757709503,0.6161148306189425,0.10363636363636364,0.9890909090909091,0.05,0.08195902048975512,0.13090418353576247,0.13090418353576247,0.10363636363636364,DoS,0.3492727272727273,ens_mi+oe_pu
40f,43,noP_entropy,DoS,5500,0.4623194960567539,0.6585553133817936,0.2585454545454545,0.9912727272727273,0.05,0.13818090954522738,0.12947031039136303,0.13090418353576247,0.26345454545454544,DoS,0.3492727272727273,ens_mi+oe_pu
40f,43,ens_mi,DoS,5500,0.01609826646745205,0.6048687430990063,0.14436363636363636,0.9916363636363636,0.05,0.12668665667166418,0.11970732118758434,0.13090418353576247,0.15254545454545454,DoS,0.3492727272727273,ens_mi+oe_pu
40f,43,oe_pu,DoS,5500,0.15196244418621063,0.8494846893786039,0.29854545454545456,0.9761818181818182,0.05,0.05622188905547226,0.0357413967611336,0.13090418353576247,0.5878181818181818,DoS,0.3492727272727273,ens_mi+oe_pu
40f,43,combo,DoS,5500,0.8191029485257372,0.7380498136731689,0.22236363636363637,0.9907272727272727,0.05,0.10394802598700649,0.10962803643724696,0.13090418353576247,0.25327272727272726,DoS,0.3492727272727273,ens_mi+oe_pu
40f,44,noP_msp,DoS,5500,0.48720914125442505,0.632798500567415,0.06618181818181817,0.9816363636363636,0.050057405281285876,0.0034,0.06947958839406208,0.06947958839406208,0.06618181818181817,DoS,0.3489090909090909,ens_mi+oe_pu
40f,44,noP_entropy,DoS,5500,0.5622412906010739,0.6771967358299595,0.08963636363636364,0.9814545454545455,0.050057405281285876,0.004,0.06391278677462887,0.06947958839406208,0.10654545454545454,DoS,0.3489090909090909,ens_mi+oe_pu
40f,44,ens_mi,DoS,5500,0.02110634371638298,0.626649368175684,0.10890909090909091,0.9834545454545455,0.050057405281285876,0.007,0.06971153846153846,0.06947958839406208,0.10854545454545454,DoS,0.3489090909090909,ens_mi+oe_pu
40f,44,oe_pu,DoS,5500,0.21038149297237396,0.8544007368727764,0.1009090909090909,0.9709090909090909,0.050057405281285876,0.0004,0.016215418353576247,0.06947958839406208,0.4556363636363636,DoS,0.3489090909090909,ens_mi+oe_pu
40f,44,combo,DoS,5500,0.9924,0.7289437453993375,0.146,0.9838181818181818,0.0486796785304248,0.0064,0.06376518218623482,0.06947958839406208,0.15072727272727274,DoS,0.3489090909090909,ens_mi+oe_pu
40f,45,noP_msp,DoS,5500,0.4939342737197876,0.632186585618329,0.07072727272727272,0.9816363636363636,0.05,0.061703002879473466,0.05975877192982456,0.05975877192982456,0.07072727272727272,DoS,0.34763636363636363,ens_mi+oe_pu
40f,45,noP_entropy,DoS,5500,0.5643890490852078,0.6690968036897313,0.09,0.9834545454545455,0.0498,0.06273138626079802,0.06093960863697706,0.05975877192982456,0.088,DoS,0.34763636363636363,ens_mi+oe_pu
40f,45,ens_mi,DoS,5500,0.0272503849118948,0.6262261033922218,0.07818181818181819,0.9805454545454545,0.05,0.04586589880707528,0.0471912955465587,0.05975877192982456,0.09145454545454546,DoS,0.34763636363636363,ens_mi+oe_pu
40f,45,oe_pu,DoS,5500,0.21019908785820007,0.8535908439148572,0.104,0.9747272727272728,0.05,0.052241875771287534,0.015182186234817813,0.05975877192982456,0.4207272727272727,DoS,0.34763636363636363,ens_mi+oe_pu
40f,45,combo,DoS,5500,0.8384718222953519,0.7535794112685559,0.12872727272727272,0.9836363636363636,0.05,0.05080213903743316,0.044070512820512824,0.05975877192982456,0.15945454545454546,DoS,0.34763636363636363,ens_mi+oe_pu
40f,46,noP_msp,DoS,5500,0.4481413662433624,0.6339008020488284,0.09963636363636363,0.9896363636363636,0.050062318238471126,0.0512,0.10072958839406208,0.10072958839406208,0.09963636363636363,DoS,0.3492727272727273,ens_mi+oe_pu
40f,46,noP_entropy,DoS,5500,0.4905065258181093,0.6722278286406576,0.17672727272727273,0.9921818181818182,0.04985459077690071,0.0614,0.09811487854251012,0.10072958839406208,0.18618181818181817,DoS,0.3492727272727273,ens_mi+oe_pu
40f,46,ens_mi,DoS,5500,0.016400348395109177,0.6187488076616365,0.14454545454545453,0.990909090909091,0.050062318238471126,0.0964,0.10781460863697706,0.10072958839406208,0.13563636363636364,DoS,0.3492727272727273,ens_mi+oe_pu
40f,46,oe_pu,DoS,5500,0.18691018223762512,0.8577100374953992,0.184,0.98,0.04985459077690071,0.0456,0.02216177462887989,0.10072958839406208,0.5407272727272727,DoS,0.3492727272727273,ens_mi+oe_pu
40f,46,combo,DoS,5500,0.8521000000000001,0.7627732966047112,0.24636363636363637,0.9901818181818182,0.04985459077690071,0.0986,0.09554234143049932,0.10072958839406208,0.2616363636363636,DoS,0.3492727272727273,ens_mi+oe_pu
40f,42,noP_msp,Exploits,27434,0.4768986105918884,0.6129504707201032,0.06579426988408545,0.9520667784500985,0.05,0.032855436081242535,0.05709400886149104,0.05709400886149104,0.0659036232412335,Exploits,0.07279288474156156,ens_mi+oe_pu
40f,42,noP_entropy,Exploits,27434,0.5594364098628183,0.630166571765723,0.10122475760005832,0.9556389881169352,0.04925,0.030764635603345282,0.05114621460219611,0.05709400886149104,0.1117226798862725,Exploits,0.07279288474156156,ens_mi+oe_pu
40f,42,ens_mi,Exploits,27434,0.021875634789466858,0.72701905546675,0.19129547277101408,0.9670481883793832,0.05,0.027479091995221028,0.060368907724908494,0.05709400886149104,0.18568200043741342,Exploits,0.07279288474156156,ens_mi+oe_pu
40f,42,oe_pu,Exploits,27434,0.192396879196167,0.9068882974696969,0.22865786979660277,0.9367937595684187,0.05,0.03793309438470729,0.014327682527451358,0.05709400886149104,0.44091273602099584,Exploits,0.07279288474156156,ens_mi+oe_pu
40f,42,combo,Exploits,27434,0.9310035842293907,0.8267813606932395,0.34493693956404464,0.9725887584748851,0.04975,0.023297491039426525,0.060994991331150064,0.05709400886149104,0.3338922504920901,Exploits,0.07279288474156156,ens_mi+oe_pu
40f,43,noP_msp,Exploits,27434,0.2320292443037033,0.6029868700695754,0.23649486039221404,0.9768535394036597,0.05,0.23565631122306185,0.32192737430167595,0.32192737430167595,0.2365313115112634,Exploits,0.07355835824159802,ens_mi+oe_pu
40f,43,noP_entropy,Exploits,27434,0.3584923258277642,0.622326559083739,0.27075891229860755,0.9779470729751404,0.05,0.24601175482787574,0.32450394914274705,0.32192737430167595,0.2695195742509295,Exploits,0.07355835824159802,ens_mi+oe_pu
40f,43,ens_mi,Exploits,27434,0.0035961687099188566,0.7343954618419981,0.5658671721221842,0.988189837428009,0.05,0.2597257206828995,0.3218551338855712,0.32192737430167595,0.5660129765983816,Exploits,0.07355835824159802,ens_mi+oe_pu
40f,43,oe_pu,Exploits,27434,0.005837816745042801,0.9166532418035505,0.8486185025880294,0.9826128162134578,0.05,0.31038343129023227,0.15974764014640724,0.32192737430167595,0.9765983815703142,Exploits,0.07355835824159802,ens_mi+oe_pu
40f,43,combo,Exploits,27434,0.6605233697173244,0.8505397924634366,0.7877815848946562,0.9916526937376977,0.05,0.3232577665827036,0.28219514544403773,0.32192737430167595,0.8345848217540278,Exploits,0.07355835824159802,ens_mi+oe_pu
40f,44,noP_msp,Exploits,27434,0.46162575483322144,0.6030868240622382,0.07202741124152512,0.9584457242837355,0.05025553662691652,0.005666666666666667,0.07067520708919284,0.07067520708919284,0.07202741124152512,Exploits,0.07282933586061092,ens_mi+oe_pu
40f,44,noP_entropy,Exploits,27434,0.5314756478558683,0.6222921223963553,0.11824743019610702,0.9616898738791281,0.05025553662691652,0.002,0.05849065690618378,0.07067520708919284,0.136327185244587,Exploits,0.07282933586061092,ens_mi+oe_pu
40f,44,ens_mi,Exploits,27434,0.021853873506188393,0.7252264996243871,0.1777356564846541,0.9668294816650871,0.05025553662691652,0.007,0.05468599499133115,0.07067520708919284,0.2066049427717431,Exploits,0.07282933586061092,ens_mi+oe_pu
40f,44,oe_pu,Exploits,27434,0.20402240753173828,0.9101694739868286,0.20383465772399212,0.9411678938543413,0.049403747870528106,0.0003333333333333333,0.010378539780389134,0.07067520708919284,0.5549318364073778,Exploits,0.07282933586061092,ens_mi+oe_pu
40f,44,combo,Exploits,27434,0.982825,0.8415504912179768,0.31570314208646205,0.9728074651891813,0.05025553662691652,0.006333333333333333,0.059477942592949334,0.07067520708919284,0.3400889407304804,Exploits,0.07282933586061092,ens_mi+oe_pu
40f,45,noP_msp,Exploits,27434,0.47460460662841797,0.6173440809175801,0.053473791645403515,0.9605598891885981,0.05,0.07750919600630583,0.042308803698709305,0.042308803698709305,0.053473791645403515,Exploits,0.07282933586061092,ens_mi+oe_pu
40f,45,noP_entropy,Exploits,27434,0.5397848429088963,0.6308594884214997,0.09597579645695123,0.96271050521251,0.05,0.11718339464004204,0.05206125987285687,0.042308803698709305,0.0764015455274477,Exploits,0.07282933586061092,ens_mi+oe_pu
40f,45,ens_mi,Exploits,27434,0.02561977505683899,0.7155614500352061,0.14817379893562732,0.9682510753080119,0.04975,0.07304256437204414,0.04353689077249085,0.042308803698709305,0.14605963403076475,Exploits,0.07282933586061092,ens_mi+oe_pu
40f,45,oe_pu,Exploits,27434,0.03815346583724022,0.915111004330921,0.5032076984763433,0.9640227454982868,0.04975,0.13610089332632685,0.06169331535349644,0.042308803698709305,0.3147189618721295,Exploits,0.07282933586061092,ens_mi+oe_pu
40f,45,combo,Exploits,27434,0.8294009458749341,0.8384732813929346,0.2763359335131588,0.9743019610702048,0.05,0.058066211245402,0.04397033326911963,0.042308803698709305,0.27181599475103885,Exploits,0.07282933586061092,ens_mi+oe_pu
40f,46,noP_msp,Exploits,27434,0.45283666253089905,0.6097860223988371,0.08263468688488737,0.9555660858788365,0.050230650948231675,0.0435,0.0847620882296282,0.0847620882296282,0.08263468688488737,Exploits,0.0734854560034993,ens_mi+oe_pu
40f,46,noP_entropy,Exploits,27434,0.49870178528246073,0.6290047331613069,0.14354450681635927,0.9617992272362762,0.050230650948231675,0.045,0.07744172606434213,0.0847620882296282,0.15386017350732667,Exploits,0.0734854560034993,ens_mi+oe_pu
40f,46,ens_mi,Exploits,27434,0.016562793403863907,0.7319312058297017,0.24987242108332725,0.9709484581176642,0.050230650948231675,0.058,0.09051724137931035,0.0847620882296282,0.2414522125829263,Exploits,0.0734854560034993,ens_mi+oe_pu
40f,46,oe_pu,Exploits,27434,0.20370465517044067,0.9160466722909012,0.23966610774950792,0.9350805569730991,0.050230650948231675,0.01625,0.015676170294740898,0.0847620882296282,0.6401910038638187,Exploits,0.0734854560034993,ens_mi+oe_pu
40f,46,combo,Exploits,27434,0.91625,0.8510117720472428,0.37602974411314427,0.9736822920463658,0.04997437211686315,0.04725,0.07226449624349836,0.0847620882296282,0.40971057811474815,Exploits,0.0734854560034993,ens_mi+oe_pu
40f,42,noP_msp,Fuzzers,20960,0.3948628902435303,0.688023545560156,0.10362595419847329,0.2631202290076336,0.05,0.0759493670886076,0.07725467184255665,0.07725467184255665,0.10362595419847329,Fuzzers,0.1935591603053435,ens_mi+oe_pu
40f,42,noP_entropy,Fuzzers,20960,0.5142558738649736,0.6905459208122945,0.12270992366412213,0.2745706106870229,0.05,0.07780179067613462,0.08720772772411303,0.07725467184255665,0.1064408396946565,Fuzzers,0.1935591603053435,ens_mi+oe_pu
40f,42,ens_mi,Fuzzers,20960,0.02035743184387684,0.6857868823078836,0.11312022900763359,0.2898854961832061,0.05,0.06514356282803334,0.07398212512413108,0.07725467184255665,0.11755725190839694,Fuzzers,0.1935591603053435,ens_mi+oe_pu
40f,42,oe_pu,Fuzzers,20960,0.2515239715576172,0.6903216740493505,0.0303912213740458,0.22127862595419848,0.04975,0.061438715652979314,0.020786313983930667,0.07725467184255665,0.14499045801526717,Fuzzers,0.1935591603053435,ens_mi+oe_pu
40f,42,combo,Fuzzers,20960,0.817713800555727,0.6890825614694362,0.09546755725190839,0.26736641221374047,0.05,0.07564062982401976,0.05581384851494087,0.07725467184255665,0.13191793893129772,Fuzzers,0.1935591603053435,ens_mi+oe_pu
40f,43,noP_msp,Fuzzers,20960,0.3480907678604126,0.688019701997537,0.12018129770992367,0.2715648854961832,0.05,0.07785192246584048,0.09285004965243297,0.09285004965243297,0.1202767175572519,Fuzzers,0.19384541984732825,ens_mi+oe_pu
40f,43,noP_entropy,Fuzzers,20960,0.46263726386104403,0.690825540396613,0.15233778625954197,0.29208015267175574,0.05,0.07626310772163966,0.10499232644217749,0.09285004965243297,0.12767175572519085,Fuzzers,0.19384541984732825,ens_mi+oe_pu
40f,43,ens_mi,Fuzzers,20960,0.01629393920302391,0.6811452003308556,0.1362118320610687,0.29770992366412213,0.05,0.09151572926596759,0.09348198970840481,0.09285004965243297,0.13520992366412213,Fuzzers,0.19384541984732825,ens_mi+oe_pu
40f,43,oe_pu,Fuzzers,20960,0.20690593123435974,0.6970529528036569,0.05601145038167939,0.21860687022900763,0.05,0.09246901811248809,0.025751557280852218,0.09285004965243297,0.17180343511450383,Fuzzers,0.19384541984732825,ens_mi+oe_pu
40f,43,combo,Fuzzers,20960,0.8149110263743249,0.6891756608580327,0.14274809160305343,0.29188931297709925,0.05,0.11280584683825866,0.08097860431524781,0.09285004965243297,0.15524809160305345,Fuzzers,0.19384541984732825,ens_mi+oe_pu
40f,44,noP_msp,Fuzzers,20960,0.3954465389251709,0.6889062577528088,0.09522900763358778,0.2603530534351145,0.05006802721088435,0.02175,0.07806716620023472,0.07806716620023472,0.09527671755725191,Fuzzers,0.19360687022900763,ens_mi+oe_pu
40f,44,noP_entropy,Fuzzers,20960,0.5042062560356544,0.6920609892360003,0.12228053435114504,0.2748568702290076,0.05006802721088435,0.022,0.09127019951250338,0.07806716620023472,0.09995229007633588,Fuzzers,0.19360687022900763,ens_mi+oe_pu
40f,44,ens_mi,Fuzzers,20960,0.01912829838693142,0.6817962376006744,0.10987595419847328,0.28716603053435114,0.05006802721088435,0.028,0.07655502392344497,0.07806716620023472,0.11183206106870229,Fuzzers,0.19360687022900763,ens_mi+oe_pu
40f,44,oe_pu,Fuzzers,20960,0.23509560525417328,0.6937272223555514,0.0295324427480916,0.2204675572519084,0.05006802721088435,0.02775,0.01972555746140652,0.07806716620023472,0.1452290076335878,Fuzzers,0.19360687022900763,ens_mi+oe_pu
40f,44,combo,Fuzzers,20960,0.9319999999999999,0.6872713330592859,0.0958969465648855,0.2661259541984733,0.05006802721088435,0.0295,0.054188859799584724,0.07806716620023472,0.12943702290076337,Fuzzers,0.19360687022900763,ens_mi+oe_pu
40f,45,noP_msp,Fuzzers,20960,0.46586552262306213,0.7030625091310859,0.07342557251908396,0.27399809160305344,0.05,0.061839651957737725,0.0451837140019861,0.0451837140019861,0.07356870229007634,Fuzzers,0.193368320610687,ens_mi+oe_pu
40f,45,noP_entropy,Fuzzers,20960,0.564833867726618,0.7075452116887202,0.10729961832061069,0.29227099236641224,0.05,0.06774394033561218,0.05937979597363907,0.0451837140019861,0.08144083969465649,Fuzzers,0.193368320610687,ens_mi+oe_pu
40f,45,ens_mi,Fuzzers,20960,0.03146141394972801,0.6929804879678131,0.06693702290076337,0.28096374045801525,0.05,0.0637041640770665,0.039360837771959915,0.0451837140019861,0.07552480916030534,Fuzzers,0.193368320610687,ens_mi+oe_pu
40f,45,oe_pu,Fuzzers,20960,0.21536226570606232,0.6972527620673331,0.0346851145038168,0.24489503816793892,0.05,0.06743318831572405,0.020899160422497065,0.0451837140019861,0.09150763358778626,Fuzzers,0.193368320610687,ens_mi+oe_pu
40f,45,combo,Fuzzers,20960,0.8412212554381604,0.6977254847357531,0.07299618320610687,0.2772900763358779,0.05,0.06401491609695463,0.03416990159790557,0.0451837140019861,0.09475190839694657,Fuzzers,0.193368320610687,ens_mi+oe_pu
40f,46,noP_msp,Fuzzers,20960,0.5290210247039795,0.6746555136339172,0.030677480916030533,0.2537690839694656,0.05015739769150052,0.0095,0.03924799133339352,0.03924799133339352,0.030677480916030533,Fuzzers,0.1939885496183206,ens_mi+oe_pu
40f,46,noP_entropy,Fuzzers,20960,0.715215719761122,0.6773389260301071,0.017652671755725192,0.24837786259541986,0.05015739769150052,0.00325,0.02047034395594475,0.03924799133339352,0.03697519083969466,Fuzzers,0.1939885496183206,ens_mi+oe_pu
40f,46,ens_mi,Fuzzers,20960,0.0641423687338829,0.6645940239541116,0.007204198473282443,0.24489503816793892,0.05015739769150052,0.0015,0.01555023923444976,0.03924799133339352,0.04398854961832061,Fuzzers,0.1939885496183206,ens_mi+oe_pu
40f,46,oe_pu,Fuzzers,20960,0.2136576771736145,0.6853997630310932,0.04599236641221374,0.24365458015267175,0.04994753410283316,0.022,0.024239415004062473,0.03924799133339352,0.08382633587786259,Fuzzers,0.1939885496183206,ens_mi+oe_pu
40f,46,combo,Fuzzers,20960,0.954975,0.6746428006427251,0.06297709923664122,0.272280534351145,0.05015739769150052,0.0155,0.0292272275886973,0.03924799133339352,0.07805343511450381,Fuzzers,0.1939885496183206,ens_mi+oe_pu
40f,42,noP_msp,Generic,7599,0.45985764265060425,0.8548965458184814,0.029872351625213844,0.9946045532306882,0.05021216407355021,0.02175,0.04762119707502031,0.04762119707502031,0.029872351625213844,Generic,0.04724305829714436,ens_mi+oe_pu
40f,42,noP_entropy,Generic,7599,0.5920710914252456,0.8764512194561267,0.2810896170548756,0.9944729569680221,0.04997642621404998,0.0175,0.05102915951972556,0.04762119707502031,0.17554941439663113,Generic,0.04724305829714436,ens_mi+oe_pu
40f,42,ens_mi,Generic,7599,0.025312969461083412,0.8733713893282857,0.09093301750230294,0.9951309382813528,0.05021216407355021,0.023,0.04974271012006861,0.04762119707502031,0.08040531648901171,Generic,0.04724305829714436,ens_mi+oe_pu
40f,42,oe_pu,Generic,7599,0.655150830745697,0.7355601242795248,0.01881826556125806,0.9947361494933544,0.05021216407355021,0.04925,0.09476843910806175,0.04762119707502031,0.001842347677325964,Generic,0.04724305829714436,ens_mi+oe_pu
40f,42,combo,Generic,7599,0.910875,0.8694845415853041,0.39570996183708385,0.9956573233320174,0.04997642621404998,0.032,0.06885889681321658,0.04762119707502031,0.2424003158310304,Generic,0.04724305829714436,ens_mi+oe_pu
40f,43,noP_msp,Generic,7599,0.22350072860717773,0.7959739152851049,0.21029082774049218,0.9977628635346756,0.05,0.16044776119402984,0.14922813036020582,0.14922813036020582,0.21029082774049218,Generic,0.04697986577181208,ens_mi+oe_pu
40f,43,noP_entropy,Generic,7599,0.3773966265024923,0.8145585609487134,0.4438741939728912,0.9980260560600079,0.05,0.16144278606965173,0.1546221901236797,0.14922813036020582,0.348993288590604,Generic,0.04697986577181208,ens_mi+oe_pu
40f,43,ens_mi,Generic,7599,0.012504622340202332,0.858066403614327,0.5870509277536518,0.9973680747466772,0.05,0.1398009950248756,0.13205290241039994,0.14922813036020582,0.6385050664561126,Generic,0.04697986577181208,ens_mi+oe_pu
40f,43,oe_pu,Generic,7599,0.4608299136161804,0.7336553657945446,0.23700486906171864,0.9959205158573496,0.05,0.13233830845771144,0.17484427191477836,0.14922813036020582,0.13014870377681273,Generic,0.04697986577181208,ens_mi+oe_pu
40f,43,combo,Generic,7599,0.7666728855721393,0.8702166074245883,0.8133964995394131,0.999078826161337,0.05,0.16417910447761194,0.16893111853389908,0.14922813036020582,0.7464140018423476,Generic,0.04697986577181208,ens_mi+oe_pu
40f,44,noP_msp,Generic,7599,0.38755321502685547,0.8126635204147004,0.030398736675878404,0.9957889195946835,0.05004205214465938,0.0025,0.08328067166200234,0.08328067166200234,0.030398736675878404,Generic,0.04724305829714436,ens_mi+oe_pu
40f,44,noP_entropy,Generic,7599,0.5065781420754988,0.824043916679714,0.03842610869851296,0.9964469009080142,0.04983179142136249,0.00375,0.09278234178929314,0.08328067166200234,0.030135544150546124,Generic,0.04724305829714436,ens_mi+oe_pu
40f,44,ens_mi,Generic,7599,0.019484132528305054,0.8482236310320691,0.1401500197394394,0.9939465719173576,0.05004205214465938,0.00525,0.07265053714904758,0.08328067166200234,0.20923805763916306,Generic,0.04724305829714436,ens_mi+oe_pu
40f,44,oe_pu,Generic,7599,0.5882735252380371,0.7752652572929094,0.250427687853665,0.9939465719173576,0.05004205214465938,0.01075,0.11426830369233547,0.08328067166200234,0.12922752993814976,Generic,0.04724305829714436,ens_mi+oe_pu
40f,44,combo,Generic,7599,0.98375,0.8653425070434058,0.4420318462955652,0.9961837083826819,0.04941126997476871,0.0075,0.09544551773946014,0.08328067166200234,0.41413343861034346,Generic,0.04724305829714436,ens_mi+oe_pu
40f,45,noP_msp,Generic,7599,0.46319887042045593,0.8190858994753054,0.01868666929859192,0.9940781681800237,0.05,0.05079718205413422,0.05308296470163402,0.05308296470163402,0.01868666929859192,Generic,0.04697986577181208,ens_mi+oe_pu
40f,45,noP_entropy,Generic,7599,0.5870739333553692,0.833939726642593,0.04500592183181998,0.9939465719173576,0.05,0.05598813496477568,0.05976347386476483,0.05308296470163402,0.01908145808659034,Generic,0.04697986577181208,ens_mi+oe_pu
40f,45,ens_mi,Generic,7599,0.029726216569542885,0.8763815498855866,0.10080273720226346,0.993420186866693,0.05,0.06117908787541713,0.040444163582197344,0.05308296470163402,0.21015923147782603,Generic,0.04697986577181208,ens_mi+oe_pu
40f,45,oe_pu,Generic,7599,0.6996603012084961,0.7511449317387007,0.012370048690617187,0.9930253980786946,0.05,0.07044864664441973,0.06651169089103548,0.05308296470163402,0.005790235557310172,Generic,0.04697986577181208,ens_mi+oe_pu
40f,45,combo,Generic,7599,0.853726362625139,0.8932109025359254,0.36044216344255825,0.9947361494933544,0.04975,0.05079718205413422,0.04723751918389456,0.05308296470163402,0.4224240031583103,Generic,0.04697986577181208,ens_mi+oe_pu
40f,46,noP_msp,Generic,7599,0.342445969581604,0.8901656554829802,0.5500723779444664,0.9928938018160284,0.05004508566275924,0.067,0.09998194456982938,0.09998194456982938,0.5545466508751151,Generic,0.04776944334780892,ens_mi+oe_pu
40f,46,noP_entropy,Generic,7599,0.4658294907012742,0.9005841364691142,0.7774707198315568,0.9935517831293591,0.05004508566275924,0.0665,0.10785862598176402,0.09998194456982938,0.6673246479799974,Generic,0.04776944334780892,ens_mi+oe_pu
40f,46,ens_mi,Generic,7599,0.019761309027671814,0.9261468604787245,0.7798394525595473,0.9876299513093828,0.05004508566275924,0.06375,0.07829285907736752,0.09998194456982938,0.8061587050927753,Generic,0.04776944334780892,ens_mi+oe_pu
40f,46,oe_pu,Generic,7599,0.7510685920715332,0.7940873942933744,0.02381892354257139,0.9863139886827215,0.049368800721370606,0.01925,0.06242664981493184,0.09998194456982938,0.1875246742992499,Generic,0.04776944334780892,ens_mi+oe_pu
40f,46,combo,Generic,7599,0.8834375,0.9188259733932719,0.7929990788261614,0.9942097644426898,0.05004508566275924,0.0425,0.09122506093707683,0.09998194456982938,0.798262929332807,Generic,0.04776944334780892,ens_mi+oe_pu
40f,42,noP_msp,Reconnaissance,9991,0.3666864037513733,0.8282163615937199,0.2684415974376939,0.6567911120008008,0.05,0.08313425704730053,0.09219554030874785,0.09219554030874785,0.26864177759983987,Reconnaissance,0.221599439495546,ens_mi+oe_pu
40f,42,noP_entropy,Reconnaissance,9991,0.4746047642831497,0.8381223813719068,0.4049644680212191,0.7832048843959564,0.05,0.09077878643096035,0.10641419156811412,0.09219554030874785,0.3464117705935342,Reconnaissance,0.221599439495546,ens_mi+oe_pu
40f,42,ens_mi,Reconnaissance,9991,0.018179133534431458,0.7870043667178044,0.21969772795515966,0.6261635471924732,0.05,0.09507883420926899,0.0855601697210436,0.09219554030874785,0.23691322189970973,Reconnaissance,0.221599439495546,ens_mi+oe_pu
40f,42,oe_pu,Reconnaissance,9991,0.2110929787158966,0.7356544662426933,0.5428885997397658,0.9196276648984085,0.05,0.168179646440516,0.26365441906653425,0.09219554030874785,0.04484035632068862,Reconnaissance,0.221599439495546,ens_mi+oe_pu
40f,42,combo,Reconnaissance,9991,0.7630673674151933,0.8033676887694907,0.5738164347913122,0.9285356821139025,0.05,0.11132345914954611,0.14674550871174505,0.09219554030874785,0.4594134721249124,Reconnaissance,0.221599439495546,ens_mi+oe_pu
40f,43,noP_msp,Reconnaissance,9991,0.4051046669483185,0.827382415004957,0.21289160244219799,0.6783104794314884,0.05,0.052322163433274546,0.07136408774939063,0.07136408774939063,0.21289160244219799,Reconnaissance,0.21359223300970873,ens_mi+oe_pu
40f,43,noP_entropy,Reconnaissance,9991,0.4562659629648123,0.8338032565049269,0.3991592433189871,0.7934140726653989,0.05,0.06995884773662552,0.1073169630766453,0.07136408774939063,0.2806525873285957,Reconnaissance,0.21359223300970873,ens_mi+oe_pu
40f,43,ens_mi,Reconnaissance,9991,0.018589045852422714,0.7921668173830945,0.268241417275548,0.7355620058052247,0.05,0.06496178718400941,0.081881375823779,0.07136408774939063,0.24251826643979582,Reconnaissance,0.21359223300970873,ens_mi+oe_pu
40f,43,oe_pu,Reconnaissance,9991,0.7505555748939514,0.7053485979306086,0.0030027024321889703,0.5696126513862476,0.05,0.007936507936507936,0.058070777286268846,0.07136408774939063,0.005204684215794215,Reconnaissance,0.21359223300970873,ens_mi+oe_pu
40f,43,combo,Reconnaissance,9991,0.8741990005878895,0.7987023813894363,0.4095686117505755,0.8267440696626964,0.05,0.04262198706643151,0.09345942042069152,0.07136408774939063,0.36452807526774095,Reconnaissance,0.21359223300970873,ens_mi+oe_pu
40f,44,noP_msp,Reconnaissance,9991,0.4064423739910126,0.8402529042862418,0.26954258832949657,0.7244520068061255,0.050112431737873435,0.01675,0.07766091902139569,0.07766091902139569,0.2696426784105695,Reconnaissance,0.22169952957661895,ens_mi+oe_pu
40f,44,noP_entropy,Reconnaissance,9991,0.5113421719982754,0.8503506082711056,0.39695726153538186,0.8211390251226104,0.050112431737873435,0.02375,0.09063825945653155,0.07766091902139569,0.3393053748373536,Reconnaissance,0.22169952957661895,ens_mi+oe_pu
40f,44,ens_mi,Reconnaissance,9991,0.020862411707639694,0.8008232675725749,0.19497547793013711,0.6373736362726454,0.050112431737873435,0.025,0.06576690439649725,0.07766091902139569,0.2621359223300971,Reconnaissance,0.22169952957661895,ens_mi+oe_pu
40f,44,oe_pu,Reconnaissance,9991,0.255088746547699,0.7233193463988494,0.40836753077769994,0.7944149734761285,0.050112431737873435,0.0705,0.24568926604676355,0.07766091902139569,0.007306575918326494,Reconnaissance,0.22169952957661895,ens_mi+oe_pu
40f,44,combo,Reconnaissance,9991,0.9332249999999999,0.804845083695304,0.4762286057451707,0.857071364227805,0.050112431737873435,0.03075,0.10941590683398032,0.07766091902139569,0.3713342007807026,Reconnaissance,0.22169952957661895,ens_mi+oe_pu
40f,45,noP_msp,Reconnaissance,9991,0.4437826871871948,0.8106299528924231,0.08497647883094785,0.4855369832849565,0.05,0.0597532767925983,0.05969576600162499,0.05969576600162499,0.08497647883094785,Reconnaissance,0.21179061155039536,ens_mi+oe_pu
40f,45,noP_entropy,Reconnaissance,9991,0.5581306437379173,0.8186265840484205,0.13782404163747372,0.5252727454709238,0.05,0.07401696222050887,0.07077728626884536,0.05969576600162499,0.11039935942348113,Reconnaissance,0.21179061155039536,ens_mi+oe_pu
40f,45,ens_mi,Reconnaissance,9991,0.027345728129148483,0.7737789030439755,0.0967871083975578,0.5051546391752577,0.05,0.0597532767925983,0.04809515211699919,0.05969576600162499,0.13261935742167952,Reconnaissance,0.21179061155039536,ens_mi+oe_pu
40f,45,oe_pu,Reconnaissance,9991,0.6791896224021912,0.7241360254833304,0.01961765589030127,0.44760284255830246,0.05,0.04548959136468774,0.09023201227769252,0.05969576600162499,0.0041036933239915925,Reconnaissance,0.21179061155039536,ens_mi+oe_pu
40f,45,combo,Reconnaissance,9991,0.7949113338473399,0.7819461140556879,0.33069762786507856,0.7327594835351816,0.05,0.09444872783346184,0.07748036471968944,0.05969576600162499,0.27855069562606344,Reconnaissance,0.21179061155039536,ens_mi+oe_pu
40f,46,noP_msp,Reconnaissance,9991,0.4348932206630707,0.8480922394116066,0.26313682314082676,0.7779001100990892,0.05019420376456528,0.04,0.06786584815383226,0.06786584815383226,0.26313682314082676,Reconnaissance,0.22260034030627565,ens_mi+oe_pu
40f,46,noP_entropy,Reconnaissance,9991,0.5588221120659412,0.856556423711737,0.3717345611049945,0.8436592933640277,0.05019420376456528,0.032,0.07443351087839668,0.06786584815383226,0.33720348313482135,Reconnaissance,0.22260034030627565,ens_mi+oe_pu
40f,46,ens_mi,Reconnaissance,9991,0.02190801501274109,0.8083785551891529,0.27554799319387446,0.8275447903112801,0.05019420376456528,0.04175,0.0670533537961542,0.06786584815383226,0.27925132619357423,Reconnaissance,0.22260034030627565,ens_mi+oe_pu
40f,46,oe_pu,Reconnaissance,9991,0.8040083646774292,0.7146542963416556,0.0015013512160944851,0.6514863377039335,0.05019420376456528,0.027,0.04665071770334928,0.06786584815383226,0.002502252026824142,Reconnaissance,0.22260034030627565,ens_mi+oe_pu
40f,46,combo,Reconnaissance,9991,0.9080875,0.8036244536666913,0.34210789710739664,0.8948053247923131,0.05019420376456528,0.037,0.06186241762209985,0.06786584815383226,0.3656290661595436,Reconnaissance,0.22260034030627565,ens_mi+oe_pu
40f,42,noP_msp,Worms,171,0.5149889588356018,0.6228105329414202,0.05263157894736842,0.9941520467836257,0.05009511731135067,0.04425,0.053714798060072545,0.053714798060072545,0.05263157894736842,Worms,0.07602339181286549,ens_mi+oe_pu
40f,42,noP_entropy,Worms,171,0.6914541438302904,0.6427725690310874,0.08771929824561403,0.9941520467836257,0.05009511731135067,0.05275,0.052634796429881406,0.053714798060072545,0.08771929824561403,Worms,0.07602339181286549,ens_mi+oe_pu
40f,42,ens_mi,Worms,171,0.02788519859313965,0.7196298846449103,0.08187134502923976,1.0,0.05009511731135067,0.0445,0.0512898887394547,0.053714798060072545,0.08771929824561403,Worms,0.07602339181286549,ens_mi+oe_pu
40f,42,oe_pu,Worms,171,0.1920875906944275,0.8820156908280536,0.08771929824561403,0.9941520467836257,0.04988374550834919,0.03775,0.023495129803969516,0.053714798060072545,0.11695906432748537,Worms,0.07602339181286549,ens_mi+oe_pu
40f,42,combo,Worms,171,0.8774375,0.8379939163363981,0.22807017543859648,0.9941520467836257,0.05009511731135067,0.046,0.05043403839100134,0.053714798060072545,0.22807017543859648,Worms,0.07602339181286549,ens_mi+oe_pu
40f,43,noP_msp,Worms,171,0.45712900161743164,0.5876383845187134,0.1111111111111111,0.9941520467836257,0.05,0.06589411497386957,0.11572319354444309,0.11572319354444309,0.1111111111111111,Worms,0.08187134502923976,ens_mi+oe_pu
40f,43,noP_entropy,Worms,171,0.5561897109046575,0.6100075146091581,0.1111111111111111,0.9941520467836257,0.0498,0.07748239036582595,0.12568773688715001,0.11572319354444309,0.10526315789473684,Worms,0.08187134502923976,ens_mi+oe_pu
40f,43,ens_mi,Worms,171,0.01741175726056099,0.6934622781158517,0.1695906432748538,1.0,0.05,0.0761190638491252,0.112605452989363,0.11572319354444309,0.1695906432748538,Worms,0.08187134502923976,ens_mi+oe_pu
40f,43,oe_pu,Worms,171,0.11219953745603561,0.8800927087794611,0.10526315789473684,0.9941520467836257,0.05,0.15064758009543286,0.05848310714431267,0.11572319354444309,0.6666666666666666,Worms,0.08187134502923976,ens_mi+oe_pu
40f,43,combo,Worms,171,0.7936889343331062,0.8121674821197347,0.38011695906432746,1.0,0.05,0.11361054305839582,0.12440396136446999,0.11572319354444309,0.34502923976608185,Worms,0.08187134502923976,ens_mi+oe_pu
40f,44,noP_msp,Worms,171,0.5072725415229797,0.6174865527105861,0.06432748538011696,0.9941520467836257,0.05019902697921274,0.0026,0.060785752129437175,0.060785752129437175,0.06432748538011696,Worms,0.0935672514619883,ens_mi+oe_pu
40f,44,noP_entropy,Worms,171,0.689569971843851,0.6530921079443932,0.0935672514619883,0.9941520467836257,0.05019902697921274,0.0022,0.05436687451603701,0.060785752129437175,0.09941520467836257,Worms,0.0935672514619883,ens_mi+oe_pu
40f,44,ens_mi,Worms,171,0.024959120899438858,0.7210423594681097,0.08187134502923976,0.9941520467836257,0.05019902697921274,0.004,0.059012919264783796,0.060785752129437175,0.08771929824561403,Worms,0.0935672514619883,ens_mi+oe_pu
40f,44,oe_pu,Worms,171,0.1826794594526291,0.8837222078031339,0.08187134502923976,0.9941520467836257,0.04997788589119859,0.0002,0.019501161511187186,0.060785752129437175,0.14035087719298245,Worms,0.0935672514619883,ens_mi+oe_pu
40f,44,combo,Worms,171,0.9953000000000001,0.830998036859003,0.22807017543859648,1.0,0.04953560371517028,0.0034,0.05477442230101479,0.060785752129437175,0.23391812865497075,Worms,0.0935672514619883,ens_mi+oe_pu
40f,45,noP_msp,Worms,171,0.5271042585372925,0.6305700878515725,0.017543859649122806,0.9941520467836257,0.05,0.03283831834344279,0.04872233769409463,0.04872233769409463,0.017543859649122806,Worms,0.07602339181286549,ens_mi+oe_pu
40f,45,noP_entropy,Worms,171,0.713034679639026,0.6613209982203747,0.07602339181286549,0.9941520467836257,0.05,0.035975737293453255,0.04277214003341892,0.04872233769409463,0.07602339181286549,Worms,0.07602339181286549,ens_mi+oe_pu
40f,45,ens_mi,Worms,171,0.03259066119790077,0.7285101959637517,0.07602339181286549,0.9941520467836257,0.05,0.03806734992679356,0.035640053796307615,0.04872233769409463,0.08187134502923976,Worms,0.07602339181286549,ens_mi+oe_pu
40f,45,oe_pu,Worms,171,0.20643074810504913,0.8861388350854313,0.08187134502923976,0.9941520467836257,0.0496,0.056264379836854214,0.0175449321432938,0.04872233769409463,0.1111111111111111,Worms,0.07602339181286549,ens_mi+oe_pu
40f,45,combo,Worms,171,0.8306996444258523,0.8399167792189717,0.1695906432748538,0.9941520467836257,0.05,0.04810709056682702,0.0335615600929209,0.04872233769409463,0.2631578947368421,Worms,0.07602339181286549,ens_mi+oe_pu
40f,46,noP_msp,Worms,171,0.4767795205116272,0.6054485802202998,0.0935672514619883,0.9941520467836257,0.05008176614881439,0.0634,0.10025675510453601,0.10025675510453601,0.0935672514619883,Worms,0.07602339181286549,ens_mi+oe_pu
40f,46,noP_entropy,Worms,171,0.6419372831951576,0.6315068519269265,0.10526315789473684,0.9941520467836257,0.05008176614881439,0.0568,0.08267106818274443,0.10025675510453601,0.11695906432748537,Worms,0.07602339181286549,ens_mi+oe_pu
40f,46,ens_mi,Worms,171,0.02204897813498974,0.7215049023708555,0.1111111111111111,1.0,0.05008176614881439,0.0506,0.07629294534784203,0.10025675510453601,0.17543859649122806,Worms,0.07602339181286549,ens_mi+oe_pu
40f,46,oe_pu,Worms,171,0.19751785695552826,0.8819279846380702,0.07017543859649122,0.9941520467836257,0.04987735077677841,0.0418,0.0233321106899784,0.10025675510453601,0.6257309941520468,Worms,0.07602339181286549,ens_mi+oe_pu
40f,46,combo,Worms,171,0.8683000000000001,0.8307592281569283,0.30994152046783624,1.0,0.04987735077677841,0.048,0.06977218078819741,0.10025675510453601,0.3684210526315789,Worms,0.07602339181286549,ens_mi+oe_pu
40f,42,noP_msp,Shellcode,1456,0.4978921413421631,0.8131416764885475,0.2644230769230769,0.9635989010989011,0.050124792013311145,0.03325,0.05864254507414928,0.05864254507414928,0.2644230769230769,Shellcode,0.10164835164835165,ens_mi+oe_pu
40f,42,noP_entropy,Shellcode,1456,0.6504958367421474,0.8768145967010653,0.39629120879120877,0.9601648351648352,0.050124792013311145,0.03125,0.05650934301478883,0.05864254507414928,0.4107142857142857,Shellcode,0.10164835164835165,ens_mi+oe_pu
40f,42,ens_mi,Shellcode,1456,0.026072073727846146,0.7488901077487934,0.06043956043956044,0.9464285714285714,0.050124792013311145,0.0355,0.04541258999446188,0.05864254507414928,0.08173076923076923,Shellcode,0.10164835164835165,ens_mi+oe_pu
40f,42,oe_pu,Shellcode,1456,0.20185673236846924,0.8608894848510872,0.040521978021978024,0.9402472527472527,0.050124792013311145,0.0375,0.018029659713248415,0.05864254507414928,0.1043956043956044,Shellcode,0.10164835164835165,ens_mi+oe_pu
40f,42,combo,Shellcode,1456,0.87783125,0.8394054730472489,0.11607142857142858,0.9526098901098901,0.050124792013311145,0.03325,0.04174102106537034,0.05864254507414928,0.16758241758241757,Shellcode,0.10164835164835165,ens_mi+oe_pu
40f,43,noP_msp,Shellcode,1456,0.45294618606567383,0.8218289764867668,0.35645604395604397,0.9574175824175825,0.05,0.06624810565057372,0.10754209997333497,0.10754209997333497,0.35645604395604397,Shellcode,0.10851648351648352,ens_mi+oe_pu
40f,43,noP_entropy,Shellcode,1456,0.5427806260745548,0.8928872410331244,0.7300824175824175,0.9539835164835165,0.05,0.08573284260662481,0.11654667405082764,0.10754209997333497,0.6943681318681318,Shellcode,0.10851648351648352,ens_mi+oe_pu
40f,43,ens_mi,Shellcode,1456,0.018389400094747543,0.7591526630201173,0.16964285714285715,0.9409340659340659,0.05,0.0803204156743884,0.08489733965089327,0.10754209997333497,0.22321428571428573,Shellcode,0.10851648351648352,ens_mi+oe_pu
40f,43,oe_pu,Shellcode,1456,0.1826246678829193,0.8657792445232448,0.057005494505494504,0.9127747252747253,0.0474,0.08789781337951938,0.03148524193382971,0.10754209997333497,0.49175824175824173,Shellcode,0.10851648351648352,ens_mi+oe_pu
40f,43,combo,Shellcode,1456,0.7936891101970124,0.8584383043320185,0.4141483516483517,0.9519230769230769,0.05,0.11409395973154363,0.1028039300145632,0.10754209997333497,0.4333791208791209,Shellcode,0.10851648351648352,ens_mi+oe_pu
40f,44,noP_msp,Shellcode,1456,0.49595949053764343,0.8145450488479379,0.26373626373626374,0.9429945054945055,0.05013550135501355,0.0014,0.06192439439624228,0.06192439439624228,0.26373626373626374,Shellcode,0.10851648351648352,ens_mi+oe_pu
40f,44,noP_entropy,Shellcode,1456,0.6426696431090081,0.8855369818887449,0.4519230769230769,0.9347527472527473,0.05013550135501355,0.0014,0.06122700141529752,0.06192439439624228,0.4532967032967033,Shellcode,0.10851648351648352,ens_mi+oe_pu
40f,44,ens_mi,Shellcode,1456,0.023196320980787277,0.7403496569836333,0.09546703296703296,0.9230769230769231,0.05013550135501355,0.0026,0.05587348470863331,0.06192439439624228,0.10164835164835165,Shellcode,0.10851648351648352,ens_mi+oe_pu
40f,44,oe_pu,Shellcode,1456,0.19251693785190582,0.8635052579463692,0.04532967032967033,0.9086538461538461,0.05013550135501355,0.0004,0.018009148154985333,0.06192439439624228,0.14354395604395603,Shellcode,0.10851648351648352,ens_mi+oe_pu
40f,44,combo,Shellcode,1456,0.9962,0.8467014808105356,0.12980769230769232,0.9258241758241759,0.04878048780487805,0.0016,0.04551514778577728,0.06192439439624228,0.17307692307692307,Shellcode,0.10851648351648352,ens_mi+oe_pu
40f,45,noP_msp,Shellcode,1456,0.5039486885070801,0.8134030931993365,0.1936813186813187,0.9622252747252747,0.05,0.04850109675846941,0.05166861526470166,0.05166861526470166,0.1936813186813187,Shellcode,0.10096153846153846,ens_mi+oe_pu
40f,45,noP_entropy,Shellcode,1456,0.6627885255423427,0.8788823970370491,0.36607142857142855,0.9560439560439561,0.05,0.05093833780160858,0.050827641375915326,0.05166861526470166,0.37225274725274726,Shellcode,0.10096153846153846,ens_mi+oe_pu
40f,45,ens_mi,Shellcode,1456,0.027633845806121826,0.7522385069343718,0.07280219780219781,0.9498626373626373,0.05,0.05678771630514258,0.043525526634258405,0.05166861526470166,0.09203296703296704,Shellcode,0.10096153846153846,ens_mi+oe_pu
40f,45,oe_pu,Shellcode,1456,0.2399006485939026,0.8707760277586749,0.029532967032967032,0.945054945054945,0.05,0.04752620034121375,0.014727298832892335,0.05166861526470166,0.08997252747252747,Shellcode,0.10096153846153846,ens_mi+oe_pu
40f,45,combo,Shellcode,1456,0.8211065074335852,0.8507739056013008,0.12293956043956043,0.9539835164835165,0.05,0.05313185474043383,0.03417225606629336,0.05166861526470166,0.1929945054945055,Shellcode,0.10096153846153846,ens_mi+oe_pu
40f,46,noP_msp,Shellcode,1456,0.4655769169330597,0.814732773277632,0.3324175824175824,0.9498626373626373,0.05002058460271717,0.0492,0.09404549463622751,0.09404549463622751,0.3324175824175824,Shellcode,0.10645604395604395,ens_mi+oe_pu
40f,46,noP_entropy,Shellcode,1456,0.6005253670768298,0.8781581953367537,0.5467032967032966,0.9423076923076923,0.05002058460271717,0.0496,0.08370766927163456,0.09404549463622751,0.584478021978022,Shellcode,0.10645604395604395,ens_mi+oe_pu
40f,46,ens_mi,Shellcode,1456,0.019335797056555748,0.7576793245521324,0.14835164835164835,0.9347527472527473,0.05002058460271717,0.0522,0.0814924209792218,0.09404549463622751,0.1778846153846154,Shellcode,0.10645604395604395,ens_mi+oe_pu
40f,46,oe_pu,Shellcode,1456,0.18854792416095734,0.8554941561218097,0.042582417582417584,0.9196428571428571,0.05002058460271717,0.048,0.022008902016286178,0.09404549463622751,0.32211538461538464,Shellcode,0.10645604395604395,ens_mi+oe_pu
40f,46,combo,Shellcode,1456,0.8578149999999999,0.8423186144307152,0.26785714285714285,0.9361263736263736,0.05002058460271717,0.0536,0.07092896847373495,0.09404549463622751,0.3543956043956044,Shellcode,0.10645604395604395,ens_mi+oe_pu
40f,42,noP_msp,Overlap-Group-1 (all three),9412,0.43991991877555847,0.7376928041556363,0.36081597960051,0.9515512112197195,0.05,0.1382783882783883,0.11264767050449176,0.11264767050449176,0.36081597960051,Overlap-Group-1 (all three),0.5308117297067574,ens_mi+oe_pu
40f,42,noP_entropy,Overlap-Group-1 (all three),9412,0.46775338028153646,0.7066459366232875,0.10104122396940077,0.9534636634084148,0.05,0.1224053724053724,0.10926009305117815,0.11264767050449176,0.10454738631534212,Overlap-Group-1 (all three),0.5308117297067574,ens_mi+oe_pu
40f,42,ens_mi,Overlap-Group-1 (all three),9412,0.012677734717726707,0.6257556509458867,0.12388440288992775,0.9684445388865278,0.05,0.13064713064713065,0.13372354795137326,0.11264767050449176,0.10794730131746706,Overlap-Group-1 (all three),0.5308117297067574,ens_mi+oe_pu
40f,42,oe_pu,Overlap-Group-1 (all three),9412,0.12236371636390686,0.9023576727749105,0.5575860603484913,0.9442201444963876,0.05,0.11538461538461539,0.03574108616882142,0.11264767050449176,0.7203569910752231,Overlap-Group-1 (all three),0.5308117297067574,ens_mi+oe_pu
40f,42,combo,Overlap-Group-1 (all three),9412,0.7811431623931624,0.8051357595988704,0.3212919677008075,0.9741818954526137,0.05,0.12362637362637363,0.09714628760103772,0.11264767050449176,0.3725031874203145,Overlap-Group-1 (all three),0.5308117297067574,ens_mi+oe_pu
40f,43,noP_msp,Overlap-Group-1 (all three),9412,0.4587404131889343,0.7422574432208736,0.2947301317467063,0.9718444538886528,0.05,0.07139253279515641,0.08805557342252525,0.08805557342252525,0.29483637909052274,Overlap-Group-1 (all three),0.5332554186145346,ens_mi+oe_pu
40f,43,noP_entropy,Overlap-Group-1 (all three),9412,0.4731939295773776,0.7080371569884656,0.09976625584360391,0.9781130471738206,0.05,0.07719475277497477,0.10893848759674964,0.08805557342252525,0.08191670208244795,Overlap-Group-1 (all three),0.5332554186145346,ens_mi+oe_pu
40f,43,ens_mi,Overlap-Group-1 (all three),9412,0.018634244799613953,0.6072431566764914,0.07968550786230344,0.9786442838929027,0.05,0.06458123107971746,0.07810724469887009,0.08805557342252525,0.08648533786655334,Overlap-Group-1 (all three),0.5332554186145346,ens_mi+oe_pu
40f,43,oe_pu,Overlap-Group-1 (all three),9412,0.05862453952431679,0.9038705396401023,0.5944538886527837,0.9661070973225669,0.05,0.08804238143289607,0.04530348834716237,0.08805557342252525,0.6844453888652784,Overlap-Group-1 (all three),0.5332554186145346,ens_mi+oe_pu
40f,43,combo,Overlap-Group-1 (all three),9412,0.8584889001009083,0.7874110335391526,0.1756268593285168,0.9808754781130472,0.05,0.06432896064581231,0.07238266761004267,0.08805557342252525,0.21961325966850828,Overlap-Group-1 (all three),0.5332554186145346,ens_mi+oe_pu
40f,44,noP_msp,Overlap-Group-1 (all three),9412,0.470752477645874,0.7470379609155383,0.2513812154696133,0.9495325116872079,0.050058754406580495,0.0295,0.07345468579147102,0.07345468579147102,0.2513812154696133,Overlap-Group-1 (all three),0.5334679133021675,ens_mi+oe_pu
40f,44,noP_entropy,Overlap-Group-1 (all three),9412,0.5598412148973484,0.7078778702580633,0.05737356566085848,0.9494262643433914,0.050058754406580495,0.01625,0.05919684397847388,0.07345468579147102,0.06884827879303017,Overlap-Group-1 (all three),0.5334679133021675,ens_mi+oe_pu
40f,44,ens_mi,Overlap-Group-1 (all three),9412,0.01970544457435608,0.6255705888527074,0.07373565660858479,0.957713557161071,0.050058754406580495,0.02325,0.06562895306704401,0.07345468579147102,0.07968550786230344,Overlap-Group-1 (all three),0.5334679133021675,ens_mi+oe_pu
40f,44,oe_pu,Overlap-Group-1 (all three),9412,0.31179285049438477,0.9014553608121162,0.514980875478113,0.9417764555886103,0.050058754406580495,0.02475,0.029073133080337044,0.07345468579147102,0.6542711432214194,Overlap-Group-1 (all three),0.5334679133021675,ens_mi+oe_pu
40f,44,combo,Overlap-Group-1 (all three),9412,0.9495,0.7865406896323486,0.15926476838079048,0.9636634084147896,0.04958871915393655,0.01925,0.06095495379601638,0.07345468579147102,0.19804504887377816,Overlap-Group-1 (all three),0.5334679133021675,ens_mi+oe_pu
40f,45,noP_msp,Overlap-Group-1 (all three),9412,0.4879818856716156,0.7075697709570511,0.05004249893752656,0.9524011899702507,0.05,0.045668827342368885,0.05044917561801848,0.05044917561801848,0.05004249893752656,Overlap-Group-1 (all three),0.5313429664258393,ens_mi+oe_pu
40f,45,noP_entropy,Overlap-Group-1 (all three),9412,0.5794072211659153,0.6909784205154739,0.055886102847428815,0.9529324266893328,0.05,0.05097230406599882,0.05310778070796081,0.05044917561801848,0.0533361665958351,Overlap-Group-1 (all three),0.5313429664258393,ens_mi+oe_pu
40f,45,ens_mi,Overlap-Group-1 (all three),9412,0.02384079433977604,0.6208340145637565,0.060454738631534215,0.9590947726306842,0.05,0.05657041838538598,0.052614652344503764,0.05044917561801848,0.05811729706757331,Overlap-Group-1 (all three),0.5313429664258393,ens_mi+oe_pu
40f,45,oe_pu,Overlap-Group-1 (all three),9412,0.46900129318237305,0.9059413787564341,0.19283892902677433,0.9462388440288992,0.047,0.0427224513847967,0.011191869814112047,0.05044917561801848,0.5985975350616235,Overlap-Group-1 (all three),0.5313429664258393,ens_mi+oe_pu
40f,45,combo,Overlap-Group-1 (all three),9412,0.8532852091926931,0.7920649694864808,0.13015299617509563,0.9623884402889927,0.05,0.03741897466116677,0.0468471945284192,0.05044917561801848,0.14003399915002124,Overlap-Group-1 (all three),0.5313429664258393,ens_mi+oe_pu
40f,46,noP_msp,Overlap-Group-1 (all three),9412,0.4784092605113983,0.74012653031051,0.09902252443688908,0.9544198895027625,0.05007221954742417,0.02325,0.05928260543298814,0.05928260543298814,0.09902252443688908,Overlap-Group-1 (all three),0.5311304717382066,ens_mi+oe_pu
40f,46,noP_entropy,Overlap-Group-1 (all three),9412,0.5672671920640725,0.7105099562242082,0.04536761580960476,0.9539949001274968,0.05007221954742417,0.028,0.05617375270684591,0.05928260543298814,0.04781130471738206,Overlap-Group-1 (all three),0.5311304717382066,ens_mi+oe_pu
40f,46,ens_mi,Overlap-Group-1 (all three),9412,0.02075197920203209,0.624064096919264,0.06810454738631534,0.9630259243518912,0.05007221954742417,0.0325,0.06455693488561566,0.05928260543298814,0.0648108797280068,Overlap-Group-1 (all three),0.5311304717382066,ens_mi+oe_pu
40f,46,oe_pu,Overlap-Group-1 (all three),9412,0.223995178937912,0.9075037621095343,0.5466425839354017,0.9500637484062898,0.05007221954742417,0.04025,0.03286807744259343,0.05928260543298814,0.6255843603909902,Overlap-Group-1 (all three),0.5311304717382066,ens_mi+oe_pu
40f,46,combo,Overlap-Group-1 (all three),9412,0.9102125,0.7838459614478206,0.17881427964300892,0.9712069698257544,0.05007221954742417,0.031,0.06691537488475804,0.05928260543298814,0.1600084997875053,Overlap-Group-1 (all three),0.5311304717382066,ens_mi+oe_pu
