pool,seed,score,zero_day,n_zero_day,threshold,unknown_auroc,detection,flagged_or_attack,false_unknown_thr_half,false_unknown_cal_half,false_unknown_test
45f,42,msp,Shellcode+Worms,1627,0.495709091424942,0.8363544726570178,0.3484941610325753,0.9944683466502766,0.05,0.05181818181818182,0.04668840208073852
45f,42,msp,Shellcode,1456,0.495709091424942,0.8569383013910772,0.38255494505494503,0.9938186813186813,0.05,0.05181818181818182,0.04668840208073852
45f,42,msp,Worms,171,0.495709091424942,0.6610909952488861,0.05847953216374269,1.0,0.05,0.05181818181818182,0.04668840208073852
45f,42,entropy,Shellcode+Worms,1627,0.665704932932878,0.879465279813867,0.34603564843269824,0.9920098340503996,0.049666666666666665,0.0684090909090909,0.030240310645468532
45f,42,entropy,Shellcode,1456,0.665704932932878,0.9007973038619744,0.38255494505494503,0.9910714285714286,0.049666666666666665,0.0684090909090909,0.030240310645468532
45f,42,entropy,Worms,171,0.665704932932878,0.6978312037083453,0.03508771929824561,1.0,0.049666666666666665,0.0684090909090909,0.030240310645468532
45f,42,margin,Shellcode+Worms,1627,0.8945057392120361,0.8033561369578307,0.1622618315918869,0.9926244622003688,0.05,0.04522727272727273,0.050901164920506996
45f,42,margin,Shellcode,1456,0.8945057392120361,0.821407707635064,0.1778846153846154,0.9917582417582418,0.05,0.04522727272727273,0.050901164920506996
45f,42,margin,Worms,171,0.8945057392120361,0.6496538743493407,0.029239766081871343,1.0,0.05,0.04522727272727273,0.050901164920506996
45f,42,conformal,Shellcode+Worms,1627,0.7452069234852969,0.6385323227806031,0.17516902274124155,0.9920098340503996,0.05,0.045909090909090906,0.06183603194373214
45f,42,conformal,Shellcode,1456,0.7452069234852969,0.6456417956997211,0.18956043956043955,0.9910714285714286,0.05,0.045909090909090906,0.06183603194373214
45f,42,conformal,Worms,171,0.7452069234852969,0.5779978633055396,0.05263157894736842,1.0,0.05,0.045909090909090906,0.06183603194373214
45f,42,iforest,Shellcode+Worms,1627,0.5714374235042834,0.47740776040876987,0.007375537799631223,0.9858635525507068,0.05,0.029772727272727274,0.03787823283757052
45f,42,iforest,Shellcode,1456,0.5714374235042834,0.45175870142843455,0.0,0.9842032967032966,0.05,0.029772727272727274,0.03787823283757052
45f,42,iforest,Worms,171,0.5714374235042834,0.6957997479840221,0.07017543859649122,1.0,0.05,0.029772727272727274,0.03787823283757052
45f,42,iforest+msp:mean,Shellcode+Worms,1627,0.8493181818181819,0.7167285343854257,0.06084818684695759,0.9883220651505839,0.049833333333333334,0.05113636363636364,0.03177888489999267
45f,42,iforest+msp:mean,Shellcode,1456,0.8493181818181819,0.7146311085061177,0.059065934065934064,0.9869505494505495,0.049833333333333334,0.05113636363636364,0.03177888489999267
45f,42,iforest+msp:mean,Worms,171,0.8493181818181819,0.7345873184805861,0.07602339181286549,1.0,0.049833333333333334,0.05113636363636364,0.03177888489999267
45f,42,iforest+msp:max,Shellcode+Worms,1627,0.9811363636363636,0.7357035630285205,0.2034419176398279,0.9913952059004303,0.049833333333333334,0.037954545454545456,0.0412484431093853
45f,42,iforest+msp:max,Shellcode,1456,0.9811363636363636,0.7487872833536893,0.21978021978021978,0.9903846153846154,0.049833333333333334,0.037954545454545456,0.0412484431093853
45f,42,iforest+msp:max,Worms,171,0.9811363636363636,0.6243006578036905,0.06432748538011696,1.0,0.049833333333333334,0.037954545454545456,0.0412484431093853
45f,42,iforest+entropy:mean,Shellcode+Worms,1627,0.8436704545454546,0.7418776680587401,0.0743700061462815,0.9883220651505839,0.05,0.06431818181818182,0.034709502527657705
45f,42,iforest+entropy:mean,Shellcode,1456,0.8436704545454546,0.7396129192031136,0.07211538461538461,0.9869505494505495,0.05,0.06431818181818182,0.034709502527657705
45f,42,iforest+entropy:mean,Worms,171,0.8436704545454546,0.7611611436949518,0.0935672514619883,1.0,0.05,0.06431818181818182,0.034709502527657705
45f,42,iforest+entropy:max,Shellcode+Worms,1627,0.9827272727272728,0.7887288009239282,0.1757836508912108,0.990780577750461,0.049833333333333334,0.034545454545454546,0.03353725547659169
45f,42,iforest+entropy:max,Shellcode,1456,0.9827272727272728,0.804125580236124,0.18956043956043955,0.9896978021978022,0.049833333333333334,0.034545454545454546,0.03353725547659169
45f,42,iforest+entropy:max,Worms,171,0.9827272727272728,0.657631077657511,0.05847953216374269,1.0,0.049833333333333334,0.034545454545454546,0.03353725547659169
45f,42,iforest+margin:mean,Shellcode+Worms,1627,0.8513806818181818,0.6957938691010906,0.044253226797787336,0.9870928088506453,0.05,0.04045454545454545,0.03066158692944538
45f,42,iforest+margin:mean,Shellcode,1456,0.8513806818181818,0.692794182885032,0.042582417582417584,0.9855769230769231,0.05,0.04045454545454545,0.03066158692944538
45f,42,iforest+margin:mean,Worms,171,0.8513806818181818,0.7213350569992274,0.05847953216374269,1.0,0.05,0.04045454545454545,0.03066158692944538
45f,42,iforest+margin:max,Shellcode+Worms,1627,0.980909090909091,0.6854493416309859,0.07191149354640443,0.9901659496004918,0.049666666666666665,0.037954545454545456,0.046633453000219795
45f,42,iforest+margin:max,Shellcode,1456,0.980909090909091,0.6942723295048786,0.07417582417582418,0.989010989010989,0.049666666666666665,0.037954545454545456,0.046633453000219795
45f,42,iforest+margin:max,Worms,171,0.980909090909091,0.6103249536521108,0.05263157894736842,1.0,0.049666666666666665,0.037954545454545456,0.046633453000219795
45f,42,iforest+conformal:mean,Shellcode+Worms,1627,0.854909090909091,0.5956820199718799,0.0215119852489244,0.986478180700676,0.05,0.034772727272727275,0.03842772364275771
45f,42,iforest+conformal:mean,Shellcode,1456,0.854909090909091,0.5808800145564744,0.020604395604395604,0.9848901098901099,0.05,0.034772727272727275,0.03842772364275771
45f,42,iforest+conformal:mean,Worms,171,0.854909090909091,0.7217154695907718,0.029239766081871343,1.0,0.05,0.034772727272727275,0.03842772364275771
45f,42,iforest+conformal:max,Shellcode+Worms,1627,0.9811363636363636,0.5679324641239131,0.12046711739397664,0.9895513214505224,0.04816666666666667,0.0375,0.05331892446333065
45f,42,iforest+conformal:max,Shellcode,1456,0.9811363636363636,0.5646560846747216,0.12568681318681318,0.9883241758241759,0.04816666666666667,0.0375,0.05331892446333065
45f,42,iforest+conformal:max,Worms,171,0.9811363636363636,0.5958295897263857,0.07602339181286549,1.0,0.04816666666666667,0.0375,0.05331892446333065
45f,43,msp,Shellcode+Worms,1627,0.4756256639957428,0.8131855829373571,0.36263060848186845,0.9870928088506453,0.05,0.0825,0.07430947322148143
45f,43,msp,Shellcode,1456,0.4756256639957428,0.8338494726800418,0.39766483516483514,0.9855769230769231,0.05,0.0825,0.07430947322148143
45f,43,msp,Worms,171,0.4756256639957428,0.6372404164733273,0.06432748538011696,1.0,0.05,0.0825,0.07430947322148143
45f,43,entropy,Shellcode+Worms,1627,0.6542903054213264,0.860138508383174,0.34726490473263677,0.9858635525507068,0.05,0.096875,0.05159718660707744
45f,43,entropy,Shellcode,1456,0.6542903054213264,0.8825839354752874,0.38461538461538464,0.9842032967032966,0.05,0.096875,0.05159718660707744
45f,43,entropy,Worms,171,0.6542903054213264,0.6690242285813197,0.029239766081871343,1.0,0.05,0.096875,0.05159718660707744
45f,43,margin,Shellcode+Worms,1627,0.8256251811981201,0.7820145377637415,0.256299938537185,0.9852489244007375,0.049666666666666665,0.06291666666666666,0.08806505971133416
45f,43,margin,Shellcode,1456,0.8256251811981201,0.8000846339123182,0.2815934065934066,0.9835164835164835,0.049666666666666665,0.06291666666666666,0.08806505971133416
45f,43,margin,Worms,171,0.8256251811981201,0.6281545378086092,0.04093567251461988,1.0,0.049666666666666665,0.06291666666666666,0.08806505971133416
45f,43,conformal,Shellcode+Worms,1627,0.8593910806174959,0.5726603309697611,0.041180086047940996,0.9920098340503996,0.05,0.029166666666666667,0.09491537841600117
45f,43,conformal,Shellcode,1456,0.8593910806174959,0.581253644402158,0.04326923076923077,0.9910714285714286,0.05,0.029166666666666667,0.09491537841600117
45f,43,conformal,Worms,171,0.8593910806174959,0.4994915335570714,0.023391812865497075,1.0,0.05,0.029166666666666667,0.09491537841600117
45f,43,iforest,Shellcode+Worms,1627,0.52543783154161,0.44064877313259476,0.011677934849416103,0.9741856177012908,0.05,0.104375,0.06341123891860209
45f,43,iforest,Shellcode,1456,0.52543783154161,0.4102763032996017,0.0,0.9711538461538461,0.05,0.104375,0.06341123891860209
45f,43,iforest,Worms,171,0.52543783154161,0.6992588086696582,0.1111111111111111,1.0,0.05,0.104375,0.06341123891860209
45f,43,iforest+msp:mean,Shellcode+Worms,1627,0.8179166666666666,0.6850381354048916,0.05654578979717271,0.9754148740012293,0.049666666666666665,0.07875,0.05395999706938237
45f,43,iforest+msp:mean,Shellcode,1456,0.8179166666666666,0.6786772068094189,0.05563186813186813,0.9725274725274725,0.049666666666666665,0.07875,0.05395999706938237
45f,43,iforest+msp:mean,Worms,171,0.8179166666666666,0.7391990244985066,0.06432748538011696,1.0,0.049666666666666665,0.07875,0.05395999706938237
45f,43,iforest+msp:max,Shellcode+Worms,1627,0.9504166666666667,0.7362221850816523,0.3091579594345421,0.9852489244007375,0.04933333333333333,0.09854166666666667,0.07476738222580409
45f,43,iforest+msp:max,Shellcode,1456,0.9504166666666667,0.7525187133823756,0.33791208791208793,0.9835164835164835,0.04933333333333333,0.09854166666666667,0.07476738222580409
45f,43,iforest+msp:max,Worms,171,0.9504166666666667,0.5974634411877742,0.06432748538011696,1.0,0.04933333333333333,0.09854166666666667,0.07476738222580409
45f,43,iforest+entropy:mean,Shellcode+Worms,1627,0.8226197916666668,0.710001746977733,0.054701905347264906,0.97480024585126,0.05,0.081875,0.05394168070920947
45f,43,iforest+entropy:mean,Shellcode,1456,0.8226197916666668,0.7041287013137058,0.050824175824175824,0.9718406593406593,0.05,0.081875,0.05394168070920947
45f,43,iforest+entropy:mean,Worms,171,0.8226197916666668,0.7600084983626674,0.08771929824561403,1.0,0.05,0.081875,0.05394168070920947
45f,43,iforest+entropy:max,Shellcode+Worms,1627,0.9448125,0.7910562395339508,0.19360786724031961,0.9791026429010449,0.05,0.11,0.054839182357681884
45f,43,iforest+entropy:max,Shellcode,1456,0.9448125,0.8098386240609343,0.20947802197802198,0.9766483516483516,0.05,0.11,0.054839182357681884
45f,43,iforest+entropy:max,Worms,171,0.9448125,0.6311313747895761,0.05847953216374269,1.0,0.05,0.11,0.054839182357681884
45f,43,iforest+margin:mean,Shellcode+Worms,1627,0.7958385416666668,0.6666242549676964,0.06699446834665028,0.97480024585126,0.05,0.08666666666666667,0.06308154443548979
45f,43,iforest+margin:mean,Shellcode,1456,0.7958385416666668,0.6595578516197701,0.06456043956043957,0.9718406593406593,0.05,0.08666666666666667,0.06308154443548979
45f,43,iforest+margin:mean,Worms,171,0.7958385416666668,0.7267919934155362,0.08771929824561403,1.0,0.05,0.08666666666666667,0.06308154443548979
45f,43,iforest+margin:max,Shellcode+Worms,1627,0.9639583333333334,0.697676761656714,0.15795943454210204,0.9827904118008605,0.049166666666666664,0.07145833333333333,0.07577478203531395
45f,43,iforest+margin:max,Shellcode,1456,0.9639583333333334,0.711002330605873,0.16964285714285715,0.9807692307692307,0.049166666666666664,0.07145833333333333,0.07577478203531395
45f,43,iforest+margin:max,Worms,171,0.9639583333333334,0.5842146073293719,0.05847953216374269,1.0,0.049166666666666664,0.07145833333333333,0.07577478203531395
45f,43,iforest+conformal:mean,Shellcode+Worms,1627,0.8305364583333334,0.5194524022981482,0.028272894898586354,0.9766441303011678,0.05,0.03979166666666667,0.052458055535204044
45f,43,iforest+conformal:mean,Shellcode,1456,0.8305364583333334,0.5045488667909495,0.023351648351648352,0.9739010989010989,0.05,0.03979166666666667,0.052458055535204044
45f,43,iforest+conformal:mean,Worms,171,0.8305364583333334,0.6463503420553484,0.07017543859649122,1.0,0.05,0.03979166666666667,0.052458055535204044
45f,43,iforest+conformal:max,Shellcode+Worms,1627,0.9795833333333334,0.5260539303441543,0.03073140749846343,0.9901659496004918,0.048666666666666664,0.040625,0.07013334310205876
45f,43,iforest+conformal:max,Shellcode,1456,0.9795833333333334,0.528184544524455,0.03021978021978022,0.989010989010989,0.048666666666666664,0.040625,0.07013334310205876
45f,43,iforest+conformal:max,Worms,171,0.9795833333333334,0.5079125604814783,0.03508771929824561,1.0,0.048666666666666664,0.040625,0.07013334310205876
45f,44,msp,Shellcode+Worms,1627,0.48483338952064514,0.8353294994988725,0.38229870928088505,0.9883220651505839,0.05,0.0218,0.06251373727012968
45f,44,msp,Shellcode,1456,0.48483338952064514,0.8563815960030885,0.41895604395604397,0.9869505494505495,0.05,0.0218,0.06251373727012968
45f,44,msp,Worms,171,0.48483338952064514,0.656078900024379,0.07017543859649122,1.0,0.05,0.0218,0.06251373727012968
45f,44,entropy,Shellcode+Worms,1627,0.6802286859539964,0.8832208766608503,0.31346035648432696,0.9821757836508912,0.05,0.0202,0.02877500183163602
45f,44,entropy,Shellcode,1456,0.6802286859539964,0.9053735382638828,0.3475274725274725,0.9800824175824175,0.05,0.0202,0.02877500183163602
45f,44,entropy,Worms,171,0.6802286859539964,0.6945993837133924,0.023391812865497075,1.0,0.05,0.0202,0.02877500183163602
45f,44,margin,Shellcode+Worms,1627,0.8743594884872437,0.797540416788044,0.21204671173939765,0.9852489244007375,0.05,0.0146,0.07218477544142428
45f,44,margin,Shellcode,1456,0.8743594884872437,0.8153036673881836,0.23076923076923078,0.9835164835164835,0.05,0.0146,0.07218477544142428
45f,44,margin,Worms,171,0.8743594884872437,0.6462930900406558,0.05263157894736842,1.0,0.05,0.0146,0.07218477544142428
45f,44,conformal,Shellcode+Worms,1627,0.8604651162790697,0.5395509319323528,0.005531653349723417,0.9766441303011678,0.04962962962962963,0.0994,0.11486189464429629
45f,44,conformal,Shellcode,1456,0.8604651162790697,0.5440431850459599,0.006181318681318681,0.9739010989010989,0.04962962962962963,0.0994,0.11486189464429629
45f,44,conformal,Worms,171,0.8604651162790697,0.5013011042515807,0.0,1.0,0.04962962962962963,0.0994,0.11486189464429629
45f,44,iforest,Shellcode+Worms,1627,0.5214836417535491,0.4513633597504706,0.014136447449293177,0.9741856177012908,0.05,0.0718,0.06289838083376072
45f,44,iforest,Shellcode,1456,0.5214836417535491,0.42694290161538223,0.0,0.9711538461538461,0.05,0.0718,0.06289838083376072
45f,44,iforest,Worms,171,0.5214836417535491,0.6592942781404632,0.13450292397660818,1.0,0.05,0.0718,0.06289838083376072
45f,44,iforest+msp:mean,Shellcode+Worms,1627,0.9223,0.6113505909846223,0.044253226797787336,0.9754148740012293,0.04962962962962963,0.018,0.03965491977434244
45f,44,iforest+msp:mean,Shellcode,1456,0.9223,0.5967376801343576,0.040521978021978024,0.9725274725274725,0.04962962962962963,0.018,0.03965491977434244
45f,44,iforest+msp:mean,Worms,171,0.9223,0.7357739722593906,0.07602339181286549,1.0,0.04962962962962963,0.018,0.03965491977434244
45f,44,iforest+msp:max,Shellcode+Worms,1627,0.9812,0.8096400838603349,0.3620159803318992,0.9870928088506453,0.04962962962962963,0.0378,0.06212909370649865
45f,44,iforest+msp:max,Shellcode,1456,0.9812,0.8288379165160432,0.39285714285714285,0.9855769230769231,0.04962962962962963,0.0378,0.06212909370649865
45f,44,iforest+msp:max,Worms,171,0.9812,0.6461778362187491,0.09941520467836257,1.0,0.04962962962962963,0.0378,0.06212909370649865
45f,44,iforest+entropy:mean,Shellcode+Worms,1627,0.925505,0.6180952894734675,0.04240934234787953,0.9754148740012293,0.05,0.0176,0.03903216352846362
45f,44,iforest+entropy:mean,Shellcode,1456,0.925505,0.6034617971046463,0.03708791208791209,0.9725274725274725,0.05,0.0176,0.03903216352846362
45f,44,iforest+entropy:mean,Worms,171,0.925505,0.7426939145553579,0.08771929824561403,1.0,0.05,0.0176,0.03903216352846362
45f,44,iforest+entropy:max,Shellcode+Worms,1627,0.9806,0.8625452353304418,0.28211432083589427,0.9809465273509527,0.048518518518518516,0.0388,0.03254817202725475
45f,44,iforest+entropy:max,Shellcode,1456,0.9806,0.8827227988968319,0.3083791208791209,0.9787087912087912,0.048518518518518516,0.0388,0.03254817202725475
45f,44,iforest+entropy:max,Worms,171,0.9806,0.690740951396735,0.05847953216374269,1.0,0.048518518518518516,0.0388,0.03254817202725475
45f,44,iforest+margin:mean,Shellcode+Worms,1627,0.919405,0.6047798585152928,0.04363859864781807,0.9754148740012293,0.05,0.0154,0.041962781156128656
45f,44,iforest+margin:mean,Shellcode,1456,0.919405,0.5896158490659461,0.03914835164835165,0.9725274725274725,0.05,0.0154,0.041962781156128656
45f,44,iforest+margin:mean,Worms,171,0.919405,0.7338956348793197,0.08187134502923976,1.0,0.05,0.0154,0.041962781156128656
45f,44,iforest+margin:max,Shellcode+Worms,1627,0.9866,0.7681716023872376,0.17947141979102643,0.9852489244007375,0.047592592592592596,0.0266,0.06723935819473954
45f,44,iforest+margin:max,Shellcode,1456,0.9866,0.7841063835333104,0.19230769230769232,0.9835164835164835,0.047592592592592596,0.0266,0.06723935819473954
45f,44,iforest+margin:max,Worms,171,0.9866,0.6324929980089795,0.07017543859649122,1.0,0.047592592592592596,0.0266,0.06723935819473954
45f,44,iforest+conformal:mean,Shellcode+Worms,1627,0.818805,0.5085412215821166,0.05224339274738783,0.9791026429010449,0.05,0.0812,0.10731555425305883
45f,44,iforest+conformal:mean,Shellcode,1456,0.818805,0.491924095393214,0.04739010989010989,0.9766483516483516,0.05,0.0812,0.10731555425305883
45f,44,iforest+conformal:mean,Worms,171,0.818805,0.6500297346291461,0.0935672514619883,1.0,0.05,0.0812,0.10731555425305883
45f,44,iforest+conformal:max,Shellcode+Worms,1627,0.9492200000000001,0.4460089540545531,0.008604794099569761,0.9741856177012908,0.05,0.0992,0.1083595867829145
45f,44,iforest+conformal:max,Shellcode,1456,0.9492200000000001,0.4375465331155767,0.0,0.9711538461538461,0.05,0.0992,0.1083595867829145
45f,44,iforest+conformal:max,Worms,171,0.9492200000000001,0.5180632516402247,0.08187134502923976,1.0,0.05,0.0992,0.1083595867829145
45f,45,msp,Shellcode+Worms,1627,0.5272436141967773,0.8355354600455003,0.2876459741856177,0.9913952059004303,0.05,0.041875,0.031504139497399074
45f,45,msp,Shellcode,1456,0.5272436141967773,0.8549475545747022,0.3159340659340659,0.9903846153846154,0.05,0.041875,0.031504139497399074
45f,45,msp,Worms,171,0.5272436141967773,0.6702488539956871,0.04678362573099415,1.0,0.05,0.041875,0.031504139497399074
45f,45,entropy,Shellcode+Worms,1627,0.7049678676234927,0.8824316520573335,0.26306084818684694,0.9889366933005531,0.05,0.0425,0.021411825042127627
45f,45,entropy,Shellcode,1456,0.7049678676234927,0.9043834547110885,0.2918956043956044,0.9876373626373627,0.05,0.0425,0.021411825042127627
45f,45,entropy,Worms,171,0.7049678676234927,0.695520396713081,0.017543859649122806,1.0,0.05,0.0425,0.021411825042127627
45f,45,margin,Shellcode+Worms,1627,0.9251821637153625,0.8009056342474822,0.13030116779348494,0.990780577750461,0.05,0.043333333333333335,0.039398490731921754
45f,45,margin,Shellcode,1456,0.9251821637153625,0.8169316848575632,0.1401098901098901,0.9896978021978022,0.05,0.043333333333333335,0.039398490731921754
45f,45,margin,Worms,171,0.9251821637153625,0.6644499050762667,0.04678362573099415,1.0,0.05,0.043333333333333335,0.039398490731921754
45f,45,conformal,Shellcode+Worms,1627,0.7416777629826897,0.7972240965126056,0.21634910878918254,0.9846342962507683,0.04933333333333333,0.05541666666666667,0.031522455857571983
45f,45,conformal,Shellcode,1456,0.7416777629826897,0.7974250002918541,0.22046703296703296,0.9828296703296703,0.04933333333333333,0.05541666666666667,0.031522455857571983
45f,45,conformal,Worms,171,0.7416777629826897,0.7955134771992378,0.18128654970760233,1.0,0.04933333333333333,0.05541666666666667,0.031522455857571983
45f,45,iforest,Shellcode+Worms,1627,0.5478135445797045,0.4781148766085243,0.010448678549477565,0.9846342962507683,0.05,0.05354166666666667,0.048373507216645906
45f,45,iforest,Shellcode,1456,0.5478135445797045,0.4510424701040772,0.0,0.9828296703296703,0.05,0.05354166666666667,0.048373507216645906
45f,45,iforest,Worms,171,0.5478135445797045,0.7086261273130564,0.09941520467836257,1.0,0.05,0.05354166666666667,0.048373507216645906
45f,45,iforest+msp:mean,Shellcode+Worms,1627,0.8656302083333335,0.7208820758283352,0.03011677934849416,0.9852489244007375,0.05,0.03208333333333333,0.016851051359073926
45f,45,iforest+msp:mean,Shellcode,1456,0.8656302083333335,0.7178153750143914,0.028846153846153848,0.9835164835164835,0.05,0.03208333333333333,0.016851051359073926
45f,45,iforest+msp:mean,Worms,171,0.8656302083333335,0.7469938675540782,0.04093567251461988,1.0,0.05,0.03208333333333333,0.016851051359073926
45f,45,iforest+msp:max,Shellcode+Worms,1627,0.9752083333333333,0.742501398100043,0.2077443146896128,0.9901659496004918,0.049166666666666664,0.049375,0.04800718001318778
45f,45,iforest+msp:max,Shellcode,1456,0.9752083333333333,0.7563474805242747,0.22527472527472528,0.989010989010989,0.049166666666666664,0.049375,0.04800718001318778
45f,45,iforest+msp:max,Worms,171,0.9752083333333333,0.6246072693884563,0.05847953216374269,1.0,0.049166666666666664,0.049375,0.04800718001318778
45f,45,iforest+entropy:mean,Shellcode+Worms,1627,0.8552083333333333,0.7531765769620582,0.03626306084818685,0.9846342962507683,0.049833333333333334,0.041041666666666664,0.019690087185874422
45f,45,iforest+entropy:mean,Shellcode,1456,0.8552083333333333,0.7514278898486304,0.03365384615384615,0.9828296703296703,0.049833333333333334,0.041041666666666664,0.019690087185874422
45f,45,iforest+entropy:mean,Worms,171,0.8552083333333333,0.768065983027268,0.05847953216374269,1.0,0.049833333333333334,0.041041666666666664,0.019690087185874422
45f,45,iforest+entropy:max,Shellcode+Worms,1627,0.97875,0.8039436226711824,0.189920098340504,0.9889366933005531,0.04783333333333333,0.0425,0.03888563264708037
45f,45,iforest+entropy:max,Shellcode,1456,0.97875,0.8217902377725212,0.20604395604395603,0.9876373626373627,0.04783333333333333,0.0425,0.03888563264708037
45f,45,iforest+entropy:max,Worms,171,0.97875,0.651986478884343,0.05263157894736842,1.0,0.04783333333333333,0.0425,0.03888563264708037
45f,45,iforest+margin:mean,Shellcode+Worms,1627,0.8532291666666667,0.6955599330443034,0.023970497848801474,0.9858635525507068,0.049666666666666665,0.029375,0.019305443622243387
45f,45,iforest+margin:mean,Shellcode,1456,0.8532291666666667,0.6906454700420834,0.02197802197802198,0.9842032967032966,0.049666666666666665,0.029375,0.019305443622243387
45f,45,iforest+margin:mean,Worms,171,0.8532291666666667,0.7374047174374747,0.04093567251461988,1.0,0.049666666666666665,0.029375,0.019305443622243387
45f,45,iforest+margin:max,Shellcode+Worms,1627,0.9731354166666667,0.691345565975079,0.08358942839582052,0.9883220651505839,0.05,0.05333333333333334,0.05253132097589567
45f,45,iforest+margin:max,Shellcode,1456,0.9731354166666667,0.7001518245107519,0.08447802197802198,0.9869505494505495,0.05,0.05333333333333334,0.05253132097589567
45f,45,iforest+margin:max,Worms,171,0.9731354166666667,0.6163636219520399,0.07602339181286549,1.0,0.05,0.05333333333333334,0.05253132097589567
45f,45,iforest+conformal:mean,Shellcode+Worms,1627,0.8268802083333334,0.6872846420460863,0.04548248309772587,0.9846342962507683,0.05,0.044583333333333336,0.036724302146677414
45f,45,iforest+conformal:mean,Shellcode,1456,0.8268802083333334,0.6708013040242049,0.03983516483516483,0.9828296703296703,0.05,0.044583333333333336,0.036724302146677414
45f,45,iforest+conformal:mean,Worms,171,0.8268802083333334,0.8276339997060813,0.0935672514619883,1.0,0.05,0.044583333333333336,0.036724302146677414
45f,45,iforest+conformal:max,Shellcode+Worms,1627,0.97125,0.7231183322876384,0.13829133374308544,0.9846342962507683,0.04883333333333333,0.056875,0.0472195765257528
45f,45,iforest+conformal:max,Shellcode,1456,0.97125,0.7175269300814213,0.13804945054945056,0.9828296703296703,0.04883333333333333,0.056875,0.0472195765257528
45f,45,iforest+conformal:max,Worms,171,0.97125,0.7707269966867739,0.14035087719298245,1.0,0.04883333333333333,0.056875,0.0472195765257528
45f,46,msp,Shellcode+Worms,1627,0.5042210817337036,0.8264797761490864,0.3343577135832821,0.9846342962507683,0.05,0.0288,0.040039563337973476
45f,46,msp,Shellcode,1456,0.5042210817337036,0.846102790557856,0.3646978021978022,0.9828296703296703,0.05,0.0288,0.040039563337973476
45f,46,msp,Worms,171,0.5042210817337036,0.6593972674989792,0.07602339181286549,1.0,0.05,0.0288,0.040039563337973476
45f,46,entropy,Shellcode+Worms,1627,0.7306287732433326,0.8690458207559868,0.21020282728948986,0.9778733866011063,0.05,0.0124,0.016063447871638947
45f,46,entropy,Shellcode,1456,0.7306287732433326,0.8903858746343775,0.23282967032967034,0.9752747252747253,0.05,0.0124,0.016063447871638947
45f,46,entropy,Worms,171,0.7306287732433326,0.6873433736978781,0.017543859649122806,1.0,0.05,0.0124,0.016063447871638947
45f,46,margin,Shellcode+Worms,1627,0.848190426826477,0.7940336950328508,0.2618315918869084,0.9827904118008605,0.05,0.0494,0.07557330207341197
45f,46,margin,Shellcode,1456,0.848190426826477,0.8107858163843265,0.28296703296703296,0.9807692307692307,0.05,0.0494,0.07557330207341197
45f,46,margin,Worms,171,0.848190426826477,0.6513957494904624,0.08187134502923976,1.0,0.05,0.0494,0.07557330207341197
45f,46,conformal,Shellcode+Worms,1627,0.848912628767646,0.592719272724096,0.0725261216963737,0.9883220651505839,0.0496551724137931,0.0224,0.10365228221847754
45f,46,conformal,Shellcode,1456,0.848912628767646,0.5987650533811195,0.07211538461538461,0.9869505494505495,0.0496551724137931,0.0224,0.10365228221847754
45f,46,conformal,Worms,171,0.848912628767646,0.5412417485332988,0.07602339181286549,1.0,0.0496551724137931,0.0224,0.10365228221847754
45f,46,iforest,Shellcode+Worms,1627,0.5355239235056016,0.4343242251526697,0.01290719114935464,0.9704978488014752,0.05,0.0354,0.04667008572056561
45f,46,iforest,Shellcode,1456,0.5355239235056016,0.40265735791335194,0.0,0.967032967032967,0.05,0.0354,0.04667008572056561
45f,46,iforest,Worms,171,0.5355239235056016,0.7039555625821827,0.12280701754385964,1.0,0.05,0.0354,0.04667008572056561
45f,46,iforest+msp:mean,Shellcode+Worms,1627,0.8917999999999999,0.6593600281767987,0.040565457897971724,0.9735709895513215,0.04982758620689655,0.0326,0.03681588394754194
45f,46,iforest+msp:mean,Shellcode,1456,0.8917999999999999,0.6476527269940477,0.03777472527472527,0.970467032967033,0.04982758620689655,0.0326,0.03681588394754194
45f,46,iforest+msp:mean,Worms,171,0.8917999999999999,0.7590432476041986,0.06432748538011696,1.0,0.04982758620689655,0.0326,0.03681588394754194
45f,46,iforest+msp:max,Shellcode+Worms,1627,0.9852200000000001,0.7448718075439809,0.27473878303626303,0.9821757836508912,0.05,0.0298,0.04558942047036413
45f,46,iforest+msp:max,Shellcode,1456,0.9852200000000001,0.7583343275661624,0.29464285714285715,0.9800824175824175,0.05,0.0298,0.04558942047036413
45f,46,iforest+msp:max,Worms,171,0.9852200000000001,0.630243566887277,0.10526315789473684,1.0,0.05,0.0298,0.04558942047036413
45f,46,iforest+entropy:mean,Shellcode+Worms,1627,0.9068,0.6810223888289251,0.037492317148125384,0.9729563614013522,0.04982758620689655,0.0304,0.029910616162356216
45f,46,iforest+entropy:mean,Shellcode,1456,0.9068,0.6700156567139726,0.034340659340659344,0.9697802197802198,0.04982758620689655,0.0304,0.029910616162356216
45f,46,iforest+entropy:mean,Worms,171,0.9068,0.7747405289422056,0.06432748538011696,1.0,0.04982758620689655,0.0304,0.029910616162356216
45f,46,iforest+entropy:max,Shellcode+Worms,1627,0.991,0.7981298613499943,0.1604179471419791,0.9778733866011063,0.04810344827586207,0.018,0.021137079639534033
45f,46,iforest+entropy:max,Shellcode,1456,0.991,0.8143282708893056,0.17307692307692307,0.9752747252747253,0.04810344827586207,0.018,0.021137079639534033
45f,46,iforest+entropy:max,Worms,171,0.991,0.6602065614129348,0.05263157894736842,1.0,0.04810344827586207,0.018,0.021137079639534033
45f,46,iforest+margin:mean,Shellcode+Worms,1627,0.8747,0.64068023404233,0.04240934234787953,0.9735709895513215,0.04982758620689655,0.0376,0.04309839548684885
45f,46,iforest+margin:mean,Shellcode,1456,0.8747,0.6275065926316705,0.03777472527472527,0.970467032967033,0.04982758620689655,0.0376,0.04309839548684885
45f,46,iforest+margin:mean,Worms,171,0.8747,0.7528487831295826,0.08187134502923976,1.0,0.04982758620689655,0.0376,0.04309839548684885
45f,46,iforest+margin:max,Shellcode+Worms,1627,0.9804,0.6948432421276914,0.12046711739397664,0.97480024585126,0.04913793103448276,0.0386,0.06233057366840061
45f,46,iforest+margin:max,Shellcode,1456,0.9804,0.7038472067852655,0.12431318681318682,0.9718406593406593,0.04913793103448276,0.0386,0.06233057366840061
45f,46,iforest+margin:max,Worms,171,0.9804,0.618177905628114,0.08771929824561403,1.0,0.04913793103448276,0.0386,0.06233057366840061
45f,46,iforest+conformal:mean,Shellcode+Worms,1627,0.8859250000000001,0.5312067209851631,0.02519975414874001,0.9741856177012908,0.05,0.0176,0.0850245439226317
45f,46,iforest+conformal:mean,Shellcode,1456,0.8859250000000001,0.5137049397411878,0.019917582417582416,0.9711538461538461,0.05,0.0176,0.0850245439226317
45f,46,iforest+conformal:mean,Worms,171,0.8859250000000001,0.6802277355537475,0.07017543859649122,1.0,0.05,0.0176,0.0850245439226317
45f,46,iforest+conformal:max,Shellcode+Worms,1627,0.99,0.5360219423465375,0.0528580208973571,0.9821757836508912,0.04982758620689655,0.0204,0.0861784746135248
45f,46,iforest+conformal:max,Shellcode,1456,0.99,0.5294042556050075,0.04807692307692308,0.9800824175824175,0.04982758620689655,0.0204,0.0861784746135248
45f,46,iforest+conformal:max,Worms,171,0.99,0.5923690294557064,0.0935672514619883,1.0,0.04982758620689655,0.0204,0.0861784746135248
