pool,seed,score,target,threshold,alert_fpr_off,alert_fpr_on,confident_alert_fpr,review_rate_normal,normal_called_normal_but_reviewed,share_of_false_alerts_that_skip_review,zero_day_catch,zero_day_flagged,known_attack_alert_rate,known_attack_confident_detection
40f,42,msp,0.005,0.6392396092414856,0.29835658548120125,0.29974580279025775,0.2951938992669662,0.004551903523291558,0.0013892173090565146,0.9893996433524866,0.9532882606023356,0.04179471419791026,0.9659988441533424,0.9584858408784435
40f,42,msp,0.01,0.6133160591125488,0.29835658548120125,0.3016670607708678,0.2913218254906597,0.010345235280208087,0.003310475289666588,0.9764216366158113,0.9545175169022742,0.06699446834665028,0.9669138894240031,0.9528992486996725
40f,42,msp,0.02,0.5700592398643494,0.29835658548120125,0.30689879404114445,0.2825727122251123,0.024326081816032158,0.008542208559943249,0.9470972855161481,0.9557467732022127,0.11800860479409957,0.9686958196879214,0.9433153534964361
40f,42,msp,0.03,0.5379092693328857,0.29835658548120125,0.3131059352092693,0.274887680302672,0.038218254906597304,0.0147493497280681,0.9213394095502278,0.9594345421020283,0.18254456054087279,0.9707185513388558,0.9312271238682335
40f,42,msp,0.05,0.5047785639762878,0.29835658548120125,0.320731851501537,0.2640104043509104,0.056721447150626624,0.022375266020335776,0.884882108183079,0.9674247080516287,0.23847572218807622,0.9728376035445964,0.9133115006742439
40f,42,msp,0.075,0.4794798493385315,0.29835658548120125,0.3337077323244266,0.2456254433672263,0.08808228895720029,0.03535114684322535,0.8232613433723004,0.9735709895513215,0.28088506453595574,0.9764014640724331,0.8941918705451743
40f,42,msp,0.1,0.45992377400398254,0.29835658548120125,0.34369827382359897,0.23229486876330102,0.11140340506029794,0.04534168834239773,0.7785813354468001,0.9784880147510756,0.3239090350338045,0.9790984396070121,0.8732903101521865
40f,42,msp,0.15,0.429955393075943,0.29835658548120125,0.35829983447623553,0.21432371719082524,0.14397611728541027,0.05994324899503429,0.7183475331880324,0.9821757836508912,0.3878303626306085,0.9824214987478328,0.8260932382970526
40f,42,msp,0.2,0.3979169726371765,0.29835658548120125,0.3708914637030031,0.19425396074722157,0.1766375029557815,0.07253487822180184,0.6510798494154943,0.9852489244007375,0.4597418561770129,0.9855519167790406,0.777499518397226
40f,42,msp,0.3,0.30990976095199585,0.29835658548120125,0.3978481910617167,0.14506975644360368,0.252778434618113,0.0994916055805155,0.48622944323360406,0.9932390903503381,0.6896127842655193,0.9916682720092468,0.6792525524947024
40f,42,entropy,0.005,0.7955000266836861,0.29835658548120125,0.2985339323717191,0.2977358713643887,0.0007980610073303381,0.00017734689051785292,0.9979195561719832,0.9502151198524893,0.04240934234787953,0.9654209208245039,0.9588711230976691
40f,42,entropy,0.01,0.7783073003888125,0.29835658548120125,0.2986521636320643,0.2972629463230078,0.0013892173090565146,0.0002955781508630882,0.996334456112542,0.9502151198524893,0.06207744314689613,0.9655172413793104,0.955692544789058
40f,42,entropy,0.02,0.7363295385898351,0.29835658548120125,0.2992433199337905,0.2945436273350674,0.0046996925987231025,0.0008867344525892646,0.9872201307707549,0.9514443761524278,0.11677934849416104,0.9661914852629551,0.9440859179348873
40f,42,entropy,0.03,0.7177106462649566,0.29835658548120125,0.2995980137148262,0.2929475053204067,0.006650508394419484,0.0012414282336249704,0.9818704180701405,0.9520590043023971,0.1407498463429625,0.9668175688691967,0.9341649007898285
40f,42,entropy,0.05,0.6912815126057171,0.29835658548120125,0.3012828091747458,0.2885433908725467,0.012739418302199101,0.0029262236935445733,0.967109173766594,0.9532882606023356,0.1856177012907191,0.9676844538624543,0.9109516470814872
40f,42,entropy,0.075,0.6551638286217758,0.29835658548120125,0.30477063135493027,0.2808288011350201,0.023941830219910143,0.006414045873729014,0.9412522290469586,0.958819913952059,0.288260602335587,0.9693700635715662,0.8726160662685417
40f,42,entropy,0.1,0.6234911290061868,0.29835658548120125,0.31216008512650745,0.267705131236699,0.04445495388980847,0.013803499645306219,0.8972657023974637,0.9649661954517517,0.38660110633066996,0.9717299171643229,0.8382296282026584
40f,42,entropy,0.15,0.5480923604098652,0.29835658548120125,0.33234807283045636,0.2385906833766848,0.09375738945377157,0.033991487349255146,0.7996829799881117,0.9760295021511985,0.604179471419791,0.975679059911385,0.7822192255827394
40f,42,entropy,0.2,0.4660976155072536,0.29835658548120125,0.35404350910380705,0.20391936628044455,0.1501241428233625,0.05568692362260582,0.6834753318803248,0.990780577750461,0.7559926244622004,0.9801579657098825,0.7290984396070121
40f,42,entropy,0.3,0.39343961317159876,0.29835658548120125,0.3914341451879877,0.14297115157247575,0.24846299361551194,0.09307755970678648,0.4791955617198335,0.9981561155500922,0.8641671788567916,0.9898863417453284,0.6422654594490464
40f,42,msp_cal,0.005,0.6562420725822449,0.29835658548120125,0.29918420430361786,0.2958146133837787,0.0033695909198392057,0.000827618822416647,0.9914800871805032,0.9520590043023971,0.04548248309772587,0.9657098824889231,0.9587748025428626
40f,42,msp_cal,0.01,0.6318159699440002,0.29835658548120125,0.30113502009931425,0.2921494443130764,0.008985575786237881,0.0027784346181130293,0.9791955617198335,0.9545175169022742,0.07006760909649662,0.9669138894240031,0.9529955692544789
40f,42,msp_cal,0.02,0.5938452482223511,0.29835658548120125,0.30589382832821,0.2841097186096004,0.021784109718609602,0.007537242847008749,0.9522488607093322,0.956361401352182,0.11923786109403811,0.9684068580235022,0.9428819109998073
40f,42,msp_cal,0.03,0.5682344436645508,0.29835658548120125,0.3112733506739182,0.27695672735871363,0.03431662331520454,0.012916765192716954,0.9282742223102832,0.9582052858020897,0.18070067609096496,0.970285108842227,0.932816413022539
40f,42,msp_cal,0.05,0.5276392102241516,0.29835658548120125,0.3196973279735162,0.26350792149444313,0.05618940647907307,0.02134074249231497,0.8831979393699226,0.9674247080516287,0.2581438229870928,0.9727894432671932,0.9105182045848584
40f,42,msp_cal,0.075,0.5041258931159973,0.29835658548120125,0.32891936628044455,0.2496453062189643,0.07927406006148026,0.03056278079924332,0.836734693877551,0.9729563614013522,0.3073140749846343,0.9747640146407244,0.8863899056058563
40f,42,msp_cal,0.1,0.4906647205352783,0.29835658548120125,0.33731378576495624,0.23947741782927406,0.09783636793568219,0.038957200283755024,0.802655042599564,0.9766441303011678,0.3368162261831592,0.9770757079560778,0.8635137738393374
40f,42,msp_cal,0.15,0.4637550115585327,0.29835658548120125,0.35209269330811066,0.2195258926460156,0.13256680066209506,0.053736107826909435,0.7357836338418862,0.9821757836508912,0.4056545789797173,0.98102485070314,0.8161240608745907
40f,42,msp_cal,0.2,0.43406593799591064,0.29835658548120125,0.3663691179947978,0.20052021754551905,0.1658489004492788,0.0680125325135966,0.6720824252030909,0.9852489244007375,0.4843269821757836,0.9842515892891543,0.7674340204199577
40f,42,msp_cal,0.3,0.3466898202896118,0.29835658548120125,0.3981142113974935,0.1444194845117049,0.2536947268857886,0.09975762591629227,0.48404993065187235,0.9944683466502766,0.7326367547633682,0.9920053939510691,0.6741957233673666
40f,42,entropy_cal,0.005,0.8226713817000709,0.29835658548120125,0.29850437455663276,0.29782454480964765,0.0006798297469851029,0.0001477890754315441,0.9982167624331284,0.9496004917025199,0.0430239704978488,0.9654209208245039,0.9585821614332498
40f,42,entropy_cal,0.01,0.8082397681406612,0.29835658548120125,0.298622605816978,0.29738117758335303,0.0012414282336249704,0.0002660203357767794,0.9967307311274023,0.9502151198524893,0.06023355869698832,0.9655172413793104,0.9553554228472356
40f,42,entropy_cal,0.02,0.7724884328094481,0.29835658548120125,0.29903641522818636,0.29548947741782927,0.0035469378103570584,0.0006798297469851029,0.9903903308896373,0.9514443761524278,0.11063306699446834,0.9659988441533424,0.9451454440377577
40f,42,entropy_cal,0.03,0.7606556365560362,0.29835658548120125,0.29930243556396313,0.29424804918420433,0.005054386379758808,0.0009458500827618822,0.9862294432336042,0.9514443761524278,0.1290719114935464,0.9662878058177615,0.9351762666152957
40f,42,entropy_cal,0.05,0.7320035100595367,0.29835658548120125,0.30033695909198393,0.29010995507212106,0.010227004019862852,0.001980373610782691,0.9723598177134931,0.9520590043023971,0.18623232944068838,0.9672991716432287,0.909458678481988
40f,42,entropy_cal,0.075,0.699685450322513,0.29835658548120125,0.3032631827855285,0.2828682903759754,0.020394892409553087,0.004906597304327264,0.9480879730532988,0.9582052858020897,0.297480024585126,0.9689366210749374,0.8704006935079946
40f,42,entropy_cal,0.1,0.6716642016005993,0.29835658548120125,0.3073717190825254,0.273734925514306,0.033636793568219435,0.00901513360132419,0.9174757281553398,0.9649661954517517,0.4087277197295636,0.9706222307840493,0.8406858023502215
40f,42,entropy_cal,0.15,0.6010240607283476,0.29835658548120125,0.3296583116576023,0.24258098841333647,0.08707732324426579,0.03130172617640104,0.8130572617396472,0.9754148740012293,0.6250768285187461,0.975679059911385,0.7798112117125795
40f,42,entropy_cal,0.2,0.5147609089724655,0.29835658548120125,0.35271340742492313,0.20430361787656656,0.1484097895483566,0.05435682194372192,0.6847632256786209,0.9920098340503996,0.7965580823601721,0.9798208437680601,0.7252456174147563
40f,42,entropy_cal,0.3,0.428784443480837,0.29835658548120125,0.3852270040198629,0.1451288720737763,0.24009813194608653,0.08687041853866162,0.48642758074103426,0.9987707437000615,0.9004302397049785,0.9883933731458293,0.6312849162011173
40f,43,msp,0.005,0.6103881001472473,0.2992728777488768,0.30273114211397495,0.29176519271695434,0.010965949397020572,0.003458264365098132,0.9749135802469135,0.9348494161032576,0.06392132759680394,0.9657580427663264,0.9523213253708341
40f,43,msp,0.01,0.5707863569259644,0.2992728777488768,0.307519508157957,0.2836367935682194,0.023882714589737526,0.00824663040908016,0.9477530864197531,0.9373079287031346,0.10202827289489859,0.9674436524754383,0.9402812560200347
40f,43,msp,0.02,0.5251660346984863,0.2992728777488768,0.3159730432726413,0.27258217072593993,0.04339087254670135,0.016700165523764483,0.9108148148148149,0.9422249539028887,0.17148125384142593,0.969803506068195,0.9215469081101907
40f,43,msp,0.03,0.5051798820495605,0.2992728777488768,0.321973279735162,0.2627394183021991,0.05923386143296287,0.022700401986285174,0.877925925925926,0.9465273509526736,0.215119852489244,0.9713446349450973,0.9076767482180698
40f,43,msp,0.05,0.49140435457229614,0.2992728777488768,0.32924450224639396,0.2546996925987231,0.07454480964767085,0.029971624497517144,0.8510617283950618,0.9502151198524893,0.2501536570374923,0.9736081679830476,0.8898092853014833
40f,43,msp,0.075,0.47042563557624817,0.2992728777488768,0.3401808938283282,0.24207850555686924,0.09810238827145898,0.04090801607945141,0.808888888888889,0.9551321450522434,0.30178242163491087,0.9763051435176267,0.8527740319784242
40f,43,msp,0.1,0.44877713918685913,0.2992728777488768,0.3521813667533696,0.22800898557578625,0.12417238117758335,0.05290848900449279,0.7618765432098766,0.9600491702519975,0.35894283958205286,0.9799653246002697,0.8076478520516278
40f,43,msp,0.15,0.38353729248046875,0.2992728777488768,0.37813312839914875,0.186923622605817,0.19120950579333176,0.07886025065027193,0.6245925925925927,0.9778733866011063,0.553779963122311,0.988056251204007,0.7206703910614525
40f,43,msp,0.2,0.3103235065937042,0.2992728777488768,0.3992374083707732,0.14128635611255616,0.2579510522582171,0.09996453062189643,0.4720987654320988,0.9889366933005531,0.7117393976644131,0.9932575611635523,0.6602774031978424
40f,43,msp,0.3,0.17899036407470703,0.2992728777488768,0.41372073776306456,0.05281981555923386,0.3609009222038307,0.11444786001418775,0.17649382716049383,0.9987707437000615,0.8862937922556853,0.9979291080716625,0.5332305914082065
40f,43,entropy,0.005,0.7696440037496471,0.2992728777488768,0.29977536060534404,0.297854102624734,0.0019212579806100734,0.0005024828564672499,0.9952592592592594,0.9323909035033805,0.06084818684695759,0.9648911577730688,0.9512136389905606
40f,43,entropy,0.01,0.7674106941322604,0.2992728777488768,0.2998049184204304,0.29782454480964765,0.001980373610782691,0.0005320406715535588,0.9951604938271604,0.9323909035033805,0.06330669944683466,0.9648911577730688,0.9487093045655943
40f,43,entropy,0.02,0.7391752573718995,0.2992728777488768,0.300248285646725,0.29540080397257035,0.004847481674154647,0.000975407897848191,0.9870617283950618,0.933620159803319,0.107559926244622,0.9655172413793104,0.9314197649778463
40f,43,entropy,0.03,0.72936558393018,0.2992728777488768,0.3005734216126744,0.2946618585954126,0.005911563017261764,0.001300543863797588,0.9845925925925926,0.9342347879532883,0.1333743085433313,0.9656617222115199,0.9213061067231747
40f,43,entropy,0.05,0.6959827748008484,0.2992728777488768,0.3021991014424214,0.29010995507212106,0.012089146370300308,0.0029262236935445733,0.9693827160493828,0.9360786724031961,0.20036877688998156,0.9665286072047775,0.8879310344827587
40f,43,entropy,0.075,0.6302226508975696,0.2992728777488768,0.31145069756443605,0.2718136675336959,0.03963703003074013,0.012177819815559234,0.9082469135802469,0.9403810694529809,0.37676705593116167,0.9699961471778078,0.8113561934116741
40f,43,entropy,0.1,0.5438801963585184,0.2992728777488768,0.3354220855994325,0.24405887916765193,0.09136320643178056,0.036149207850555684,0.8155061728395062,0.9539028887523049,0.6232329440688383,0.9746195338085147,0.767530340974764
40f,43,entropy,0.15,0.4369853439175726,0.2992728777488768,0.3692362260581698,0.19650035469378105,0.17273587136438875,0.06996334830929297,0.6565925925925926,0.9901659496004918,0.8143822987092809,0.9823733384704296,0.6911963012906954
40f,43,entropy,0.2,0.3940556792660779,0.2992728777488768,0.3937100969496335,0.14693189879404114,0.24677819815559235,0.09443721920075668,0.490962962962963,0.9969268592501537,0.8647818070067609,0.9909458678481988,0.6345116547871316
40f,43,entropy,0.3,0.30523560405587463,0.2992728777488768,0.4142823362497044,0.057519508157956964,0.3567628280917475,0.11500945850082762,0.19219753086419755,1.0,0.915181315304241,0.9981699094586785,0.5282700828356771
40f,43,msp_cal,0.005,0.6147080659866333,0.2992728777488768,0.302642468668716,0.29194253960747224,0.010699929061243793,0.0033695909198392057,0.9755061728395064,0.9348494161032576,0.06392132759680394,0.9657580427663264,0.9522250048160278
40f,43,msp_cal,0.01,0.5754391551017761,0.2992728777488768,0.30743083471269805,0.28366635138330576,0.02376448332939229,0.008157956963821234,0.947851851851852,0.9366933005531654,0.10325752919483712,0.9674918127528415,0.9396070121363899
40f,43,msp_cal,0.02,0.5317867398262024,0.2992728777488768,0.3157365807519508,0.27290730669188934,0.04282927406006148,0.016463703003074013,0.9119012345679013,0.9416103257529195,0.1727105101413645,0.9698516663455982,0.9216913889424003
40f,43,msp_cal,0.03,0.516018807888031,0.2992728777488768,0.3197860014187751,0.26557696855048474,0.054209032868290374,0.020513123669898322,0.8874074074074074,0.9440688383527965,0.20835894283958206,0.9710556732806781,0.9094105182045849
40f,43,msp_cal,0.05,0.4963320195674896,0.2992728777488768,0.3285055568692362,0.25543863797588084,0.0730669188933554,0.02923267912035942,0.853530864197531,0.9502151198524893,0.25937307928703135,0.9733192063186284,0.8867270275476786
40f,43,msp_cal,0.075,0.47857192158699036,0.2992728777488768,0.3385256561834949,0.24444313076377394,0.09408252541972098,0.039252778434618114,0.8167901234567901,0.9532882606023356,0.30055316533497234,0.9757753804661915,0.8494991331150067
40f,43,msp_cal,0.1,0.45817098021507263,0.2992728777488768,0.3502009931425869,0.2308760936391582,0.1193248995034287,0.050928115393710095,0.7714567901234569,0.958819913952059,0.36447449293177625,0.9796763629358505,0.8066364862261607
40f,43,msp_cal,0.15,0.3900892436504364,0.2992728777488768,0.37848782218018445,0.18642113974934973,0.19206668243083472,0.07921494443130764,0.6229135802469137,0.9778733866011063,0.5636140135218193,0.9878636100943942,0.7187921402427278
40f,43,msp_cal,0.2,0.31870394945144653,0.2992728777488768,0.3992374083707732,0.14093166233152046,0.25830574603925277,0.09996453062189643,0.47091358024691365,0.9895513214505224,0.7264904732636754,0.9932094008861491,0.6595068387593912
40f,43,msp_cal,0.3,0.18867197632789612,0.2992728777488768,0.4137798533932372,0.05281981555923386,0.3609600378340033,0.11450697564436037,0.17649382716049383,0.9987707437000615,0.8905961893054702,0.9979291080716625,0.5327489886341745
40f,43,entropy_cal,0.005,0.77688198596804,0.2992728777488768,0.29974580279025775,0.2979427760699929,0.0018030267202648381,0.0004729250413809411,0.9955555555555556,0.9323909035033805,0.06637984019668101,0.9648429974956656,0.950828356771335
40f,43,entropy_cal,0.01,0.776426508092644,0.2992728777488768,0.29974580279025775,0.2979132182549066,0.0018325845353511468,0.0004729250413809411,0.9954567901234568,0.9323909035033805,0.06822372464658881,0.9648429974956656,0.9489501059526103
40f,43,entropy_cal,0.02,0.7493849875569372,0.2992728777488768,0.30010049657129345,0.2957850555686924,0.0043154410026010875,0.000827618822416647,0.9883456790123458,0.933620159803319,0.10817455439459127,0.9653727605471008,0.9321903294162974
40f,43,entropy_cal,0.03,0.7403549357546991,0.2992728777488768,0.3003960747221565,0.2949278789311894,0.0054681957909671315,0.0011231969732797352,0.9854814814814814,0.9342347879532883,0.13030116779348494,0.9656135619341167,0.9230880369870931
40f,43,entropy_cal,0.05,0.7041488923229978,0.2992728777488768,0.3021104279971624,0.29010995507212106,0.01200047292504138,0.0028375502482856467,0.9693827160493828,0.9360786724031961,0.21081745543945912,0.9666249277595839,0.8849450972837604
40f,43,entropy_cal,0.075,0.6400939828436749,0.2992728777488768,0.3108299834476235,0.2725230550957673,0.03830692835185623,0.01155710569874675,0.9106172839506173,0.9403810694529809,0.38537185003073143,0.9699479869004045,0.8103448275862069
40f,43,entropy_cal,0.1,0.5556841556596176,0.2992728777488768,0.33491960274296523,0.2442657838732561,0.09065381886970915,0.035646724994088434,0.8161975308641976,0.9545175169022742,0.6324523663183774,0.9746676940859179,0.7674340204199577
40f,43,entropy_cal,0.15,0.447010017087789,0.2992728777488768,0.36885197446204776,0.19632300780326317,0.1725289666587846,0.06957909671317096,0.656,0.9889366933005531,0.816840811309158,0.9821325370834136,0.6909554999036794
40f,43,entropy_cal,0.2,0.40288517044088656,0.2992728777488768,0.39190707022936866,0.1504788366043982,0.24142823362497043,0.09263419248049184,0.5028148148148148,0.9969268592501537,0.8690842040565457,0.9899826623001349,0.6332113272972453
40f,43,entropy_cal,0.3,0.3179574118199907,0.2992728777488768,0.4141936628044455,0.05843580042563254,0.35575786237881296,0.11492078505556869,0.19525925925925927,1.0,0.9207129686539643,0.9981699094586785,0.527499518397226
40f,44,msp,0.005,0.6260973215103149,0.2716954362733507,0.27394183021991014,0.2671139749349728,0.0068278552849373375,0.0022463939465594703,0.9831375108790251,0.9330055316533498,0.054087277197295634,0.9580042381044115,0.9488537853978039
40f,44,msp,0.01,0.598361074924469,0.2716954362733507,0.2768089382832821,0.2630645542681485,0.013744384015133601,0.005113502009931426,0.9682332463011314,0.9348494161032576,0.08051628764597418,0.9592082450394914,0.9422076671161626
40f,44,msp,0.02,0.5670438408851624,0.2716954362733507,0.2807401276897612,0.2563549302435564,0.024385197446204775,0.009044691416410499,0.9435378590078328,0.9391518131530424,0.12292562999385372,0.960797534193797,0.933538817183587
40f,44,msp,0.03,0.538469672203064,0.2716954362733507,0.28496689524710334,0.24887680302672027,0.03609009222038307,0.01327145897375266,0.9160139251523063,0.9434542102028273,0.1622618315918869,0.9625313041803121,0.9232806780967059
40f,44,msp,0.05,0.5032303333282471,0.2716954362733507,0.2946618585954126,0.23749704421849138,0.05716481437692126,0.022966422322061954,0.874129677980853,0.9526736324523664,0.24769514443761526,0.9656135619341167,0.9021864765941052
40f,44,msp,0.075,0.4795345067977905,0.2716954362733507,0.30846535824071886,0.22023528020808703,0.08823007803263183,0.03676992196736817,0.8105961705831157,0.9594345421020283,0.31653349723417334,0.969562704681179,0.8810441148141013
40f,44,msp,0.1,0.46396201848983765,0.2716954362733507,0.31697800898557577,0.20968314022227477,0.10729486876330102,0.04528257271222511,0.7717580504786771,0.9668100799016595,0.35279655808236016,0.9715854363321133,0.8618763244076286
40f,44,msp,0.15,0.43113744258880615,0.2716954362733507,0.3327323244265784,0.18639158193426342,0.14634074249231496,0.06103688815322771,0.6860313315926893,0.9741856177012908,0.4363859864781807,0.9768349065690618,0.7988826815642458
40f,44,msp,0.2,0.39131778478622437,0.2716954362733507,0.35049657129344997,0.16038070465831167,0.19011586663513833,0.07880113502009932,0.59029590948651,0.9870928088506453,0.5494775660725261,0.9816509343093817,0.7362743209400886
40f,44,msp,0.3,0.25666344165802,0.2716954362733507,0.39734570820524945,0.07327382359895956,0.3240718846062899,0.1256502719318988,0.2696910356832028,0.9987707437000615,0.8131530424093424,0.9940762858794067,0.6068194952802928
40f,44,entropy,0.005,0.7820172561714347,0.2716954362733507,0.2720205722393001,0.27063135493024354,0.0013892173090565146,0.000325135965949397,0.996083550913838,0.9293177627535341,0.059618930547019056,0.9568002311693315,0.9462531304180312
40f,44,entropy,0.01,0.7608839077495044,0.2716954362733507,0.27228659257507687,0.2699810829983448,0.002305509576732088,0.0005911563017261764,0.9936901653611836,0.931161647203442,0.0842040565457898,0.9569928722789444,0.9414371026777114
40f,44,entropy,0.02,0.7388065225500208,0.2716954362733507,0.2727004019862852,0.26820761409316624,0.004492787893118941,0.0010049657129344999,0.9871627502175805,0.9323909035033805,0.11923786109403811,0.9577152764399923,0.9318050471970718
40f,44,entropy,0.03,0.7219232923404358,0.2716954362733507,0.27332111610309767,0.2667888389690234,0.0065322771340742495,0.0016256798297469852,0.9819408181026978,0.9342347879532883,0.14689612784265518,0.9581487189366211,0.9214024272779812
40f,44,entropy,0.05,0.7034948231665225,0.2716954362733507,0.2742078505556869,0.26451288720737764,0.009694963348309294,0.0025124142823362496,0.9735639686684073,0.9354640442532268,0.18438844499078058,0.9591119244846851,0.9043536890772491
40f,44,entropy,0.075,0.6805535632330653,0.2716954362733507,0.2760995507212107,0.2597540789784819,0.016345471742728778,0.0044041144478600145,0.9560487380330722,0.9385371850030731,0.23847572218807622,0.9606048930841842,0.8816220381429397
40f,44,entropy,0.1,0.6458066773726283,0.2716954362733507,0.2804149917238118,0.25047292504138097,0.029942066682430834,0.008719555450461101,0.9218885987815493,0.9434542102028273,0.37062077443146896,0.9627239452899249,0.834473126565209
40f,44,entropy,0.15,0.5400463297692812,0.2716954362733507,0.3069579096713171,0.21136793568219436,0.09558997398912272,0.03526247339796642,0.7779590948651001,0.9631223110018439,0.6355255070682237,0.9684068580235022,0.7644480832209594
40f,44,entropy,0.2,0.4509712192168623,0.2716954362733507,0.3314022227476945,0.17235161976826674,0.15905060297942777,0.05970678647434382,0.6343559617058312,0.9920098340503996,0.8125384142593731,0.9745713735311116,0.7019360431516085
40f,44,entropy,0.3,0.36317312165792914,0.2716954362733507,0.393473634428943,0.07883069283518562,0.3146429415937574,0.12177819815559233,0.29014360313315923,0.9987707437000615,0.9053472649047326,0.9930167597765364,0.5905894817954151
40f,44,msp_cal,0.005,0.6452284455299377,0.2716954362733507,0.2736462520690471,0.2676755734216127,0.005970678647434381,0.001950815795696382,0.9852045256744996,0.9323909035033805,0.0626920712968654,0.9578597572722019,0.9472163359660951
40f,44,msp_cal,0.01,0.6258742809295654,0.2716954362733507,0.2755675100496571,0.26415819342634195,0.011409316623315204,0.0038720737763064555,0.9722584856396868,0.9354640442532268,0.08543331284572833,0.9586303217106531,0.9422076671161626
40f,44,msp_cal,0.02,0.5944302082061768,0.2716954362733507,0.28023764483329394,0.25679829746985106,0.023439347363442893,0.008542208559943249,0.9451697127937337,0.9409956976029502,0.13398893669330056,0.9608456944712002,0.9308900019264111
40f,44,msp_cal,0.03,0.5731901526451111,0.2716954362733507,0.283784582643651,0.2504433672262946,0.03334121541735635,0.012089146370300308,0.9217798085291558,0.9422249539028887,0.16410571604179472,0.9623386630706993,0.9232806780967059
40f,44,msp_cal,0.05,0.5363240242004395,0.2716954362733507,0.292208559943249,0.23935918656892882,0.05284937337432017,0.020513123669898322,0.8809834638816362,0.9496004917025199,0.2698217578365089,0.964698516663456,0.9005490271623965
40f,44,msp_cal,0.075,0.5178014039993286,0.2716954362733507,0.2981792385906834,0.22975289666587845,0.06842634192480491,0.026483802317332703,0.8456266318537858,0.9575906576521205,0.32636754763368164,0.9661914852629551,0.8792140242727798
40f,44,msp_cal,0.1,0.5053421854972839,0.2716954362733507,0.30450461101915344,0.22156538188697092,0.08293922913218255,0.03280917474580279,0.815491731940818,0.9637369391518131,0.36508912108174557,0.9682142169138894,0.8561452513966481
40f,44,msp_cal,0.15,0.4786127209663391,0.2716954362733507,0.32220974225585247,0.20114093166233152,0.12106881059352093,0.05051430598250178,0.7403176675369887,0.9704978488014752,0.45543945912722805,0.9731265652090156,0.7921402427277981
40f,44,msp_cal,0.2,0.4371880292892456,0.2716954362733507,0.34428943012532515,0.16652873019626388,0.17776069992906124,0.07259399385197446,0.6129242819843341,0.9870928088506453,0.6060233558696988,0.9803506068194953,0.7338181467925255
40f,44,msp_cal,0.3,0.30776575207710266,0.2716954362733507,0.39675455190352327,0.07445613620241191,0.3222984157011114,0.1250591156301726,0.27404264577893817,0.9987707437000615,0.8438844499078058,0.9940762858794067,0.6028703525332306
40f,44,entropy_cal,0.005,0.8200220566480745,0.2716954362733507,0.2719023409789548,0.27083825963584773,0.0010640813431071175,0.00020690470560416174,0.9968450826805918,0.9287031346035648,0.06576521204671174,0.9567520708919284,0.9472644962434984
40f,44,entropy_cal,0.01,0.8000076316087286,0.2716954362733507,0.272109245684559,0.2702175455190352,0.0018917001655237645,0.0004138094112083235,0.9945604873803305,0.931161647203442,0.09280885064535956,0.9569928722789444,0.9405220574070506
40f,44,entropy_cal,0.02,0.7867325699189007,0.2716954362733507,0.2724048238354221,0.26927169543627333,0.003133128399148735,0.0007093875620714117,0.9910791993037422,0.931161647203442,0.11555009219422249,0.9572818339433635,0.9324311308033134
40f,44,entropy_cal,0.03,0.7749405830460337,0.2716954362733507,0.2727595176164578,0.2681189406479073,0.004640576968550485,0.0010640813431071175,0.9868363794604003,0.9323909035033805,0.14136447449293177,0.9576671161625891,0.9239067617029474
40f,44,entropy_cal,0.05,0.7582625913267783,0.2716954362733507,0.27338023173327025,0.2663750295578151,0.007005202175455191,0.0016847954599196028,0.9804177545691907,0.9342347879532883,0.1800860479409957,0.9581487189366211,0.9059429782315546
40f,44,entropy_cal,0.075,0.7328322322938242,0.2716954362733507,0.2747990068574131,0.261675336959092,0.013123669898321116,0.003103570584062426,0.9631201044386424,0.9379225568531039,0.2624462200368777,0.9595453669813138,0.879502985937199
40f,44,entropy_cal,0.1,0.7007171100389041,0.2716954362733507,0.27840506029794276,0.252867108063372,0.02553795223457082,0.006709624024592102,0.9307006092254134,0.9416103257529195,0.40995697602950215,0.9616644191870545,0.8366403390483529
40f,44,entropy_cal,0.15,0.5994336505474372,0.2716954362733507,0.3060416174036415,0.21048120122960512,0.09556041617403642,0.03434618113029085,0.7746953872932986,0.9661954517516902,0.690842040565458,0.9684550183009054,0.7601618185320748
40f,44,entropy_cal,0.2,0.5117225934399342,0.2716954362733507,0.32903759754078976,0.17344525892646015,0.15559233861432964,0.05734216126743911,0.6383812010443863,0.9895513214505224,0.8506453595574678,0.9738489693700636,0.6974089770757079
40f,44,entropy_cal,0.3,0.41545719477805554,0.2716954362733507,0.3827145897375266,0.08415109955072121,0.2985634901868054,0.11101915346417593,0.3097258485639687,0.9993853718500307,0.9256299938537185,0.9901753034097477,0.5778751685609709
40f,45,msp,0.005,0.6561828851699829,0.2928883896902341,0.29342043036178767,0.2913218254906597,0.0020986048711279263,0.0005320406715535588,0.994651327076395,0.9514443761524278,0.022126613398893668,0.963976112502408,0.9587266422654594
40f,45,msp,0.01,0.6240512728691101,0.2928883896902341,0.2949278789311894,0.2872724048238354,0.007655474107353984,0.0020394892409553085,0.9808255121606619,0.9526736324523664,0.04486785494775661,0.9649874783278751,0.9534290117511077
40f,45,msp,0.02,0.5937530994415283,0.2928883896902341,0.2979132182549066,0.28103570584062426,0.016877512414282335,0.005024828564672499,0.9595317388232919,0.9532882606023356,0.07068223724646588,0.9656617222115199,0.9469755345790791
40f,45,msp,0.03,0.5757115483283997,0.2928883896902341,0.2998344762355167,0.2770749586190589,0.02275951761645779,0.006946086545282572,0.9460086789787062,0.9551321450522434,0.0940381069452981,0.9661433249855519,0.9413889424003082
40f,45,msp,0.05,0.5386670827865601,0.2928883896902341,0.304652400094585,0.26729132182549065,0.03736107826909435,0.01176401040435091,0.9126047027954384,0.9606637984019668,0.15795943454210204,0.9680697360816798,0.9262184550183009
40f,45,msp,0.075,0.5080718398094177,0.2928883896902341,0.3116871600851265,0.2557342161267439,0.055952943958382594,0.01879877039489241,0.8731456251892219,0.9674247080516287,0.21266133988936695,0.9697553457907917,0.9096031593141977
40f,45,msp,0.1,0.4909813404083252,0.2928883896902341,0.32052494679593285,0.24527074958619058,0.07525419720974226,0.027636557105698747,0.8374205267938237,0.9711124769514444,0.24585125998770743,0.9724041610479677,0.8935176266615296
40f,45,msp,0.15,0.46166741847991943,0.2928883896902341,0.33477181366753367,0.22673799952707496,0.10803381414045873,0.0418834239772996,0.7741447169240084,0.9778733866011063,0.33189920098340503,0.9762569832402235,0.8611057599691774
40f,45,msp,0.2,0.4476081132888794,0.2928883896902341,0.3401217781981556,0.21600851265074486,0.12411326554741074,0.0472333885079215,0.737511353315168,0.984019668100799,0.3718500307314075,0.9782315546137546,0.8401560392987864
40f,45,msp,0.3,0.3965599834918976,0.2928883896902341,0.3607826909434855,0.185682194372192,0.17510049657129345,0.06789430125325135,0.6339691189827429,0.9920098340503996,0.5169022741241549,0.9837699865151224,0.7693604315160856
40f,45,entropy,0.005,0.8005274302653408,0.2928883896902341,0.29306573658075197,0.29238590683376686,0.0006798297469851029,0.00017734689051785292,0.9982843879301645,0.9514443761524278,0.041180086047940996,0.9634463494509728,0.9576189558851859
40f,45,entropy,0.01,0.7715316398570415,0.2928883896902341,0.2932430834712698,0.2912035942303145,0.0020394892409553085,0.00035469378103570584,0.9942476536481986,0.9514443761524278,0.06883835279655809,0.963976112502408,0.9512136389905606
40f,45,entropy,0.02,0.7480751220740118,0.2928883896902341,0.2935091038070466,0.28943012532513596,0.004078978481910617,0.0006207141168124852,0.9881925522252497,0.9514443761524278,0.09096496619545175,0.9644095549990368,0.9451936043151609
40f,45,entropy,0.03,0.7336141299920432,0.2928883896902341,0.29371600851265073,0.28830692835185623,0.005409080160794514,0.000827618822416647,0.9843576546573821,0.9514443761524278,0.11247695144437615,0.9648429974956656,0.9377769215950684
40f,45,entropy,0.05,0.7218939770232496,0.2928883896902341,0.29412981792385906,0.2871837313785765,0.006946086545282572,0.0012414282336249704,0.9805227570895145,0.9520590043023971,0.13644744929317762,0.9652282797148911,0.934020419957619
40f,45,entropy,0.075,0.7050122876941189,0.2928883896902341,0.2948983211161031,0.28505556869236226,0.009842752423740837,0.0020099314258689997,0.9732566353819759,0.9532882606023356,0.16717885679164105,0.9656135619341167,0.9208726642265459
40f,45,entropy,0.1,0.6896621310779124,0.2928883896902341,0.2959032868290376,0.28275005911563017,0.013153227713407425,0.0030148971388035,0.9653850035321424,0.956361401352182,0.20835894283958206,0.9661433249855519,0.905557696012329
40f,45,entropy,0.15,0.6563138786544644,0.2928883896902341,0.29930243556396313,0.27429652400094584,0.025005911563017263,0.006414045873729014,0.9365223534160863,0.9600491702519975,0.32206515058389673,0.9676362935850511,0.8676073974186091
40f,45,entropy,0.2,0.6115221604365126,0.2928883896902341,0.3079628753842516,0.25419720974225585,0.053765665641995745,0.015074485694017498,0.8678978706226662,0.9661954517516902,0.4578979717271051,0.9697071855133885,0.8235889038720863
40f,45,entropy,0.3,0.4814106406302878,0.2928883896902341,0.3364566091274533,0.20096358477181367,0.13549302435563962,0.043568219437219204,0.686143909577152,0.9877074370006146,0.720958819913952,0.9744750529763051,0.738056251204007
40f,45,msp_cal,0.005,0.6795321106910706,0.2928883896902341,0.29333175691652874,0.291440056751005,0.0018917001655237645,0.0004433672262946323,0.9950550005045917,0.9514443761524278,0.028272894898586354,0.963976112502408,0.9571855133885571
40f,45,msp_cal,0.01,0.6551926732063293,0.2928883896902341,0.2942776069992906,0.2884842752423741,0.005793331756916529,0.0013892173090565146,0.9849631647996769,0.9526736324523664,0.05162876459741856,0.9648911577730688,0.9528510884222693
40f,45,msp_cal,0.02,0.6333139538764954,0.2928883896902341,0.2963762118704185,0.2832525419720974,0.013123669898321116,0.003487822180184441,0.9671006156019779,0.9532882606023356,0.07744314689612784,0.9654690811019071,0.946204970140628
40f,45,msp_cal,0.03,0.6201042532920837,0.2928883896902341,0.29835658548120125,0.27967604634665405,0.018680539134547175,0.0054681957909671315,0.9548894943990311,0.9539028887523049,0.10448678549477566,0.9661914852629551,0.9414852629551146
40f,45,msp_cal,0.05,0.5897437930107117,0.2928883896902341,0.30296760463466543,0.2698332939229132,0.033134310711752185,0.010079214944431307,0.9212836815016651,0.958819913952059,0.1622618315918869,0.9680697360816798,0.9258331727990753
40f,45,msp_cal,0.075,0.5661885738372803,0.2928883896902341,0.3079333175691653,0.2607590446914164,0.04717427287774888,0.01504492787893119,0.8903017458875769,0.9631223110018439,0.215119852489244,0.9692255827393566,0.9110479676362936
40f,45,msp_cal,0.1,0.5501190423965454,0.2928883896902341,0.3120122960510759,0.25407897848191063,0.05793331756916529,0.019123906360841807,0.8674941971944696,0.9674247080516287,0.2698217578365089,0.9698998266230013,0.8948661144288191
40f,45,msp_cal,0.15,0.5335748791694641,0.2928883896902341,0.3173327027666115,0.24586190588791676,0.07147079687869473,0.024444313076377393,0.8394388939348066,0.972341733251383,0.33189920098340503,0.9707667116162589,0.8708822962820266
40f,45,msp_cal,0.2,0.5118999481201172,0.2928883896902341,0.3253133128399149,0.23149680775597067,0.0938165050839442,0.032424923149680776,0.7903925724089211,0.9797172710510141,0.4185617701290719,0.972982084376806,0.8368329801579657
40f,45,msp_cal,0.3,0.4633602499961853,0.2928883896902341,0.35173799952707496,0.1946973279735162,0.15704067155355875,0.05884960983684086,0.6647492178827328,0.9913952059004303,0.5826674861708666,0.9809766904257369,0.7579946060489309
40f,45,entropy_cal,0.005,0.8471483192882632,0.2928883896902341,0.2929475053204067,0.2923267912035942,0.0006207141168124852,5.911563017261764e-05,0.9980825512160661,0.9514443761524278,0.05531653349723417,0.963494509728376,0.9577634367173955
40f,45,entropy_cal,0.01,0.8315496687532572,0.2928883896902341,0.2930361787656656,0.29182430834712697,0.0012118704185386617,0.0001477890754315441,0.9963669391462306,0.9514443761524278,0.0743700061462815,0.9635908302831824,0.9528992486996725
40f,45,entropy_cal,0.02,0.8097059837560989,0.2928883896902341,0.2933021991014424,0.29046464885315676,0.0028375502482856467,0.0004138094112083235,0.9917246947219698,0.9514443761524278,0.11923786109403811,0.9642650741668272,0.9447601618185321
40f,45,entropy_cal,0.03,0.8045315022701095,0.2928883896902341,0.29342043036178767,0.2900508394419484,0.0033695909198392057,0.0005320406715535588,0.9903118377232817,0.9514443761524278,0.13153042409342347,0.9643613947216336,0.9392698901945675
40f,45,entropy_cal,0.05,0.793957283333601,0.2928883896902341,0.29368645069756444,0.28904587372901397,0.004640576968550485,0.0007980610073303381,0.9868806135836109,0.9514443761524278,0.15918869084204057,0.9647466769408591,0.9333461760739742
40f,45,entropy_cal,0.075,0.7824635526347937,0.2928883896902341,0.2938933554031686,0.2874497517143533,0.0064436036888153225,0.0010049657129344999,0.9814310223029569,0.9539028887523049,0.1856177012907191,0.9650356386052784,0.9214505875553843
40f,45,entropy_cal,0.1,0.7658286303871477,0.2928883896902341,0.2946323007803263,0.28470087491132656,0.009931425868999763,0.0017439110900922205,0.9720456150973862,0.9545175169022742,0.24585125998770743,0.9656135619341167,0.9018493546522828
40f,45,entropy_cal,0.15,0.735181343135846,0.2928883896902341,0.2973220619531804,0.2771340742492315,0.020187987703948924,0.004433672262946323,0.9462105156928043,0.9575906576521205,0.37861094038106946,0.9669620497014063,0.866596031593142
40f,45,entropy_cal,0.2,0.6938983214873887,0.2928883896902341,0.30305627807992436,0.2613797588082289,0.04167651927169544,0.010167888389690235,0.8924210313856089,0.9674247080516287,0.5273509526736324,0.9694182238489694,0.8234925833172799
40f,45,entropy_cal,0.3,0.5829109644087459,0.2928883896902341,0.3329983447623552,0.20229368645069756,0.1307046583116576,0.04010995507212107,0.6906852356443637,0.9846342962507683,0.794099569760295,0.9742342515892891,0.7362743209400886
40f,46,msp,0.005,0.6232120990753174,0.2823658075195082,0.2848782218018444,0.2773114211397493,0.007566800662095058,0.0025124142823362496,0.9820998639170939,0.9256299938537185,0.03503380454824831,0.964698516663456,0.9554035831246388
40f,46,msp,0.01,0.5949704051017761,0.2823658075195082,0.28747930952943956,0.2728481910617167,0.014631118467722866,0.005113502009931426,0.9662933110017794,0.9287031346035648,0.05900430239704978,0.9653246002696976,0.9492390676170295
40f,46,msp,0.02,0.5559995174407959,0.2823658075195082,0.2924745802790258,0.26392173090565146,0.02855284937337432,0.010108772759517616,0.9346802051711504,0.931161647203442,0.11186232329440689,0.9670102099788095,0.9360913118859565
40f,46,msp,0.03,0.5322418808937073,0.2823658075195082,0.29655355876093636,0.2574781272168361,0.03907543154410026,0.014187751241428233,0.9118601486444047,0.9348494161032576,0.1524277811923786,0.9681178963590831,0.9252070891928338
40f,46,msp,0.05,0.5030501484870911,0.2823658075195082,0.30642586899976354,0.24589146370300308,0.06053440529676046,0.02406006148025538,0.8708259185596147,0.9452980946527351,0.22741241548862937,0.970525910229243,0.9064245810055865
40f,46,msp,0.075,0.4864180088043213,0.2823658075195082,0.3169188933554032,0.23655119413572948,0.08036769921967368,0.03455308583589501,0.8377473045116716,0.9508297480024586,0.26490473263675474,0.972982084376806,0.8884126372567906
40f,46,msp,0.1,0.47946614027023315,0.2823658075195082,0.3201111373847245,0.231910617167179,0.08820052021754551,0.037745329865216365,0.8213126766460797,0.9526736324523664,0.281499692685925,0.9741860913118859,0.873675592371412
40f,46,msp,0.15,0.45500892400741577,0.2823658075195082,0.3314613383778671,0.21597895483565854,0.11548238354220856,0.04909553085835895,0.7648906102794932,0.9557467732022127,0.33497234173325136,0.9778944326719322,0.8363513773839337
40f,46,msp,0.2,0.41252338886260986,0.2823658075195082,0.35129463230078034,0.19360368881532278,0.15769094348545756,0.06892882478127217,0.6856484873861614,0.9698832206515058,0.44499078057775043,0.9840107879021384,0.7696012329031016
40f,46,msp,0.3,0.2867237329483032,0.2823658075195082,0.3932371719082525,0.12553204067155355,0.267705131236699,0.11087136438874438,0.4445723856380194,0.9938537185003073,0.746158574062692,0.993691003660181,0.6462627624735119
40f,46,entropy,0.005,0.8007513968402673,0.2823658075195082,0.2824840387798534,0.28171553558760937,0.0007685031922440293,0.00011823126034523528,0.9976970585156495,0.9237861094038107,0.04179471419791026,0.963735311115392,0.9574744750529763
40f,46,entropy,0.01,0.7849727713350662,0.2823658075195082,0.2825727122251123,0.28139039962165996,0.0011823126034523528,0.00020690470560416174,0.9965455877734742,0.9237861094038107,0.04855562384757222,0.9639279522250048,0.954729339240994
40f,46,entropy,0.02,0.7658474642575782,0.2823658075195082,0.28277961693071646,0.28047410735398437,0.002305509576732088,0.0004138094112083235,0.9933005338637075,0.9262446220036877,0.06207744314689613,0.9640242727798112,0.946445771527644
40f,46,entropy,0.03,0.7585304723293492,0.2823658075195082,0.2828682903759754,0.2800898557578624,0.0027784346181130293,0.0005024828564672499,0.9919397048047733,0.9262446220036877,0.0725261216963737,0.9641687536120208,0.9417742246195339
40f,46,entropy,0.05,0.7481151583530505,0.2823658075195082,0.2830751950815796,0.27920312130527314,0.0038720737763064555,0.0007093875620714117,0.9887993300533864,0.9262446220036877,0.08666256914566688,0.9643132344442304,0.9308900019264111
40f,46,entropy,0.075,0.7317825573829094,0.2823658075195082,0.2836072357531331,0.2781685977772523,0.005438637975880823,0.0012414282336249704,0.9851355595101013,0.9262446220036877,0.1038721573448064,0.9646021961086496,0.9145155076093239
40f,46,entropy,0.1,0.7109042260069028,0.2823658075195082,0.28437573894537715,0.27553795223457084,0.008837786710806338,0.0020099314258689997,0.9758191144143201,0.926859250153657,0.13952059004302397,0.9652764399922944,0.897755731073011
40f,46,entropy,0.15,0.6423912952194548,0.2823658075195082,0.29135138330574606,0.25851265074485696,0.0328387325608891,0.008985575786237881,0.9155239191876897,0.9342347879532883,0.3288260602335587,0.9684068580235022,0.8338952032363707
40f,46,entropy,0.2,0.49389054812661837,0.2823658075195082,0.3317569165287302,0.2084417119886498,0.1233152045400804,0.049391109009222035,0.7381974248927038,0.9655808236017209,0.6957590657652121,0.9769793874012714,0.7432094008861491
40f,46,entropy,0.3,0.3844380536860622,0.2823658075195082,0.388685268384961,0.12949278789311894,0.25919248049184207,0.10631946086545283,0.45859939286088136,0.9963122311001844,0.8789182544560541,0.9921980350606819,0.6279618570602966
40f,46,msp_cal,0.005,0.6415599584579468,0.2823658075195082,0.28425750768503194,0.27831638685268384,0.005941120832348073,0.0018917001655237645,0.9856589553019992,0.9256299938537185,0.03380454824830977,0.9645058755538432,0.9561259872856868
40f,46,msp_cal,0.01,0.6129741668701172,0.2823658075195082,0.28665169070702295,0.27361669425396073,0.01303499645306219,0.004285883187514779,0.9690149691196481,0.9262446220036877,0.06330669944683466,0.9652764399922944,0.9494798690040455
40f,46,msp_cal,0.02,0.5790475010871887,0.2823658075195082,0.2915878458264365,0.2658134310711752,0.02577441475526129,0.009222038306928353,0.9413796713074426,0.9305470190534727,0.10633066994468347,0.966673088036987,0.9367655557696012
40f,46,msp_cal,0.03,0.5598384737968445,0.2823658075195082,0.29448451170489476,0.2599609836840861,0.0345235280208087,0.012118704185386617,0.9206531979482885,0.9348494161032576,0.1450522433927474,0.9676844538624543,0.9263629358505105
40f,46,msp_cal,0.05,0.5338741540908813,0.2823658075195082,0.3003960747221565,0.25189170016552376,0.04850437455663277,0.01803026720264838,0.8920757877106668,0.9409956976029502,0.21204671173939765,0.9692255827393566,0.9105182045848584
40f,46,msp_cal,0.075,0.5194933414459229,0.2823658075195082,0.30491842043036177,0.24600969496334832,0.05890872546701348,0.02255261291085363,0.871244635193133,0.9452980946527351,0.24708051628764596,0.9703814293970333,0.8942400308225775
40f,46,msp_cal,0.1,0.5111854076385498,0.2823658075195082,0.31047528966658783,0.24175336959091984,0.068721920075668,0.028109482147079687,0.8561708363864754,0.9471419791026429,0.26490473263675474,0.9711519938354845,0.8762280870737815
40f,46,msp_cal,0.15,0.48582103848457336,0.2823658075195082,0.32351028611965005,0.22540789784819107,0.09810238827145898,0.04114447860014188,0.798283261802575,0.9545175169022742,0.338660110633067,0.9749566557503371,0.8363995376613369
40f,46,msp_cal,0.2,0.443609356880188,0.2823658075195082,0.3457377630645543,0.19945613620241193,0.14628162686214236,0.06337195554504611,0.7063749607453156,0.9686539643515673,0.46097111247695144,0.9822770179156232,0.7703717973415527
40f,46,msp_cal,0.3,0.31611958146095276,0.2823658075195082,0.39391700165523763,0.1256502719318988,0.26826672972333887,0.11155119413572949,0.44499110227153765,0.9938537185003073,0.768899815611555,0.9937873242149875,0.6429397033326912
40f,46,entropy_cal,0.005,0.8219659515250651,0.2823658075195082,0.2824544809647671,0.281774651217782,0.0006798297469851029,8.867344525892646e-05,0.9979064168324087,0.9237861094038107,0.044253226797787336,0.9637834713927952,0.9572818339433635
40f,46,entropy_cal,0.01,0.8090547601720354,0.2823658075195082,0.28254315441002603,0.2814495152518326,0.0010936391581934264,0.00017734689051785292,0.9967549460902334,0.9237861094038107,0.04794099569760295,0.9638797919476016,0.9546811789635908
40f,46,entropy_cal,0.02,0.7935335891115259,0.2823658075195082,0.28266138567037125,0.2809765902104516,0.0016847954599196028,0.0002955781508630882,0.9950800795561602,0.9256299938537185,0.06515058389674247,0.963976112502408,0.9467347331920631
40f,46,entropy_cal,0.03,0.7890004518771845,0.2823658075195082,0.28269094348545754,0.28071056987467485,0.001980373610782691,0.000325135965949397,0.9941379671307441,0.9256299938537185,0.07068223724646588,0.963976112502408,0.9426411096127914
40f,46,entropy_cal,0.05,0.7800600851722346,0.2823658075195082,0.2828387325608891,0.27997162449751717,0.0028671080633719554,0.0004729250413809411,0.9915209881712551,0.9262446220036877,0.08850645359557467,0.964216913889424,0.9337314582931998
40f,46,entropy_cal,0.075,0.7633991489238172,0.2823658075195082,0.2831343107117522,0.27875975407897846,0.004374556632773706,0.0007685031922440293,0.9872291426776927,0.926859250153657,0.10940381069452981,0.9644095549990368,0.9151415912155654
40f,46,entropy_cal,0.1,0.7447468775089466,0.2823658075195082,0.28402104516434146,0.2764246866871601,0.007596358477181367,0.001655237644833294,0.978959489165707,0.926859250153657,0.14136447449293177,0.9648911577730688,0.8990078982854941
40f,46,entropy_cal,0.15,0.6797898177852308,0.2823658075195082,0.2892232206195318,0.2620891463703003,0.027134074249231498,0.006857413100023646,0.9281900973516172,0.933620159803319,0.3614013521819299,0.9678289346946638,0.8338470429589674
40f,46,entropy_cal,0.2,0.5358033747216243,0.2823658075195082,0.33027902577441476,0.209417119886498,0.12086190588791676,0.047913218254906596,0.7416518371192296,0.9655808236017209,0.7234173325138291,0.9765941051820458,0.7419090733962628
40f,46,entropy_cal,0.3,0.4128997590275557,0.2823658075195082,0.38230078032631826,0.13250768503192245,0.24979309529439583,0.09993497280681012,0.46927666701559717,0.9969268592501537,0.9028887523048555,0.9898863417453284,0.6220381429397034
