pool,seed,inner_class,score,pseudo_auroc,n_pseudo
45f,42,Reconnaissance,msp,0.8036111504200507,978
45f,42,Reconnaissance,entropy,0.8503584975290862,978
45f,42,Reconnaissance,margin,0.7706818204941088,978
45f,42,Reconnaissance,conformal,0.6899421834867308,978
45f,42,Reconnaissance,iforest,0.44843950446688297,978
45f,42,Reconnaissance,iforest+msp:mean,0.6696988888981381,978
45f,42,Reconnaissance,iforest+msp:max,0.6994521721195103,978
45f,42,Reconnaissance,iforest+entropy:mean,0.7068116149129793,978
45f,42,Reconnaissance,iforest+entropy:max,0.7689763905884224,978
45f,42,Reconnaissance,iforest+margin:mean,0.6453523190886985,978
45f,42,Reconnaissance,iforest+margin:max,0.6490383414772207,978
45f,42,Reconnaissance,iforest+conformal:mean,0.6060781794688945,978
45f,42,Reconnaissance,iforest+conformal:max,0.6321365379830721,978
45f,42,Generic,msp,0.7995770833333332,600
45f,42,Generic,entropy,0.8774640625,600
45f,42,Generic,margin,0.7403755208333334,600
45f,42,Generic,conformal,0.7958491319444444,600
45f,42,Generic,iforest,0.8605673611111112,600
45f,42,Generic,iforest+msp:mean,0.8945710069444444,600
45f,42,Generic,iforest+msp:max,0.8620685763888889,600
45f,42,Generic,iforest+entropy:mean,0.9231135416666667,600
45f,42,Generic,iforest+entropy:max,0.8904338541666666,600
45f,42,Generic,iforest+margin:mean,0.8750717013888889,600
45f,42,Generic,iforest+margin:max,0.826340625,600
45f,42,Generic,iforest+conformal:mean,0.8964244791666667,600
45f,42,Generic,iforest+conformal:max,0.8383125,600
45f,43,Reconnaissance,msp,0.8335508078231293,784
45f,43,Reconnaissance,entropy,0.865892538265306,784
45f,43,Reconnaissance,margin,0.8117458545918367,784
45f,43,Reconnaissance,conformal,0.6135119047619046,784
45f,43,Reconnaissance,iforest,0.49516028911564625,784
45f,43,Reconnaissance,iforest+msp:mean,0.7301718749999999,784
45f,43,Reconnaissance,iforest+msp:max,0.7681750637755103,784
45f,43,Reconnaissance,iforest+entropy:mean,0.753673363095238,784
45f,43,Reconnaissance,iforest+entropy:max,0.8109230442176871,784
45f,43,Reconnaissance,iforest+margin:mean,0.7148306760204082,784
45f,43,Reconnaissance,iforest+margin:max,0.7395218962585035,784
45f,43,Reconnaissance,iforest+conformal:mean,0.5847748724489796,784
45f,43,Reconnaissance,iforest+conformal:max,0.5800429421768707,784
45f,43,Generic,msp,0.8014920424403182,377
45f,43,Generic,entropy,0.8442528735632184,377
45f,43,Generic,margin,0.7780729442970822,377
45f,43,Generic,conformal,0.8325568081343944,377
45f,43,Generic,iforest,0.8933099027409372,377
45f,43,Generic,iforest+msp:mean,0.9096761715296198,377
45f,43,Generic,iforest+msp:max,0.8947068965517242,377
45f,43,Generic,iforest+entropy:mean,0.9235501768346596,377
45f,43,Generic,iforest+entropy:max,0.8998905835543767,377
45f,43,Generic,iforest+margin:mean,0.9036005747126438,377
45f,43,Generic,iforest+margin:max,0.8834268346595933,377
45f,43,Generic,iforest+conformal:mean,0.8949062776304155,377
45f,43,Generic,iforest+conformal:max,0.864146109637489,377
45f,44,Reconnaissance,msp,0.8045458937693944,587
45f,44,Reconnaissance,entropy,0.8413828816121585,587
45f,44,Reconnaissance,margin,0.7779940826077584,587
45f,44,Reconnaissance,conformal,0.5529770839977333,587
45f,44,Reconnaissance,iforest,0.42135563428264805,587
45f,44,Reconnaissance,iforest+msp:mean,0.5347091972302441,587
45f,44,Reconnaissance,iforest+msp:max,0.7976953034990767,587
45f,44,Reconnaissance,iforest+entropy:mean,0.5383273084572553,587
45f,44,Reconnaissance,iforest+entropy:max,0.8350671148660056,587
45f,44,Reconnaissance,iforest+margin:mean,0.5316099816262811,587
45f,44,Reconnaissance,iforest+margin:max,0.770312232875825,587
45f,44,Reconnaissance,iforest+conformal:mean,0.4871881272717169,587
45f,44,Reconnaissance,iforest+conformal:max,0.5516260440296741,587
45f,44,Generic,msp,0.9194176911078435,374
45f,44,Generic,entropy,0.9365579734046061,374
45f,44,Generic,margin,0.8875124752357262,374
45f,44,Generic,conformal,0.8477670126039779,374
45f,44,Generic,iforest,0.9088969976443351,374
45f,44,Generic,iforest+msp:mean,0.947709610559848,374
45f,44,Generic,iforest+msp:max,0.9263014144629744,374
45f,44,Generic,iforest+entropy:mean,0.9499923925001756,374
45f,44,Generic,iforest+entropy:max,0.9377355398984106,374
45f,44,Generic,iforest+margin:mean,0.945360861488176,374
45f,44,Generic,iforest+margin:max,0.8959051967203695,374
45f,44,Generic,iforest+conformal:mean,0.9197829042987162,374
45f,44,Generic,iforest+conformal:max,0.8881950222479471,374
45f,45,Reconnaissance,msp,0.7173269829503336,1349
45f,45,Reconnaissance,entropy,0.7925373610081542,1349
45f,45,Reconnaissance,margin,0.6670415863602669,1349
45f,45,Reconnaissance,conformal,0.6923272794662713,1349
45f,45,Reconnaissance,iforest,0.3617462564862861,1349
45f,45,Reconnaissance,iforest+msp:mean,0.5379753150481839,1349
45f,45,Reconnaissance,iforest+msp:max,0.6245698295033357,1349
45f,45,Reconnaissance,iforest+entropy:mean,0.5986260192735359,1349
45f,45,Reconnaissance,iforest+entropy:max,0.7273994069681244,1349
45f,45,Reconnaissance,iforest+margin:mean,0.5001489251297258,1349
45f,45,Reconnaissance,iforest+margin:max,0.5575207561156412,1349
45f,45,Reconnaissance,iforest+conformal:mean,0.5483474425500371,1349
45f,45,Reconnaissance,iforest+conformal:max,0.6024456634544106,1349
45f,45,Generic,msp,0.6969347718253968,336
45f,45,Generic,entropy,0.8041656746031746,336
45f,45,Generic,margin,0.6188368055555556,336
45f,45,Generic,conformal,0.5479191468253968,336
45f,45,Generic,iforest,0.8584476686507936,336
45f,45,Generic,iforest+msp:mean,0.8460627480158731,336
45f,45,Generic,iforest+msp:max,0.834016369047619,336
45f,45,Generic,iforest+entropy:mean,0.8836865079365079,336
45f,45,Generic,iforest+entropy:max,0.8653851686507936,336
45f,45,Generic,iforest+margin:mean,0.8225972222222222,336
45f,45,Generic,iforest+margin:max,0.809560763888889,336
45f,45,Generic,iforest+conformal:mean,0.8044561011904762,336
45f,45,Generic,iforest+conformal:max,0.8208385416666666,336
45f,46,Reconnaissance,msp,0.8101308401542135,759
45f,46,Reconnaissance,entropy,0.8489414469335637,759
45f,46,Reconnaissance,margin,0.7877138688054396,759
45f,46,Reconnaissance,conformal,0.6173982042900391,759
45f,46,Reconnaissance,iforest,0.5035854870170007,759
45f,46,Reconnaissance,iforest+msp:mean,0.6866031871983073,759
45f,46,Reconnaissance,iforest+msp:max,0.7395790617071764,759
45f,46,Reconnaissance,iforest+entropy:mean,0.7145087489437731,759
45f,46,Reconnaissance,iforest+entropy:max,0.7959268909304702,759
45f,46,Reconnaissance,iforest+margin:mean,0.6695940455589593,759
45f,46,Reconnaissance,iforest+margin:max,0.7055582954947297,759
45f,46,Reconnaissance,iforest+conformal:mean,0.5838634396891471,759
45f,46,Reconnaissance,iforest+conformal:max,0.5924347883586476,759
45f,46,Generic,msp,0.9108117734831893,185
45f,46,Generic,entropy,0.9190955693003778,185
45f,46,Generic,margin,0.8847281653871146,185
45f,46,Generic,conformal,0.9137666963490649,185
45f,46,Generic,iforest,0.9158191138600758,185
45f,46,Generic,iforest+msp:mean,0.9504993862963587,185
45f,46,Generic,iforest+msp:max,0.9276407306683353,185
45f,46,Generic,iforest+entropy:mean,0.9534605665326947,185
45f,46,Generic,iforest+entropy:max,0.9280455344035041,185
45f,46,Generic,iforest+margin:mean,0.9486698274409762,185
45f,46,Generic,iforest+margin:max,0.9086991889485211,185
45f,46,Generic,iforest+conformal:mean,0.9458925176289379,185
45f,46,Generic,iforest+conformal:max,0.9413126037881159,185
