pool,seed,held_out,score,bucket,kind,n_total,n_flagged,unknown_precision
40f,42,Worms + Shellcode,msp,Analysis,known,438,43,0.10951171323736945
40f,42,Worms + Shellcode,msp,Backdoor,known,345,38,0.10951171323736945
40f,42,Worms + Shellcode,msp,DoS,known,1694,212,0.10951171323736945
40f,42,Worms + Shellcode,msp,Exploits,known,7590,427,0.10951171323736945
40f,42,Worms + Shellcode,msp,Fuzzers,known,4810,287,0.10951171323736945
40f,42,Worms + Shellcode,msp,Generic,known,3418,136,0.10951171323736945
40f,42,Worms + Shellcode,msp,Normal,known,33832,1919,0.10951171323736945
40f,42,Worms + Shellcode,msp,Reconnaissance,known,2469,93,0.10951171323736945
40f,42,Worms + Shellcode,msp,Shellcode,zero-day,1456,380,0.10951171323736945
40f,42,Worms + Shellcode,msp,Worms,zero-day,171,8,0.10951171323736945
40f,42,Worms + Shellcode,entropy,Analysis,known,438,92,0.15803244374672945
40f,42,Worms + Shellcode,entropy,Backdoor,known,345,79,0.15803244374672945
40f,42,Worms + Shellcode,entropy,DoS,known,1694,225,0.15803244374672945
40f,42,Worms + Shellcode,entropy,Exploits,known,7590,301,0.15803244374672945
40f,42,Worms + Shellcode,entropy,Fuzzers,known,4810,256,0.15803244374672945
40f,42,Worms + Shellcode,entropy,Generic,known,3418,119,0.15803244374672945
40f,42,Worms + Shellcode,entropy,Normal,known,33832,431,0.15803244374672945
40f,42,Worms + Shellcode,entropy,Reconnaissance,known,2469,106,0.15803244374672945
40f,42,Worms + Shellcode,entropy,Shellcode,zero-day,1456,295,0.15803244374672945
40f,42,Worms + Shellcode,entropy,Worms,zero-day,171,7,0.15803244374672945
40f,42,Worms + Shellcode,knn,Analysis,known,438,92,0.011197014129565449
40f,42,Worms + Shellcode,knn,Backdoor,known,345,82,0.011197014129565449
40f,42,Worms + Shellcode,knn,DoS,known,1694,226,0.011197014129565449
40f,42,Worms + Shellcode,knn,Exploits,known,7590,745,0.011197014129565449
40f,42,Worms + Shellcode,knn,Fuzzers,known,4810,368,0.011197014129565449
40f,42,Worms + Shellcode,knn,Generic,known,3418,452,0.011197014129565449
40f,42,Worms + Shellcode,knn,Normal,known,33832,1696,0.011197014129565449
40f,42,Worms + Shellcode,knn,Reconnaissance,known,2469,48,0.011197014129565449
40f,42,Worms + Shellcode,knn,Shellcode,zero-day,1456,16,0.011197014129565449
40f,42,Worms + Shellcode,knn,Worms,zero-day,171,26,0.011197014129565449
40f,42,Worms + Shellcode,maha,Analysis,known,438,16,0.006533812479581836
40f,42,Worms + Shellcode,maha,Backdoor,known,345,14,0.006533812479581836
40f,42,Worms + Shellcode,maha,DoS,known,1694,112,0.006533812479581836
40f,42,Worms + Shellcode,maha,Exploits,known,7590,287,0.006533812479581836
40f,42,Worms + Shellcode,maha,Fuzzers,known,4810,309,0.006533812479581836
40f,42,Worms + Shellcode,maha,Generic,known,3418,36,0.006533812479581836
40f,42,Worms + Shellcode,maha,Normal,known,33832,2238,0.006533812479581836
40f,42,Worms + Shellcode,maha,Reconnaissance,known,2469,29,0.006533812479581836
40f,42,Worms + Shellcode,maha,Shellcode,zero-day,1456,10,0.006533812479581836
40f,42,Worms + Shellcode,maha,Worms,zero-day,171,10,0.006533812479581836
40f,43,Worms + Shellcode,msp,Analysis,known,438,75,0.08717070036410367
40f,43,Worms + Shellcode,msp,Backdoor,known,345,46,0.08717070036410367
40f,43,Worms + Shellcode,msp,DoS,known,1694,290,0.08717070036410367
40f,43,Worms + Shellcode,msp,Exploits,known,7590,553,0.08717070036410367
40f,43,Worms + Shellcode,msp,Fuzzers,known,4810,440,0.08717070036410367
40f,43,Worms + Shellcode,msp,Generic,known,3418,181,0.08717070036410367
40f,43,Worms + Shellcode,msp,Normal,known,33832,2522,0.08717070036410367
40f,43,Worms + Shellcode,msp,Reconnaissance,known,2469,155,0.08717070036410367
40f,43,Worms + Shellcode,msp,Shellcode,zero-day,1456,399,0.08717070036410367
40f,43,Worms + Shellcode,msp,Worms,zero-day,171,8,0.08717070036410367
40f,43,Worms + Shellcode,entropy,Analysis,known,438,165,0.13772708069286016
40f,43,Worms + Shellcode,entropy,Backdoor,known,345,92,0.13772708069286016
40f,43,Worms + Shellcode,entropy,DoS,known,1694,320,0.13772708069286016
40f,43,Worms + Shellcode,entropy,Exploits,known,7590,383,0.13772708069286016
40f,43,Worms + Shellcode,entropy,Fuzzers,known,4810,348,0.13772708069286016
40f,43,Worms + Shellcode,entropy,Generic,known,3418,132,0.13772708069286016
40f,43,Worms + Shellcode,entropy,Normal,known,33832,409,0.13772708069286016
40f,43,Worms + Shellcode,entropy,Reconnaissance,known,2469,192,0.13772708069286016
40f,43,Worms + Shellcode,entropy,Shellcode,zero-day,1456,320,0.13772708069286016
40f,43,Worms + Shellcode,entropy,Worms,zero-day,171,6,0.13772708069286016
40f,43,Worms + Shellcode,knn,Analysis,known,438,53,0.011289147851420248
40f,43,Worms + Shellcode,knn,Backdoor,known,345,43,0.011289147851420248
40f,43,Worms + Shellcode,knn,DoS,known,1694,155,0.011289147851420248
40f,43,Worms + Shellcode,knn,Exploits,known,7590,585,0.011289147851420248
40f,43,Worms + Shellcode,knn,Fuzzers,known,4810,262,0.011289147851420248
40f,43,Worms + Shellcode,knn,Generic,known,3418,279,0.011289147851420248
40f,43,Worms + Shellcode,knn,Normal,known,33832,1304,0.011289147851420248
40f,43,Worms + Shellcode,knn,Reconnaissance,known,2469,34,0.011289147851420248
40f,43,Worms + Shellcode,knn,Shellcode,zero-day,1456,11,0.011289147851420248
40f,43,Worms + Shellcode,knn,Worms,zero-day,171,20,0.011289147851420248
40f,43,Worms + Shellcode,maha,Analysis,known,438,9,0.006799637352674524
40f,43,Worms + Shellcode,maha,Backdoor,known,345,6,0.006799637352674524
40f,43,Worms + Shellcode,maha,DoS,known,1694,92,0.006799637352674524
40f,43,Worms + Shellcode,maha,Exploits,known,7590,226,0.006799637352674524
40f,43,Worms + Shellcode,maha,Fuzzers,known,4810,211,0.006799637352674524
40f,43,Worms + Shellcode,maha,Generic,known,3418,31,0.006799637352674524
40f,43,Worms + Shellcode,maha,Normal,known,33832,1601,0.006799637352674524
40f,43,Worms + Shellcode,maha,Reconnaissance,known,2469,15,0.006799637352674524
40f,43,Worms + Shellcode,maha,Shellcode,zero-day,1456,6,0.006799637352674524
40f,43,Worms + Shellcode,maha,Worms,zero-day,171,9,0.006799637352674524
40f,44,Worms + Shellcode,msp,Analysis,known,438,28,0.11029009304871373
40f,44,Worms + Shellcode,msp,Backdoor,known,345,37,0.11029009304871373
40f,44,Worms + Shellcode,msp,DoS,known,1694,215,0.11029009304871373
40f,44,Worms + Shellcode,msp,Exploits,known,7590,459,0.11029009304871373
40f,44,Worms + Shellcode,msp,Fuzzers,known,4810,348,0.11029009304871373
40f,44,Worms + Shellcode,msp,Generic,known,3418,129,0.11029009304871373
40f,44,Worms + Shellcode,msp,Normal,known,33832,1934,0.11029009304871373
40f,44,Worms + Shellcode,msp,Reconnaissance,known,2469,101,0.11029009304871373
40f,44,Worms + Shellcode,msp,Shellcode,zero-day,1456,397,0.11029009304871373
40f,44,Worms + Shellcode,msp,Worms,zero-day,171,6,0.11029009304871373
40f,44,Worms + Shellcode,entropy,Analysis,known,438,90,0.16997167138810199
40f,44,Worms + Shellcode,entropy,Backdoor,known,345,63,0.16997167138810199
40f,44,Worms + Shellcode,entropy,DoS,known,1694,214,0.16997167138810199
40f,44,Worms + Shellcode,entropy,Exploits,known,7590,290,0.16997167138810199
40f,44,Worms + Shellcode,entropy,Fuzzers,known,4810,237,0.16997167138810199
40f,44,Worms + Shellcode,entropy,Generic,known,3418,115,0.16997167138810199
40f,44,Worms + Shellcode,entropy,Normal,known,33832,328,0.16997167138810199
40f,44,Worms + Shellcode,entropy,Reconnaissance,known,2469,128,0.16997167138810199
40f,44,Worms + Shellcode,entropy,Shellcode,zero-day,1456,297,0.16997167138810199
40f,44,Worms + Shellcode,entropy,Worms,zero-day,171,3,0.16997167138810199
40f,44,Worms + Shellcode,knn,Analysis,known,438,86,0.011640922319229908
40f,44,Worms + Shellcode,knn,Backdoor,known,345,76,0.011640922319229908
40f,44,Worms + Shellcode,knn,DoS,known,1694,244,0.011640922319229908
40f,44,Worms + Shellcode,knn,Exploits,known,7590,948,0.011640922319229908
40f,44,Worms + Shellcode,knn,Fuzzers,known,4810,383,0.011640922319229908
40f,44,Worms + Shellcode,knn,Generic,known,3418,504,0.011640922319229908
40f,44,Worms + Shellcode,knn,Normal,known,33832,2122,0.011640922319229908
40f,44,Worms + Shellcode,knn,Reconnaissance,known,2469,52,0.011640922319229908
40f,44,Worms + Shellcode,knn,Shellcode,zero-day,1456,23,0.011640922319229908
40f,44,Worms + Shellcode,knn,Worms,zero-day,171,29,0.011640922319229908
40f,44,Worms + Shellcode,maha,Analysis,known,438,16,0.006367495451788963
40f,44,Worms + Shellcode,maha,Backdoor,known,345,13,0.006367495451788963
40f,44,Worms + Shellcode,maha,DoS,known,1694,118,0.006367495451788963
40f,44,Worms + Shellcode,maha,Exploits,known,7590,337,0.006367495451788963
40f,44,Worms + Shellcode,maha,Fuzzers,known,4810,333,0.006367495451788963
40f,44,Worms + Shellcode,maha,Generic,known,3418,39,0.006367495451788963
40f,44,Worms + Shellcode,maha,Normal,known,33832,2393,0.006367495451788963
40f,44,Worms + Shellcode,maha,Reconnaissance,known,2469,28,0.006367495451788963
40f,44,Worms + Shellcode,maha,Shellcode,zero-day,1456,11,0.006367495451788963
40f,44,Worms + Shellcode,maha,Worms,zero-day,171,10,0.006367495451788963
40f,45,Worms + Shellcode,msp,Analysis,known,438,20,0.10753138075313808
40f,45,Worms + Shellcode,msp,Backdoor,known,345,31,0.10753138075313808
40f,45,Worms + Shellcode,msp,DoS,known,1694,147,0.10753138075313808
40f,45,Worms + Shellcode,msp,Exploits,known,7590,303,0.10753138075313808
40f,45,Worms + Shellcode,msp,Fuzzers,known,4810,196,0.10753138075313808
40f,45,Worms + Shellcode,msp,Generic,known,3418,104,0.10753138075313808
40f,45,Worms + Shellcode,msp,Normal,known,33832,1264,0.10753138075313808
40f,45,Worms + Shellcode,msp,Reconnaissance,known,2469,68,0.10753138075313808
40f,45,Worms + Shellcode,msp,Shellcode,zero-day,1456,253,0.10753138075313808
40f,45,Worms + Shellcode,msp,Worms,zero-day,171,4,0.10753138075313808
40f,45,Worms + Shellcode,entropy,Analysis,known,438,32,0.20090497737556562
40f,45,Worms + Shellcode,entropy,Backdoor,known,345,37,0.20090497737556562
40f,45,Worms + Shellcode,entropy,DoS,known,1694,124,0.20090497737556562
40f,45,Worms + Shellcode,entropy,Exploits,known,7590,183,0.20090497737556562
40f,45,Worms + Shellcode,entropy,Fuzzers,known,4810,124,0.20090497737556562
40f,45,Worms + Shellcode,entropy,Generic,known,3418,86,0.20090497737556562
40f,45,Worms + Shellcode,entropy,Normal,known,33832,235,0.20090497737556562
40f,45,Worms + Shellcode,entropy,Reconnaissance,known,2469,62,0.20090497737556562
40f,45,Worms + Shellcode,entropy,Shellcode,zero-day,1456,220,0.20090497737556562
40f,45,Worms + Shellcode,entropy,Worms,zero-day,171,2,0.20090497737556562
40f,45,Worms + Shellcode,knn,Analysis,known,438,50,0.01228609039052216
40f,45,Worms + Shellcode,knn,Backdoor,known,345,41,0.01228609039052216
40f,45,Worms + Shellcode,knn,DoS,known,1694,143,0.01228609039052216
40f,45,Worms + Shellcode,knn,Exploits,known,7590,430,0.01228609039052216
40f,45,Worms + Shellcode,knn,Fuzzers,known,4810,232,0.01228609039052216
40f,45,Worms + Shellcode,knn,Generic,known,3418,242,0.01228609039052216
40f,45,Worms + Shellcode,knn,Normal,known,33832,1083,0.01228609039052216
40f,45,Worms + Shellcode,knn,Reconnaissance,known,2469,30,0.01228609039052216
40f,45,Worms + Shellcode,knn,Shellcode,zero-day,1456,10,0.01228609039052216
40f,45,Worms + Shellcode,knn,Worms,zero-day,171,18,0.01228609039052216
40f,45,Worms + Shellcode,maha,Analysis,known,438,10,0.0067865626060400405
40f,45,Worms + Shellcode,maha,Backdoor,known,345,8,0.0067865626060400405
40f,45,Worms + Shellcode,maha,DoS,known,1694,101,0.0067865626060400405
40f,45,Worms + Shellcode,maha,Exploits,known,7590,276,0.0067865626060400405
40f,45,Worms + Shellcode,maha,Fuzzers,known,4810,284,0.0067865626060400405
40f,45,Worms + Shellcode,maha,Generic,known,3418,34,0.0067865626060400405
40f,45,Worms + Shellcode,maha,Normal,known,33832,2192,0.0067865626060400405
40f,45,Worms + Shellcode,maha,Reconnaissance,known,2469,22,0.0067865626060400405
40f,45,Worms + Shellcode,maha,Shellcode,zero-day,1456,10,0.0067865626060400405
40f,45,Worms + Shellcode,maha,Worms,zero-day,171,10,0.0067865626060400405
40f,46,Worms + Shellcode,msp,Analysis,known,438,52,0.09869298479594558
40f,46,Worms + Shellcode,msp,Backdoor,known,345,36,0.09869298479594558
40f,46,Worms + Shellcode,msp,DoS,known,1694,224,0.09869298479594558
40f,46,Worms + Shellcode,msp,Exploits,known,7590,442,0.09869298479594558
40f,46,Worms + Shellcode,msp,Fuzzers,known,4810,323,0.09869298479594558
40f,46,Worms + Shellcode,msp,Generic,known,3418,136,0.09869298479594558
40f,46,Worms + Shellcode,msp,Normal,known,33832,2048,0.09869298479594558
40f,46,Worms + Shellcode,msp,Reconnaissance,known,2469,118,0.09869298479594558
40f,46,Worms + Shellcode,msp,Shellcode,zero-day,1456,361,0.09869298479594558
40f,46,Worms + Shellcode,msp,Worms,zero-day,171,9,0.09869298479594558
40f,46,Worms + Shellcode,entropy,Analysis,known,438,64,0.14596273291925466
40f,46,Worms + Shellcode,entropy,Backdoor,known,345,31,0.14596273291925466
40f,46,Worms + Shellcode,entropy,DoS,known,1694,144,0.14596273291925466
40f,46,Worms + Shellcode,entropy,Exploits,known,7590,154,0.14596273291925466
40f,46,Worms + Shellcode,entropy,Fuzzers,known,4810,149,0.14596273291925466
40f,46,Worms + Shellcode,entropy,Generic,known,3418,64,0.14596273291925466
40f,46,Worms + Shellcode,entropy,Normal,known,33832,131,0.14596273291925466
40f,46,Worms + Shellcode,entropy,Reconnaissance,known,2469,88,0.14596273291925466
40f,46,Worms + Shellcode,entropy,Shellcode,zero-day,1456,138,0.14596273291925466
40f,46,Worms + Shellcode,entropy,Worms,zero-day,171,3,0.14596273291925466
40f,46,Worms + Shellcode,knn,Analysis,known,438,82,0.011624903125807285
40f,46,Worms + Shellcode,knn,Backdoor,known,345,69,0.011624903125807285
40f,46,Worms + Shellcode,knn,DoS,known,1694,209,0.011624903125807285
40f,46,Worms + Shellcode,knn,Exploits,known,7590,743,0.011624903125807285
40f,46,Worms + Shellcode,knn,Fuzzers,known,4810,342,0.011624903125807285
40f,46,Worms + Shellcode,knn,Generic,known,3418,407,0.011624903125807285
40f,46,Worms + Shellcode,knn,Normal,known,33832,1927,0.011624903125807285
40f,46,Worms + Shellcode,knn,Reconnaissance,known,2469,47,0.011624903125807285
40f,46,Worms + Shellcode,knn,Shellcode,zero-day,1456,20,0.011624903125807285
40f,46,Worms + Shellcode,knn,Worms,zero-day,171,25,0.011624903125807285
40f,46,Worms + Shellcode,maha,Analysis,known,438,11,0.006731740154830024
40f,46,Worms + Shellcode,maha,Backdoor,known,345,8,0.006731740154830024
40f,46,Worms + Shellcode,maha,DoS,known,1694,104,0.006731740154830024
40f,46,Worms + Shellcode,maha,Exploits,known,7590,287,0.006731740154830024
40f,46,Worms + Shellcode,maha,Fuzzers,known,4810,290,0.006731740154830024
40f,46,Worms + Shellcode,maha,Generic,known,3418,35,0.006731740154830024
40f,46,Worms + Shellcode,maha,Normal,known,33832,2193,0.006731740154830024
40f,46,Worms + Shellcode,maha,Reconnaissance,known,2469,23,0.006731740154830024
40f,46,Worms + Shellcode,maha,Shellcode,zero-day,1456,10,0.006731740154830024
40f,46,Worms + Shellcode,maha,Worms,zero-day,171,10,0.006731740154830024
