pool,seed,score,zero_day,n_zero_day,threshold,unknown_auroc,detection,flagged_or_attack,false_unknown_thr_half,false_unknown_cal_half,false_unknown_test,msp_false_unknown_test,detection_matched_to_msp,held_out,exact_twin_share_in_known
40f,42,msp,Shellcode+Worms,1627,0.5047785639762878,0.7968766260413476,0.23847572218807622,0.9674247080516287,0.05,0.05431818181818182,0.05778811634551982,0.05778811634551982,0.23847572218807622,Worms + Shellcode,0.10633066994468347
40f,42,msp,Shellcode,1456,0.5047785639762878,0.8151545764935482,0.260989010989011,0.9642857142857143,0.05,0.05431818181818182,0.05778811634551982,0.05778811634551982,0.260989010989011,Worms + Shellcode,0.10633066994468347
40f,42,msp,Worms,171,0.5047785639762878,0.6412468256998027,0.04678362573099415,0.9941520467836257,0.05,0.05431818181818182,0.05778811634551982,0.05778811634551982,0.04678362573099415,Worms + Shellcode,0.10633066994468347
40f,42,entropy,Shellcode+Worms,1627,0.6912815126057171,0.8611037422879343,0.1856177012907191,0.9532882606023356,0.05,0.05181818181818182,0.029471023518206463,0.05778811634551982,0.3128457283343577,Worms + Shellcode,0.10633066994468347
40f,42,entropy,Shellcode,1456,0.6912815126057171,0.8818858569721728,0.2026098901098901,0.948489010989011,0.05,0.05181818181818182,0.029471023518206463,0.05778811634551982,0.3427197802197802,Worms + Shellcode,0.10633066994468347
40f,42,entropy,Worms,171,0.6912815126057171,0.6841519353858796,0.04093567251461988,0.9941520467836257,0.05,0.05181818181818182,0.029471023518206463,0.05778811634551982,0.05847953216374269,Worms + Shellcode,0.10633066994468347
40f,42,msp_pc,Shellcode+Worms,1627,,0.7939567595654743,0.21880762138905963,0.9735709895513215,0.0505,0.053409090909090906,0.06465675141035973,0.05778811634551982,0.2077443146896128,Worms + Shellcode,0.10633066994468347
40f,42,msp_pc,Shellcode,1456,,0.8128216055960304,0.23901098901098902,0.9711538461538461,0.0505,0.053409090909090906,0.06465675141035973,0.05778811634551982,0.22664835164835165,Worms + Shellcode,0.10633066994468347
40f,42,msp_pc,Worms,171,,0.6333297664631944,0.04678362573099415,0.9941520467836257,0.0505,0.053409090909090906,0.06465675141035973,0.05778811634551982,0.04678362573099415,Worms + Shellcode,0.10633066994468347
40f,42,entropy_pc,Shellcode+Worms,1627,,0.849184035987336,0.33988936693300553,0.9803318992009834,0.050333333333333334,0.05045454545454545,0.06745915451681442,0.05778811634551982,0.29256299938537184,Worms + Shellcode,0.10633066994468347
40f,42,entropy_pc,Shellcode,1456,,0.8694399782941067,0.3715659340659341,0.9787087912087912,0.050333333333333334,0.05045454545454545,0.06745915451681442,0.05778811634551982,0.31936813186813184,Worms + Shellcode,0.10633066994468347
40f,42,entropy_pc,Worms,171,,0.6767123868723754,0.07017543859649122,0.9941520467836257,0.050333333333333334,0.05045454545454545,0.06745915451681442,0.05778811634551982,0.06432748538011696,Worms + Shellcode,0.10633066994468347
40f,43,msp,Shellcode+Worms,1627,0.49140435457229614,0.7932007678416322,0.2501536570374923,0.9502151198524893,0.0495,0.06875,0.07806432705692724,0.07806432705692724,0.2501536570374923,Worms + Shellcode,0.107559926244622
40f,43,msp,Shellcode,1456,0.49140435457229614,0.8135847977531663,0.27403846153846156,0.945054945054945,0.0495,0.06875,0.07806432705692724,0.07806432705692724,0.27403846153846156,Worms + Shellcode,0.107559926244622
40f,43,msp,Worms,171,0.49140435457229614,0.6196385014603816,0.04678362573099415,0.9941520467836257,0.0495,0.06875,0.07806432705692724,0.07806432705692724,0.04678362573099415,Worms + Shellcode,0.107559926244622
40f,43,entropy,Shellcode+Worms,1627,0.6959827748008484,0.8569935037825817,0.20036877688998156,0.9360786724031961,0.05,0.08083333333333333,0.037383691112902045,0.07806432705692724,0.34603564843269824,Worms + Shellcode,0.107559926244622
40f,43,entropy,Shellcode,1456,0.6959827748008484,0.8797568442803442,0.21978021978021978,0.9292582417582418,0.05,0.08083333333333333,0.037383691112902045,0.07806432705692724,0.38186813186813184,Worms + Shellcode,0.107559926244622
40f,43,entropy,Worms,171,0.6959827748008484,0.6631723121759021,0.03508771929824561,0.9941520467836257,0.05,0.08083333333333333,0.037383691112902045,0.07806432705692724,0.04093567251461988,Worms + Shellcode,0.107559926244622
40f,43,msp_pc,Shellcode+Worms,1627,,0.743588187566553,0.25322679778733864,0.986478180700676,0.050333333333333334,0.060833333333333336,0.10879917942706425,0.07806432705692724,0.1604179471419791,Worms + Shellcode,0.107559926244622
40f,43,msp_pc,Shellcode,1456,,0.780035654254347,0.27815934065934067,0.9855769230769231,0.050333333333333334,0.060833333333333336,0.10879917942706425,0.07806432705692724,0.17513736263736263,Worms + Shellcode,0.107559926244622
40f,43,msp_pc,Worms,171,,0.4332518630201899,0.04093567251461988,0.9941520467836257,0.050333333333333334,0.060833333333333336,0.10879917942706425,0.07806432705692724,0.03508771929824561,Worms + Shellcode,0.107559926244622
40f,43,entropy_pc,Shellcode+Worms,1627,,0.8142245269639562,0.3718500307314075,0.9969268592501537,0.050333333333333334,0.06479166666666666,0.10572203091801598,0.07806432705692724,0.30178242163491087,Worms + Shellcode,0.107559926244622
40f,43,entropy_pc,Shellcode,1456,,0.8416094578135983,0.4100274725274725,0.9972527472527473,0.050333333333333334,0.06479166666666666,0.10572203091801598,0.07806432705692724,0.3324175824175824,Worms + Shellcode,0.107559926244622
40f,43,entropy_pc,Worms,171,,0.5810522502558935,0.04678362573099415,0.9941520467836257,0.050333333333333334,0.06479166666666666,0.10572203091801598,0.07806432705692724,0.04093567251461988,Worms + Shellcode,0.107559926244622
40f,44,msp,Shellcode+Worms,1627,0.5032303333282471,0.8028908090958843,0.24769514443761526,0.9526736324523664,0.04888888888888889,0.016,0.059546486922118835,0.059546486922118835,0.24769514443761526,Worms + Shellcode,0.107559926244622
40f,44,msp,Shellcode,1456,0.5032303333282471,0.8216993981868012,0.27266483516483514,0.9478021978021978,0.04888888888888889,0.016,0.059546486922118835,0.059546486922118835,0.27266483516483514,Worms + Shellcode,0.107559926244622
40f,44,msp,Worms,171,0.5032303333282471,0.6427428224504161,0.03508771929824561,0.9941520467836257,0.04888888888888889,0.016,0.059546486922118835,0.059546486922118835,0.03508771929824561,Worms + Shellcode,0.107559926244622
40f,44,entropy,Shellcode+Worms,1627,0.7034948231665225,0.8672913115878322,0.18438844499078058,0.9354640442532268,0.05,0.0168,0.026833467653307935,0.059546486922118835,0.3245236631837738,Worms + Shellcode,0.107559926244622
40f,44,entropy,Shellcode,1456,0.7034948231665225,0.8873358421379339,0.20398351648351648,0.9285714285714286,0.05,0.0168,0.026833467653307935,0.059546486922118835,0.35782967032967034,Worms + Shellcode,0.107559926244622
40f,44,entropy,Worms,171,0.7034948231665225,0.6966197532197163,0.017543859649122806,0.9941520467836257,0.05,0.0168,0.026833467653307935,0.059546486922118835,0.04093567251461988,Worms + Shellcode,0.107559926244622
40f,44,msp_pc,Shellcode+Worms,1627,,0.7533194321878813,0.18869084204056547,0.9741856177012908,0.05018518518518519,0.0148,0.07330207341197158,0.059546486922118835,0.15673017824216348,Worms + Shellcode,0.107559926244622
40f,44,msp_pc,Shellcode,1456,,0.7772695756602545,0.20535714285714285,0.9718406593406593,0.05018518518518519,0.0148,0.07330207341197158,0.059546486922118835,0.17032967032967034,Worms + Shellcode,0.107559926244622
40f,44,msp_pc,Worms,171,,0.549393064376329,0.04678362573099415,0.9941520467836257,0.05018518518518519,0.0148,0.07330207341197158,0.059546486922118835,0.04093567251461988,Worms + Shellcode,0.107559926244622
40f,44,entropy_pc,Shellcode+Worms,1627,,0.8138305225807285,0.29686539643515675,0.9969268592501537,0.05018518518518519,0.0212,0.07720345812880064,0.059546486922118835,0.23171481253841425,Worms + Shellcode,0.107559926244622
40f,44,entropy_pc,Shellcode,1456,,0.8352487935355728,0.3228021978021978,0.9972527472527473,0.05018518518518519,0.0212,0.07720345812880064,0.059546486922118835,0.25206043956043955,Worms + Shellcode,0.107559926244622
40f,44,entropy_pc,Worms,171,,0.6314620868482536,0.07602339181286549,0.9941520467836257,0.05018518518518519,0.0212,0.07720345812880064,0.059546486922118835,0.05847953216374269,Worms + Shellcode,0.107559926244622
40f,45,msp,Shellcode+Worms,1627,0.5386670827865601,0.8014109496394435,0.15795943454210204,0.9606637984019668,0.05,0.03833333333333333,0.039068796248809434,0.039068796248809434,0.15795943454210204,Worms + Shellcode,0.10264290104486785
40f,45,msp,Shellcode,1456,0.5386670827865601,0.821071603683883,0.17376373626373626,0.9567307692307693,0.05,0.03833333333333333,0.039068796248809434,0.039068796248809434,0.17376373626373626,Worms + Shellcode,0.10264290104486785
40f,45,msp,Worms,171,0.5386670827865601,0.6340079537990702,0.023391812865497075,0.9941520467836257,0.05,0.03833333333333333,0.039068796248809434,0.039068796248809434,0.023391812865497075,Worms + Shellcode,0.10264290104486785
40f,45,entropy,Shellcode+Worms,1627,0.7218939770232496,0.8652084138356314,0.13644744929317762,0.9520590043023971,0.043666666666666666,0.04020833333333333,0.016173346032676388,0.039068796248809434,0.256299938537185,Worms + Shellcode,0.10264290104486785
40f,45,entropy,Shellcode,1456,0.7218939770232496,0.8877800956415919,0.1510989010989011,0.9471153846153846,0.043666666666666666,0.04020833333333333,0.016173346032676388,0.039068796248809434,0.28434065934065933,Worms + Shellcode,0.10264290104486785
40f,45,entropy,Worms,171,0.7218939770232496,0.6730191231369262,0.011695906432748537,0.9941520467836257,0.043666666666666666,0.04020833333333333,0.016173346032676388,0.039068796248809434,0.017543859649122806,Worms + Shellcode,0.10264290104486785
40f,45,msp_pc,Shellcode+Worms,1627,,0.8088646725167643,0.16410571604179472,0.9569760295021512,0.050333333333333334,0.041875,0.03956333797347791,0.039068796248809434,0.1604179471419791,Worms + Shellcode,0.10264290104486785
40f,45,msp_pc,Shellcode,1456,,0.8269805042473828,0.18063186813186813,0.9526098901098901,0.050333333333333334,0.041875,0.03956333797347791,0.039068796248809434,0.17651098901098902,Worms + Shellcode,0.10264290104486785
40f,45,msp_pc,Worms,171,,0.6546152514654159,0.023391812865497075,0.9941520467836257,0.050333333333333334,0.041875,0.03956333797347791,0.039068796248809434,0.023391812865497075,Worms + Shellcode,0.10264290104486785
40f,45,entropy_pc,Shellcode+Worms,1627,,0.871100500956391,0.3239090350338045,0.9618930547019053,0.050333333333333334,0.04416666666666667,0.04157813759249762,0.039068796248809434,0.3048555623847572,Worms + Shellcode,0.10264290104486785
40f,45,entropy_pc,Shellcode,1456,,0.8900092633481984,0.35645604395604397,0.9581043956043956,0.050333333333333334,0.04416666666666667,0.04157813759249762,0.039068796248809434,0.3358516483516483,Worms + Shellcode,0.10264290104486785
40f,45,entropy_pc,Worms,171,,0.7100995767314101,0.04678362573099415,0.9941520467836257,0.050333333333333334,0.04416666666666667,0.04157813759249762,0.039068796248809434,0.04093567251461988,Worms + Shellcode,0.10264290104486785
40f,46,msp,Shellcode+Worms,1627,0.5030501484870911,0.7945381210625173,0.22741241548862937,0.9452980946527351,0.05,0.0438,0.06189098102425086,0.06189098102425086,0.22741241548862937,Worms + Shellcode,0.10633066994468347
40f,46,msp,Shellcode,1456,0.5030501484870911,0.8120661500882809,0.24793956043956045,0.9395604395604396,0.05,0.0438,0.06189098102425086,0.06189098102425086,0.24793956043956045,Worms + Shellcode,0.10633066994468347
40f,46,msp,Worms,171,0.5030501484870911,0.6452936166092326,0.05263157894736842,0.9941520467836257,0.05,0.0438,0.06189098102425086,0.06189098102425086,0.05263157894736842,Worms + Shellcode,0.10633066994468347
40f,46,entropy,Shellcode+Worms,1627,0.7481151583530505,0.8572112624518039,0.08666256914566688,0.9262446220036877,0.04810344827586207,0.0156,0.015110997142647813,0.06189098102425086,0.29440688383527963,Worms + Shellcode,0.10633066994468347
40f,46,entropy,Shellcode,1456,0.7481151583530505,0.8772117696804258,0.09478021978021978,0.9182692307692307,0.04810344827586207,0.0156,0.015110997142647813,0.06189098102425086,0.3228021978021978,Worms + Shellcode,0.10633066994468347
40f,46,entropy,Worms,171,0.7481151583530505,0.6869145459320756,0.017543859649122806,0.9941520467836257,0.04810344827586207,0.0156,0.015110997142647813,0.06189098102425086,0.05263157894736842,Worms + Shellcode,0.10633066994468347
40f,46,msp_pc,Shellcode+Worms,1627,,0.7495524424973238,0.24585125998770743,0.9778733866011063,0.0503448275862069,0.057,0.10215034068429922,0.06189098102425086,0.12169637369391519,Worms + Shellcode,0.10633066994468347
40f,46,msp_pc,Shellcode,1456,,0.7792552527697959,0.2692307692307692,0.9759615384615384,0.0503448275862069,0.057,0.10215034068429922,0.06189098102425086,0.13324175824175824,Worms + Shellcode,0.10633066994468347
40f,46,msp_pc,Worms,171,,0.496644303569141,0.04678362573099415,0.9941520467836257,0.0503448275862069,0.057,0.10215034068429922,0.06189098102425086,0.023391812865497075,Worms + Shellcode,0.10633066994468347
40f,46,entropy_pc,Shellcode+Worms,1627,,0.8021221861759056,0.3614013521819299,0.9956976029502151,0.0503448275862069,0.0506,0.10019049014579823,0.06189098102425086,0.2071296865396435,Worms + Shellcode,0.10633066994468347
40f,46,entropy_pc,Shellcode,1456,,0.8315909811852739,0.39354395604395603,0.9958791208791209,0.0503448275862069,0.0506,0.10019049014579823,0.06189098102425086,0.22733516483516483,Worms + Shellcode,0.10633066994468347
40f,46,entropy_pc,Worms,171,,0.5512065982598815,0.08771929824561403,0.9941520467836257,0.0503448275862069,0.0506,0.10019049014579823,0.06189098102425086,0.03508771929824561,Worms + Shellcode,0.10633066994468347
40f,42,msp,Analysis,2032,0.5369912981987,0.8796456604529662,0.2327755905511811,0.8479330708661418,0.05,0.05477272727272727,0.04909560723514212,0.04909560723514212,0.2327755905511811,Analysis,0.7746062992125984
40f,42,entropy,Analysis,2032,0.635404751448171,0.9209806717061984,0.33366141732283466,0.8410433070866141,0.049166666666666664,0.057727272727272724,0.03284036139058405,0.04909560723514212,0.5073818897637795,Analysis,0.7746062992125984
40f,42,msp_pc,Analysis,2032,,0.7695065358140228,0.07726377952755906,0.8725393700787402,0.050166666666666665,0.05545454545454546,0.06610222295526601,0.04909560723514212,0.05364173228346457,Analysis,0.7746062992125984
40f,42,entropy_pc,Analysis,2032,,0.8469976103205639,0.13631889763779528,0.9197834645669292,0.05,0.056363636363636366,0.07172833397474664,0.04909560723514212,0.08070866141732283,Analysis,0.7746062992125984
40f,43,msp,Analysis,2032,0.5363325476646423,0.8964424820732557,0.4325787401574803,0.8474409448818898,0.05,0.07333333333333333,0.055857936115234486,0.055857936115234486,0.4325787401574803,Analysis,0.7780511811023622
40f,43,entropy,Analysis,2032,0.6323557942852575,0.9262074596512068,0.5403543307086615,0.8405511811023622,0.05,0.07833333333333334,0.04193010427547785,0.055857936115234486,0.655511811023622,Analysis,0.7780511811023622
40f,43,msp_pc,Analysis,2032,,0.8327128976311574,0.11811023622047244,0.9000984251968503,0.050333333333333334,0.05979166666666667,0.10346912969377096,0.055857936115234486,0.03937007874015748,Analysis,0.7780511811023622
40f,43,entropy_pc,Analysis,2032,,0.8549491016173284,0.17716535433070865,0.9409448818897638,0.049666666666666665,0.06291666666666666,0.10922352337493357,0.055857936115234486,0.0733267716535433,Analysis,0.7780511811023622
40f,44,msp,Analysis,2032,0.5274789333343506,0.8752718024969377,0.25049212598425197,0.8454724409448819,0.05,0.0194,0.055601370791870545,0.055601370791870545,0.2514763779527559,Analysis,0.7775590551181102
40f,44,entropy,Analysis,2032,0.6334223762247359,0.9188597329022228,0.4389763779527559,0.8366141732283464,0.05,0.0216,0.039419429325416463,0.055601370791870545,0.59251968503937,Analysis,0.7775590551181102
40f,44,msp_pc,Analysis,2032,,0.8170614884843583,0.0733267716535433,0.8715551181102362,0.05018518518518519,0.0144,0.07530192240731577,0.055601370791870545,0.04478346456692913,Analysis,0.7775590551181102
40f,44,entropy_pc,Analysis,2032,,0.84432390347545,0.1658464566929134,0.9247047244094488,0.05037037037037037,0.0202,0.09225355984386167,0.055601370791870545,0.07578740157480315,Analysis,0.7775590551181102
40f,45,msp,Analysis,2032,0.5759316682815552,0.8817156884283989,0.11663385826771654,0.859744094488189,0.05,0.035833333333333335,0.030934447559880514,0.030934447559880514,0.11663385826771654,Analysis,0.7755905511811023
40f,45,entropy,Analysis,2032,0.6655998027877047,0.9248044988108961,0.18061023622047245,0.8548228346456693,0.042833333333333334,0.032916666666666664,0.018362746715047555,0.030934447559880514,0.3572834645669291,Analysis,0.7755905511811023
40f,45,msp_pc,Analysis,2032,,0.8452362128966933,0.08612204724409449,0.8577755905511811,0.0505,0.04583333333333333,0.040390712335294225,0.030934447559880514,0.06348425196850394,Analysis,0.7755905511811023
40f,45,entropy_pc,Analysis,2032,,0.8914732019107046,0.09005905511811024,0.8558070866141733,0.050333333333333334,0.04791666666666667,0.038814668206058604,0.030934447559880514,0.05757874015748032,Analysis,0.7755905511811023
40f,46,msp,Analysis,2032,0.5503470301628113,0.892703327477641,0.23179133858267717,0.8459645669291339,0.04982758620689655,0.036,0.04416588780764931,0.04416588780764931,0.23179133858267717,Analysis,0.7770669291338582
40f,46,entropy,Analysis,2032,0.6729583671426214,0.9264642504432534,0.3169291338582677,0.8375984251968503,0.05,0.0232,0.023365770520644345,0.04416588780764931,0.5546259842519685,Analysis,0.7770669291338582
40f,46,msp_pc,Analysis,2032,,0.8151139892098264,0.11122047244094488,0.8877952755905512,0.0503448275862069,0.0504,0.10262612934557516,0.04416588780764931,0.0359251968503937,Analysis,0.7770669291338582
40f,46,entropy_pc,Analysis,2032,,0.8443864935817543,0.16929133858267717,0.9389763779527559,0.05,0.048,0.11186248098667693,0.04416588780764931,0.06496062992125984,Analysis,0.7770669291338582
40f,42,msp,Backdoor,1880,0.5359848141670227,0.8730504190313817,0.23297872340425532,0.9952127659574468,0.05,0.06227272727272727,0.05614709110867179,0.05614709110867179,0.23351063829787233,Backdoor,0.8111702127659575
40f,42,entropy,Backdoor,1880,0.6353931827485231,0.9218762212828239,0.3595744680851064,0.9952127659574468,0.05,0.056363636363636366,0.033863885839736554,0.05614709110867179,0.6085106382978723,Backdoor,0.8111702127659575
40f,42,msp_pc,Backdoor,1880,,0.7622206035764609,0.0898936170212766,0.9968085106382979,0.0505,0.053863636363636364,0.0623856567874131,0.05614709110867179,0.0797872340425532,Backdoor,0.8111702127659575
40f,42,entropy_pc,Backdoor,1880,,0.8498273660773368,0.11170212765957446,0.999468085106383,0.050166666666666665,0.05090909090909091,0.06384924990852543,0.05614709110867179,0.09308510638297872,Backdoor,0.8111702127659575
40f,43,msp,Backdoor,1880,0.5239918828010559,0.8867104771469276,0.44840425531914896,0.9872340425531915,0.05,0.07083333333333333,0.0730515916575192,0.0730515916575192,0.44840425531914896,Backdoor,0.8132978723404255
40f,43,entropy,Backdoor,1880,0.6195727881997826,0.9253490144101643,0.6462765957446809,0.9877659574468085,0.05,0.07020833333333333,0.05073179656055617,0.0730515916575192,0.8180851063829787,Backdoor,0.8132978723404255
40f,43,msp_pc,Backdoor,1880,,0.7882581636188118,0.11063829787234042,0.9968085106382979,0.0505,0.056875,0.09754848152213684,0.0730515916575192,0.07287234042553191,Backdoor,0.8132978723404255
40f,43,entropy_pc,Backdoor,1880,,0.8341787773158637,0.17712765957446808,1.0,0.049166666666666664,0.06229166666666667,0.10084156604463959,0.0730515916575192,0.08617021276595745,Backdoor,0.8132978723404255
40f,44,msp,Backdoor,1880,0.5295605063438416,0.8714156857478728,0.20957446808510638,0.9962765957446809,0.05,0.0154,0.05858031467252104,0.05858031467252104,0.21010638297872342,Backdoor,0.8132978723404255
40f,44,entropy,Backdoor,1880,0.6376053640564188,0.9210240042895734,0.451063829787234,0.9946808510638298,0.05,0.0186,0.03680936699597512,0.05858031467252104,0.6537234042553192,Backdoor,0.8132978723404255
40f,44,msp_pc,Backdoor,1880,,0.8218571235334875,0.13404255319148936,0.997872340425532,0.05,0.0158,0.07533845590925722,0.05858031467252104,0.10531914893617021,Backdoor,0.8132978723404255
40f,44,entropy_pc,Backdoor,1880,,0.8313657201968065,0.13617021276595745,1.0,0.04962962962962963,0.0208,0.08428466886205635,0.05858031467252104,0.07446808510638298,Backdoor,0.8132978723404255
40f,45,msp,Backdoor,1880,0.5855354070663452,0.8886770003736834,0.19042553191489361,0.9930851063829788,0.05,0.034583333333333334,0.03232711306256861,0.03232711306256861,0.19095744680851065,Backdoor,0.8101063829787234
40f,45,entropy,Backdoor,1880,0.6664563337165517,0.9300993131622175,0.25638297872340426,0.9936170212765958,0.04933333333333333,0.0375,0.02186242224661544,0.03232711306256861,0.4106382978723404,Backdoor,0.8101063829787234
40f,45,msp_pc,Backdoor,1880,,0.8542304799106274,0.1271276595744681,0.9925531914893617,0.049833333333333334,0.041666666666666664,0.03649835345773875,0.03232711306256861,0.11702127659574468,Backdoor,0.8101063829787234
40f,45,entropy_pc,Backdoor,1880,,0.9066349668356026,0.15212765957446808,0.9946808510638298,0.049833333333333334,0.043125,0.03765093304061471,0.03232711306256861,0.11914893617021277,Backdoor,0.8101063829787234
40f,46,msp,Backdoor,1880,0.5408982634544373,0.8905317299982094,0.2877659574468085,0.9962765957446809,0.0496551724137931,0.0426,0.05439077936333699,0.05439077936333699,0.2877659574468085,Backdoor,0.8111702127659575
40f,46,entropy,Backdoor,1880,0.6619023477768051,0.9306504425812177,0.3930851063829787,0.9936170212765958,0.04982758620689655,0.025,0.027277716794731066,0.05439077936333699,0.6707446808510639,Backdoor,0.8111702127659575
40f,46,msp_pc,Backdoor,1880,,0.7861080003269728,0.1324468085106383,0.9989361702127659,0.05,0.0566,0.10212221002561288,0.05439077936333699,0.052127659574468084,Backdoor,0.8111702127659575
40f,46,entropy_pc,Backdoor,1880,,0.8313339473807132,0.14574468085106382,1.0,0.04982758620689655,0.0552,0.10554335894621296,0.05439077936333699,0.04680851063829787,Backdoor,0.8111702127659575
40f,42,msp,DoS,5500,0.4960497319698334,0.6984953182099551,0.16363636363636364,0.9823636363636363,0.05,0.06903846153846153,0.06876629588640243,0.06876629588640243,0.16363636363636364,DoS,0.3489090909090909
40f,42,entropy,DoS,5500,0.5830211090327285,0.7372465805283235,0.21363636363636362,0.9745454545454545,0.05,0.05576923076923077,0.03635272270263173,0.06876629588640243,0.3276363636363636,DoS,0.3489090909090909
40f,42,msp_pc,DoS,5500,,0.55684642603181,0.10436363636363637,0.9861818181818182,0.050333333333333334,0.06326923076923077,0.08502935604284294,0.06876629588640243,0.0870909090909091,DoS,0.3489090909090909
40f,42,entropy_pc,DoS,5500,,0.6364956370934874,0.13818181818181818,0.9910909090909091,0.049666666666666665,0.058653846153846154,0.07850162255444468,0.06876629588640243,0.12072727272727272,DoS,0.3489090909090909
40f,43,msp,DoS,5500,0.4634258449077606,0.6862258462776742,0.22690909090909092,0.9876363636363636,0.05,0.10479166666666667,0.10879555813997112,0.10879555813997112,0.22690909090909092,DoS,0.3492727272727273
40f,43,entropy,DoS,5500,0.5422939175465493,0.7250873365721895,0.31763636363636366,0.9821818181818182,0.049666666666666665,0.09208333333333334,0.07129860629138451,0.10879555813997112,0.39181818181818184,DoS,0.3492727272727273
40f,43,msp_pc,DoS,5500,,0.49761323179081235,0.10963636363636364,0.9932727272727273,0.050666666666666665,0.10041666666666667,0.12393314700530847,0.10879555813997112,0.08981818181818182,DoS,0.3492727272727273
40f,43,entropy_pc,DoS,5500,,0.5607560097609056,0.13945454545454544,0.9950909090909091,0.05,0.110625,0.11427285175667311,0.10879555813997112,0.13036363636363638,DoS,0.3492727272727273
40f,44,msp,DoS,5500,0.5089136958122253,0.7000527061616142,0.1469090909090909,0.9781818181818182,0.05,0.0192,0.05987507268668755,0.05987507268668755,0.1469090909090909,DoS,0.3489090909090909
40f,44,entropy,DoS,5500,0.6162427081957682,0.7391875614959218,0.16418181818181818,0.9687272727272728,0.05,0.0194,0.022396878692952673,0.05987507268668755,0.3050909090909091,DoS,0.3489090909090909
40f,44,msp_pc,DoS,5500,,0.5795514434169309,0.10854545454545454,0.9872727272727273,0.050555555555555555,0.0204,0.0848980510588809,0.05987507268668755,0.07763636363636364,DoS,0.3489090909090909
40f,44,entropy_pc,DoS,5500,,0.5956067654466672,0.1441818181818182,0.9945454545454545,0.05018518518518519,0.0232,0.09941663071411154,0.05987507268668755,0.08690909090909091,DoS,0.3489090909090909
40f,45,msp,DoS,5500,0.5113975405693054,0.7003738491629734,0.11272727272727273,0.9845454545454545,0.05,0.055535714285714285,0.051377764438858775,0.051377764438858775,0.11272727272727273,DoS,0.34763636363636363
40f,45,entropy,DoS,5500,0.6035783558075007,0.742197857852976,0.14127272727272727,0.9781818181818182,0.05,0.0475,0.020915008159666862,0.051377764438858775,0.26454545454545453,DoS,0.34763636363636363
40f,45,msp_pc,DoS,5500,,0.6929709372617965,0.09472727272727273,0.978909090909091,0.049833333333333334,0.05107142857142857,0.04711973138751852,0.051377764438858775,0.10018181818181818,DoS,0.34763636363636363
40f,45,entropy_pc,DoS,5500,,0.7268402222976326,0.12872727272727272,0.9798181818181818,0.050333333333333334,0.054285714285714284,0.046144322935229125,0.051377764438858775,0.14072727272727273,DoS,0.34763636363636363
40f,46,msp,DoS,5500,0.4908488988876343,0.7020899132193424,0.1618181818181818,0.9881818181818182,0.04931034482758621,0.0432,0.07066083922642606,0.07066083922642606,0.1618181818181818,DoS,0.3492727272727273
40f,46,entropy,DoS,5500,0.6007781199542649,0.7372508999507179,0.1789090909090909,0.9785454545454545,0.05,0.034,0.027273920954399653,0.07066083922642606,0.33254545454545453,DoS,0.3492727272727273
40f,46,msp_pc,DoS,5500,,0.5143466076419501,0.114,0.9943636363636363,0.05086206896551724,0.0532,0.10234285607097972,0.07066083922642606,0.07381818181818182,DoS,0.3492727272727273
40f,46,entropy_pc,DoS,5500,,0.5525683084337021,0.12072727272727272,0.9963636363636363,0.050517241379310344,0.049,0.09570257545347115,0.07066083922642606,0.09527272727272727,DoS,0.3492727272727273
40f,42,msp,Exploits,27434,0.49827754497528076,0.6824970713219054,0.09039877524239995,0.9491506889261501,0.049565217391304345,0.014,0.03804703153010651,0.03804703153010651,0.09039877524239995,Exploits,0.07279288474156156
40f,42,entropy,Exploits,27434,0.5652669311336826,0.7111240474209417,0.0934971203615951,0.9451046147116716,0.049782608695652174,0.021,0.03250026362965306,0.03804703153010651,0.10836917693373187,Exploits,0.07279288474156156
40f,42,msp_pc,Exploits,27434,,0.655321218769515,0.12313188014872056,0.9506087336881243,0.050652173913043476,0.01675,0.03878519455868396,0.03804703153010651,0.12276736895822701,Exploits,0.07279288474156156
40f,42,entropy_pc,Exploits,27434,,0.5923640559877811,0.12112706860100605,0.9627834074506088,0.050652173913043476,0.018,0.03916482125909522,0.03804703153010651,0.11817452795800831,Exploits,0.07279288474156156
40f,43,msp,Exploits,27434,0.4176121950149536,0.6766623311245177,0.18036013705620763,0.9679230152365678,0.05,0.11166666666666666,0.13113993461984605,0.13113993461984605,0.18036013705620763,Exploits,0.07355835824159802
40f,43,entropy,Exploits,27434,0.5359682720917548,0.7085002852627753,0.14405482248305024,0.9599037690457097,0.0494,0.09472222222222222,0.04926710956448381,0.13113993461984605,0.3075016403003572,Exploits,0.07355835824159802
40f,43,msp_pc,Exploits,27434,,0.3386376518987858,0.18929066122329954,0.9899030400233287,0.0504,0.10277777777777777,0.18131393019086786,0.13113993461984605,0.0749435007654735,Exploits,0.07355835824159802
40f,43,entropy_pc,Exploits,27434,,0.35025408924628487,0.1684406211270686,0.9897936866661806,0.0506,0.09972222222222223,0.17688495201940313,0.13113993461984605,0.07013195305095866,Exploits,0.07355835824159802
40f,44,msp,Exploits,27434,0.4571968913078308,0.6690983614478204,0.12171028650579573,0.9642779033316323,0.05,0.028,0.07776020246757355,0.07776020246757355,0.12171028650579573,Exploits,0.07282933586061092
40f,44,entropy,Exploits,27434,0.5538917814058731,0.6993054726087273,0.10589050083837574,0.9581541153313407,0.049736842105263156,0.01375,0.03526310239375725,0.07776020246757355,0.21068746810527084,Exploits,0.07282933586061092
40f,44,msp_pc,Exploits,27434,,0.5850304832909463,0.1581249544361012,0.9671939928555807,0.05052631578947368,0.02625,0.07080037962670041,0.07776020246757355,0.16421229131734344,Exploits,0.07282933586061092
40f,44,entropy_pc,Exploits,27434,,0.4844657062006287,0.1581249544361012,0.9792593132609171,0.05026315789473684,0.02175,0.06791099862912581,0.07776020246757355,0.16592549391266312,Exploits,0.07282933586061092
40f,45,msp,Exploits,27434,0.4805309474468231,0.695892155687661,0.0987460815047022,0.9615440694029307,0.05,0.09225,0.04494358325424444,0.04494358325424444,0.0987460815047022,Exploits,0.07282933586061092
40f,45,entropy,Exploits,27434,0.545420660563064,0.7185614898551381,0.11901290369614347,0.960341182474302,0.05,0.0975,0.04209638300115997,0.04494358325424444,0.125537654005978,Exploits,0.07282933586061092
40f,45,msp_pc,Exploits,27434,,0.6396500681808515,0.13643653860173507,0.9613253626886346,0.0508,0.09025,0.04606137298323315,0.04494358325424444,0.1352701027921557,Exploits,0.07282933586061092
40f,45,entropy_pc,Exploits,27434,,0.6371643916870968,0.14172195086389153,0.9620179339505723,0.0506,0.08575,0.04161130443952336,0.04494358325424444,0.15185536195961216,Exploits,0.07282933586061092
40f,46,msp,Exploits,27434,0.469012975692749,0.6828877121567176,0.1260844207917183,0.9614347160457826,0.0498,0.034,0.0721501634503849,0.0721501634503849,0.12612087191076765,Exploits,0.0734854560034993
40f,46,entropy,Exploits,27434,0.5489928620257306,0.7140393497267965,0.131807246482467,0.9598673179266604,0.05,0.0235,0.044057787619951494,0.0721501634503849,0.20277757527156084,Exploits,0.0734854560034993
40f,46,msp_pc,Exploits,27434,,0.5033758886983088,0.14543996500692571,0.9698184734271342,0.0502,0.0375,0.07763366023410313,0.0721501634503849,0.1399722971495225,Exploits,0.0734854560034993
40f,46,entropy_pc,Exploits,27434,,0.49472035464851627,0.16592549391266312,0.980170591237151,0.0502,0.04325,0.08024886639249183,0.0721501634503849,0.1586717212218415,Exploits,0.0734854560034993
40f,42,msp,Fuzzers,20960,0.4829740822315216,0.6914096407598154,0.07132633587786259,0.24494274809160305,0.05,0.02575,0.050921406514593086,0.050921406514593086,0.07132633587786259,Fuzzers,0.1935591603053435
40f,42,entropy,Fuzzers,20960,0.5517526569380296,0.6970567881635666,0.08406488549618321,0.24336832061068703,0.05,0.05875,0.0466580336686921,0.050921406514593086,0.09231870229007634,Fuzzers,0.1935591603053435
40f,42,msp_pc,Fuzzers,20960,,0.69126216961864,0.08721374045801526,0.2681297709923664,0.050416666666666665,0.0255,0.05500547863333001,0.050921406514593086,0.08144083969465649,Fuzzers,0.1935591603053435
40f,42,entropy_pc,Fuzzers,20960,,0.6903416161702186,0.10462786259541984,0.27600190839694655,0.050416666666666665,0.0345,0.05661918517780656,0.050921406514593086,0.09451335877862596,Fuzzers,0.1935591603053435
40f,43,msp,Fuzzers,20960,0.4127155542373657,0.6933359630266388,0.1123091603053435,0.2577767175572519,0.05,0.09238095238095238,0.08341468273732444,0.08341468273732444,0.1123091603053435,Fuzzers,0.19384541984732825
40f,43,entropy,Fuzzers,20960,0.5130865361816546,0.6990328301684499,0.1303912213740458,0.2521469465648855,0.0496,0.07833333333333334,0.07223827074409801,0.08341468273732444,0.14990458015267175,Fuzzers,0.19384541984732825
40f,43,msp_pc,Fuzzers,20960,,0.7410970141068154,0.2955152671755725,0.477719465648855,0.0506,0.04595238095238095,0.11568881362685526,0.08341468273732444,0.19680343511450382,Fuzzers,0.19384541984732825
40f,43,entropy_pc,Fuzzers,20960,,0.7786591990663893,0.2987595419847328,0.4713740458015267,0.0502,0.0530952380952381,0.11106683932662616,0.08341468273732444,0.2155057251908397,Fuzzers,0.19384541984732825
40f,44,msp,Fuzzers,20960,0.4534743130207062,0.6924182363401058,0.08435114503816794,0.25052480916030534,0.05,0.02,0.06410997111266062,0.06410997111266062,0.08435114503816794,Fuzzers,0.19360687022900763
40f,44,entropy,Fuzzers,20960,0.5560880046140568,0.6986511203634072,0.08029580152671756,0.24270038167938932,0.049791666666666665,0.02475,0.04265365076202809,0.06410997111266062,0.11555343511450382,Fuzzers,0.19360687022900763
40f,44,msp_pc,Fuzzers,20960,,0.7158930519257338,0.2372614503816794,0.41288167938931297,0.050416666666666665,0.0255,0.10736129096523558,0.06410997111266062,0.13377862595419848,Fuzzers,0.19360687022900763
40f,44,entropy_pc,Fuzzers,20960,,0.7424682954036509,0.23821564885496183,0.40992366412213743,0.050416666666666665,0.0255,0.09805757545572268,0.06410997111266062,0.14713740458015268,Fuzzers,0.19360687022900763
40f,45,msp,Fuzzers,20960,0.48790591955184937,0.7020996524812771,0.08148854961832061,0.272662213740458,0.0496,0.06012526096033403,0.04558222930570774,0.04558222930570774,0.08148854961832061,Fuzzers,0.193368320610687
40f,45,entropy,Fuzzers,20960,0.5563543694260285,0.7095305583985814,0.09751908396946565,0.2741412213740458,0.0492,0.05636743215031315,0.03970514991533021,0.04558222930570774,0.10911259541984733,Fuzzers,0.193368320610687
40f,45,msp_pc,Fuzzers,20960,,0.7388330035761295,0.10186068702290077,0.30481870229007635,0.0516,0.05260960334029228,0.04984560215160873,0.04558222930570774,0.0950381679389313,Fuzzers,0.193368320610687
40f,45,entropy_pc,Fuzzers,20960,,0.7190645176559509,0.11521946564885496,0.3057251908396947,0.0518,0.05908141962421712,0.048650263970514994,0.04558222930570774,0.1109732824427481,Fuzzers,0.193368320610687
40f,46,msp,Fuzzers,20960,0.4442068338394165,0.6837336049711469,0.11264312977099236,0.2840171755725191,0.05,0.056,0.08255802370754059,0.08255802370754059,0.11259541984732824,Fuzzers,0.1939885496183206
40f,46,entropy,Fuzzers,20960,0.5343566056995401,0.6902558894357806,0.12361641221374046,0.2822996183206107,0.04869565217391304,0.0652,0.07484809243948601,0.08255802370754059,0.13759541984732823,Fuzzers,0.1939885496183206
40f,46,msp_pc,Fuzzers,20960,,0.7186174059526625,0.20376908396946564,0.3955152671755725,0.050434782608695654,0.0684,0.10457216854268353,0.08255802370754059,0.16512404580152673,Fuzzers,0.1939885496183206
40f,46,entropy_pc,Fuzzers,20960,,0.7257675057732857,0.2008587786259542,0.39642175572519084,0.050434782608695654,0.0766,0.09580635521466281,0.08255802370754059,0.17800572519083968,Fuzzers,0.1939885496183206
40f,42,msp,Generic,7599,0.49533697962760925,0.7213327878263026,0.07724700618502435,0.9988156336360048,0.05,0.06519230769230769,0.07251827010680985,0.07251827010680985,0.07724700618502435,Generic,0.04724305829714436
40f,42,entropy,Generic,7599,0.5945715539783807,0.835341416742247,0.25529674957231213,0.9976312672720095,0.05,0.06019230769230769,0.05166030201407331,0.07251827010680985,0.30372417423345177,Generic,0.04724305829714436
40f,42,msp_pc,Generic,7599,,0.6824597372820038,0.03513620213185945,0.999078826161337,0.050666666666666665,0.06634615384615385,0.08108632019694885,0.07251827010680985,0.02276615344124227,Generic,0.04724305829714436
40f,42,entropy_pc,Generic,7599,,0.7579046524555508,0.15304645348072116,0.9993420186866693,0.050833333333333335,0.06923076923076923,0.0849826506678039,0.07251827010680985,0.1293591262008159,Generic,0.04724305829714436
40f,43,msp,Generic,7599,0.4545750021934509,0.8130024989973907,0.32951704171601526,0.9992104224240032,0.05,0.09458333333333334,0.11923546629964914,0.11923546629964914,0.32951704171601526,Generic,0.04697986577181208
40f,43,entropy,Generic,7599,0.5729189771166062,0.8996368247224591,0.7002237136465325,0.9986840373733386,0.049833333333333334,0.07520833333333334,0.08255955957896369,0.11923546629964914,0.7715488880115805,Generic,0.04697986577181208
40f,43,msp_pc,Generic,7599,,0.5974635384770526,0.13896565337544414,0.9997368074746678,0.050333333333333334,0.07958333333333334,0.12536104057223718,0.11923546629964914,0.13041189630214503,Generic,0.04697986577181208
40f,43,entropy_pc,Generic,7599,,0.7919017192570734,0.31714699302539806,0.9997368074746678,0.0505,0.07291666666666667,0.11435051466454726,0.11923546629964914,0.3338597183839979,Generic,0.04697986577181208
40f,44,msp,Generic,7599,0.4970942437648773,0.8568354266353156,0.43203053033293853,0.9992104224240032,0.05,0.029,0.07724814391222595,0.07724814391222595,0.43203053033293853,Generic,0.04724305829714436
40f,44,entropy,Generic,7599,0.6002276802736962,0.9069416787490873,0.7191735754704567,0.9984208448480063,0.05,0.033,0.05311415666737744,0.07724814391222595,0.7557573364916437,Generic,0.04724305829714436
40f,44,msp_pc,Generic,7599,,0.8096614431748642,0.30332938544545335,0.9996052112120016,0.05074074074074074,0.0274,0.08482757283811813,0.07724814391222595,0.28437952362152913,Generic,0.04724305829714436
40f,44,entropy_pc,Generic,7599,,0.8465720571500372,0.554415054612449,0.9996052112120016,0.050555555555555555,0.032,0.09605133076162599,0.07724814391222595,0.3638636662718779,Generic,0.04724305829714436
40f,45,msp,Generic,7599,0.5303429961204529,0.8509523221819563,0.4579549940781682,0.9980260560600079,0.05,0.04767857142857143,0.0529009246515595,0.0529009246515595,0.4579549940781682,Generic,0.04697986577181208
40f,45,entropy,Generic,7599,0.6217856571946597,0.9112317151263329,0.5548098434004475,0.997104882221345,0.05,0.04839285714285714,0.03975807858569019,0.0529009246515595,0.6295565205948151,Generic,0.04697986577181208
40f,45,msp_pc,Generic,7599,,0.8332516146740514,0.2670088169495986,0.984076852217397,0.050333333333333334,0.047142857142857146,0.04576734448601392,0.0529009246515595,0.3920252664824319,Generic,0.04697986577181208
40f,45,entropy_pc,Generic,7599,,0.9014010429381996,0.5065140150019739,0.997104882221345,0.0505,0.05142857142857143,0.0444104134762634,0.0529009246515595,0.5424397947098303,Generic,0.04697986577181208
40f,46,msp,Generic,7599,0.4894798696041107,0.8974801556715906,0.7116725884984867,0.9985524411106724,0.05,0.0538,0.08137709112760967,0.08137709112760967,0.7116725884984867,Generic,0.04776944334780892
40f,46,entropy,Generic,7599,0.5887283964569958,0.9280888246993065,0.8060271088301092,0.9974996710093433,0.05,0.0518,0.060499738306162405,0.08137709112760967,0.8224766416633768,Generic,0.04776944334780892
40f,46,msp_pc,Generic,7599,,0.8317401262300168,0.46335044084747995,0.9989472298986709,0.05,0.0462,0.09403531897571094,0.08137709112760967,0.4424266350835636,Generic,0.04776944334780892
40f,46,entropy_pc,Generic,7599,,0.882000549307958,0.7608895907356231,0.9994736149493354,0.05,0.0434,0.08358695020063195,0.08137709112760967,0.758915646795631,Generic,0.04776944334780892
40f,42,msp,Reconnaissance,9991,0.5013379454612732,0.7943062539215094,0.332399159243319,0.8057251526373737,0.05002263467632413,0.0335,0.07204583523679,0.07204583523679,0.33249924932439195,Reconnaissance,0.221599439495546
40f,42,entropy,Reconnaissance,9991,0.5808874354582215,0.8365275197731254,0.34651186067460715,0.8376538884996497,0.05002263467632413,0.03575,0.05617100654789097,0.07204583523679,0.42818536683014713,Reconnaissance,0.221599439495546
40f,42,msp_pc,Reconnaissance,9991,,0.7662283951475317,0.2888599739765789,0.8386547893103793,0.05070167496604799,0.03375,0.0739683264808893,0.07204583523679,0.28465619057151437,Reconnaissance,0.221599439495546
40f,42,entropy_pc,Reconnaissance,9991,,0.8077162395752644,0.3272945651085977,0.9482534280852768,0.05092802172928927,0.0345,0.06915258108725446,0.07204583523679,0.33600240216194577,Reconnaissance,0.221599439495546
40f,43,msp,Reconnaissance,9991,0.474796861410141,0.8037579041557685,0.4206786107496747,0.8614753277950156,0.05,0.07729166666666666,0.09625780417237703,0.09625780417237703,0.4206786107496747,Reconnaissance,0.21359223300970873
40f,43,entropy,Reconnaissance,9991,0.5017685204195226,0.842212543405709,0.6233610249224302,0.9452507256530878,0.05,0.12145833333333333,0.10893482564336836,0.09625780417237703,0.5804223801421279,Reconnaissance,0.21359223300970873
40f,43,msp_pc,Reconnaissance,9991,,0.7481071351226917,0.35982384145731156,0.8985086577920128,0.0506,0.07104166666666667,0.09713339424394701,0.09625780417237703,0.35882294064658193,Reconnaissance,0.21359223300970873
40f,43,entropy_pc,Reconnaissance,9991,,0.801411538010218,0.46171554398959064,0.9891902712441197,0.0508,0.09291666666666666,0.10969620831429877,0.09625780417237703,0.4152737463717346,Reconnaissance,0.21359223300970873
40f,44,msp,Reconnaissance,9991,0.5077340602874756,0.8099117742590838,0.3855469922930638,0.8352517265538985,0.050020755500207556,0.019,0.06622125780417237,0.06622125780417237,0.3855469922930638,Reconnaissance,0.22169952957661895
40f,44,entropy,Reconnaissance,9991,0.5854947564325444,0.8480992818159458,0.4060654589130217,0.8741867680912822,0.050020755500207556,0.019,0.054800517740216236,0.06622125780417237,0.4627164448003203,Reconnaissance,0.22169952957661895
40f,44,msp_pc,Reconnaissance,9991,,0.7976710598850675,0.33690321289160247,0.8677810029026124,0.0506434205064342,0.02025,0.07097989949748744,0.06622125780417237,0.3162846561905715,Reconnaissance,0.22169952957661895
40f,44,entropy_pc,Reconnaissance,9991,,0.8158342794033132,0.35602041837653886,0.9645681113001702,0.0506434205064342,0.02,0.06627836150449216,0.06622125780417237,0.35592032829546594,Reconnaissance,0.22169952957661895
40f,45,msp,Reconnaissance,9991,0.533511757850647,0.7840419061790909,0.163246922230007,0.8125312781503353,0.05,0.04071428571428572,0.04901400944114512,0.04901400944114512,0.163246922230007,Reconnaissance,0.21179061155039536
40f,45,entropy,Reconnaissance,9991,0.6150425719433709,0.8237099681017926,0.1932739465518967,0.8462616354719247,0.05,0.039523809523809524,0.03966803715547434,0.04901400944114512,0.21859673706335703,Reconnaissance,0.21179061155039536
40f,45,msp_pc,Reconnaissance,9991,,0.7714000341665805,0.10749674707236513,0.7834050645581023,0.0505,0.03761904761904762,0.04353205421044617,0.04901400944114512,0.11920728655790211,Reconnaissance,0.21179061155039536
40f,45,entropy_pc,Reconnaissance,9991,,0.8151859800819367,0.1028926033430087,0.7980182163947552,0.0505,0.03738095238095238,0.03443353129282777,0.04901400944114512,0.15904313882494245,Reconnaissance,0.21179061155039536
40f,46,msp,Reconnaissance,9991,0.5171627998352051,0.8041030688088291,0.2918626764087679,0.9723751376238615,0.05,0.02575,0.05999695446931628,0.05999695446931628,0.2918626764087679,Reconnaissance,0.22260034030627565
40f,46,entropy,Reconnaissance,9991,0.6007383373949363,0.8441867305213034,0.2935642077870083,0.9749774797317586,0.05,0.02425,0.04794807370184254,0.05999695446931628,0.390651586427785,Reconnaissance,0.22260034030627565
40f,46,msp_pc,Reconnaissance,9991,,0.7596591957887728,0.2504253828445601,0.982684415974377,0.0512,0.03,0.06930485762144054,0.05999695446931628,0.2268041237113402,Reconnaissance,0.22260034030627565
40f,46,entropy_pc,Reconnaissance,9991,,0.787425756235279,0.18066259633670304,0.9948954058652788,0.051,0.03,0.06191944571341556,0.05999695446931628,0.1731558402562306,Reconnaissance,0.22260034030627565
40f,42,msp,Worms,171,0.5418851971626282,0.6470750498146958,0.03508771929824561,0.9941520467836257,0.05,0.03204367434132447,0.0466876512436091,0.0466876512436091,0.03508771929824561,Worms,0.07602339181286549
40f,42,entropy,Worms,171,0.6653133217166913,0.6834997618194124,0.023391812865497075,0.9941520467836257,0.049833333333333334,0.03370519819605981,0.03224104364913302,0.0466876512436091,0.03508771929824561,Worms,0.07602339181286549
40f,42,msp_pc,Worms,171,,0.5755969331150392,0.029239766081871343,0.9941520467836257,0.050666666666666665,0.03346783764538334,0.050817852659158315,0.0466876512436091,0.029239766081871343,Worms,0.07602339181286549
40f,42,entropy_pc,Worms,171,,0.6417362827506288,0.04093567251461988,0.9941520467836257,0.050666666666666665,0.03156895323997152,0.0432670439038591,0.0466876512436091,0.04678362573099415,Worms,0.07602339181286549
40f,43,msp,Worms,171,0.4897637367248535,0.6165957019389932,0.08771929824561403,0.9941520467836257,0.049833333333333334,0.07772727272727273,0.09461254343989374,0.09461254343989374,0.08771929824561403,Worms,0.08187134502923976
40f,43,entropy,Worms,171,0.6391246127558818,0.654118055642007,0.06432748538011696,0.9941520467836257,0.05,0.1175,0.055039027674168954,0.09461254343989374,0.08187134502923976,Worms,0.08187134502923976
40f,43,msp_pc,Worms,171,,0.4409142431778579,0.07602339181286549,0.9941520467836257,0.0505,0.053863636363636364,0.10494714433871291,0.09461254343989374,0.05263157894736842,Worms,0.08187134502923976
40f,43,entropy_pc,Worms,171,,0.5195209660098159,0.07602339181286549,0.9941520467836257,0.0505,0.060454545454545455,0.10127181092047088,0.09461254343989374,0.07602339181286549,Worms,0.08187134502923976
40f,44,msp,Worms,171,0.5079836845397949,0.6332154613409551,0.029239766081871343,0.9941520467836257,0.05,0.0184,0.06681101144447882,0.06681101144447882,0.029239766081871343,Worms,0.0935672514619883
40f,44,entropy,Worms,171,0.6419119967650231,0.6757265199533833,0.017543859649122806,0.9941520467836257,0.048518518518518516,0.0218,0.04792489219628464,0.06681101144447882,0.029239766081871343,Worms,0.0935672514619883
40f,44,msp_pc,Worms,171,,0.6001466111376583,0.023391812865497075,0.9941520467836257,0.05037037037037037,0.0156,0.07485307763686978,0.06681101144447882,0.023391812865497075,Worms,0.0935672514619883
40f,44,entropy_pc,Worms,171,,0.612195026968086,0.04678362573099415,0.9941520467836257,0.05018518518518519,0.0198,0.08351376430559851,0.06681101144447882,0.04093567251461988,Worms,0.0935672514619883
40f,45,msp,Worms,171,0.5383979678153992,0.6510597998729775,0.05847953216374269,0.9941520467836257,0.05,0.045535714285714284,0.05010825858335911,0.05010825858335911,0.05847953216374269,Worms,0.07602339181286549
40f,45,entropy,Worms,171,0.6635798675493617,0.6858551268304979,0.06432748538011696,0.9941520467836257,0.049833333333333334,0.05160714285714286,0.03158603373301068,0.05010825858335911,0.07602339181286549,Worms,0.07602339181286549
40f,45,msp_pc,Worms,171,,0.6715475864810464,0.07602339181286549,0.9941520467836257,0.050333333333333334,0.04964285714285714,0.048689070431760705,0.05010825858335911,0.08187134502923976,Worms,0.07602339181286549
40f,45,entropy_pc,Worms,171,,0.7222594628769725,0.0935672514619883,0.9941520467836257,0.050333333333333334,0.045535714285714284,0.04528665781190298,0.05010825858335911,0.11695906432748537,Worms,0.07602339181286549
40f,46,msp,Worms,171,0.5167020559310913,0.6229012896013133,0.017543859649122806,0.9941520467836257,0.05,0.038,0.0636815196230054,0.0636815196230054,0.017543859649122806,Worms,0.07602339181286549
40f,46,entropy,Worms,171,0.69077450187483,0.6688203469318116,0.011695906432748537,0.9941520467836257,0.048448275862068964,0.0212,0.026982769600262003,0.0636815196230054,0.017543859649122806,Worms,0.07602339181286549
40f,46,msp_pc,Worms,171,,0.5663625275594145,0.017543859649122806,0.9941520467836257,0.05017241379310345,0.0422,0.0823856916722767,0.0636815196230054,0.017543859649122806,Worms,0.07602339181286549
40f,46,entropy_pc,Worms,171,,0.5961090325505667,0.05847953216374269,0.9941520467836257,0.050517241379310344,0.041,0.08651589308782591,0.0636815196230054,0.029239766081871343,Worms,0.07602339181286549
40f,42,msp,Shellcode,1456,0.5015814304351807,0.8136247382970251,0.2548076923076923,0.9684065934065934,0.05,0.059772727272727276,0.06169472913616398,0.06169472913616398,0.2548076923076923,Shellcode,0.10164835164835165
40f,42,entropy,Shellcode,1456,0.6378386000130413,0.8776464996158673,0.20192307692307693,0.9546703296703297,0.04883333333333333,0.05840909090909091,0.029154465592972183,0.06169472913616398,0.35782967032967034,Shellcode,0.10164835164835165
40f,42,msp_pc,Shellcode,1456,,0.8090797734019275,0.23695054945054944,0.9752747252747253,0.050333333333333334,0.053863636363636364,0.06566617862371889,0.06169472913616398,0.22939560439560439,Shellcode,0.10164835164835165
40f,42,entropy_pc,Shellcode,1456,,0.8642511850795618,0.3646978021978022,0.9800824175824175,0.050333333333333334,0.05045454545454545,0.06603221083455343,0.06169472913616398,0.3447802197802198,Shellcode,0.10164835164835165
40f,43,msp,Shellcode,1456,0.4879077672958374,0.8144400021418918,0.27884615384615385,0.945054945054945,0.049,0.07458333333333333,0.08349194729136164,0.08349194729136164,0.27884615384615385,Shellcode,0.10851648351648352
40f,43,entropy,Shellcode,1456,0.645618881539355,0.881152401885267,0.20673076923076922,0.9217032967032966,0.05,0.07645833333333334,0.0349194729136164,0.08349194729136164,0.43956043956043955,Shellcode,0.10851648351648352
40f,43,msp_pc,Shellcode,1456,,0.7830053016849549,0.2657967032967033,0.9814560439560439,0.0505,0.059375,0.10303806734992679,0.08349194729136164,0.19848901098901098,Shellcode,0.10851648351648352
40f,43,entropy_pc,Shellcode,1456,,0.839494674432449,0.40041208791208793,0.9965659340659341,0.0495,0.054375,0.09665080527086384,0.08349194729136164,0.3489010989010989,Shellcode,0.10851648351648352
40f,44,msp,Shellcode,1456,0.5018709897994995,0.8218532794072692,0.29945054945054944,0.9498626373626373,0.05,0.019,0.06304904831625183,0.06304904831625183,0.29945054945054944,Shellcode,0.10851648351648352
40f,44,entropy,Shellcode,1456,0.6488692735090298,0.88766056018012,0.2190934065934066,0.9306318681318682,0.05,0.0174,0.02769033674963397,0.06304904831625183,0.3873626373626374,Shellcode,0.10851648351648352
40f,44,msp_pc,Shellcode,1456,,0.7990539538015059,0.22596153846153846,0.9690934065934066,0.05018518518518519,0.0136,0.06967423133235724,0.06304904831625183,0.20604395604395603,Shellcode,0.10851648351648352
40f,44,entropy_pc,Shellcode,1456,,0.8406834432267951,0.3289835164835165,0.9931318681318682,0.05037037037037037,0.0182,0.0780380673499268,0.06304904831625183,0.2760989010989011,Shellcode,0.10851648351648352
40f,45,msp,Shellcode,1456,0.547261655330658,0.8169362865127185,0.15178571428571427,0.9629120879120879,0.05,0.037083333333333336,0.03572474377745242,0.03572474377745242,0.15178571428571427,Shellcode,0.10096153846153846
40f,45,entropy,Shellcode,1456,0.6670483074204283,0.8831407599995174,0.13324175824175824,0.9512362637362637,0.045,0.034791666666666665,0.016068814055636895,0.03572474377745242,0.25206043956043955,Shellcode,0.10096153846153846
40f,45,msp_pc,Shellcode,1456,,0.8215829347034738,0.16002747252747251,0.9601648351648352,0.0505,0.042708333333333334,0.03658491947291362,0.03572474377745242,0.15796703296703296,Shellcode,0.10096153846153846
40f,45,entropy_pc,Shellcode,1456,,0.884936473551156,0.30631868131868134,0.9587912087912088,0.04883333333333333,0.04020833333333333,0.03554172767203514,0.03572474377745242,0.30631868131868134,Shellcode,0.10096153846153846
40f,46,msp,Shellcode,1456,0.5050559043884277,0.8195735159103341,0.2348901098901099,0.9368131868131868,0.05,0.0396,0.05971815519765739,0.05971815519765739,0.2348901098901099,Shellcode,0.10645604395604395
40f,46,entropy,Shellcode,1456,0.688243947331988,0.8825877019210657,0.08791208791208792,0.9182692307692307,0.05,0.0126,0.014330161054172768,0.05971815519765739,0.3385989010989011,Shellcode,0.10645604395604395
40f,46,msp_pc,Shellcode,1456,,0.7901461728013933,0.25618131868131866,0.9718406593406593,0.05017241379310345,0.0518,0.09095900439238654,0.05971815519765739,0.15453296703296704,Shellcode,0.10645604395604395
40f,46,entropy_pc,Shellcode,1456,,0.8420149922368994,0.4368131868131868,0.9917582417582418,0.05,0.0532,0.09740117130307467,0.05971815519765739,0.21634615384615385,Shellcode,0.10645604395604395
40f,42,msp,Overlap-Group-1 (all three),9412,0.5911560654640198,0.7989618142984782,0.24500637484062898,0.9461325966850829,0.050187265917602995,0.0302,0.021207736826073714,0.021207736826073714,0.24500637484062898,Overlap-Group-1 (all three),0.5308117297067574
40f,42,entropy,Overlap-Group-1 (all three),9412,0.6294315800950265,0.812086205148119,0.2480875478113047,0.9462388440288992,0.050187265917602995,0.0324,0.02185501066098081,0.021207736826073714,0.23916277093072674,Overlap-Group-1 (all three),0.5308117297067574
40f,42,msp_pc,Overlap-Group-1 (all three),9412,,0.6485132665650386,0.12919677008074798,0.9541011474713132,0.049937578027465665,0.0368,0.05227688090161438,0.021207736826073714,0.056417339566510835,Overlap-Group-1 (all three),0.5308117297067574
40f,42,entropy_pc,Overlap-Group-1 (all three),9412,,0.6556072316851651,0.13079048023799406,0.964300892477688,0.050187265917602995,0.042,0.06834450197989643,0.021207736826073714,0.020399490012749683,Overlap-Group-1 (all three),0.5308117297067574
40f,43,msp,Overlap-Group-1 (all three),9412,0.4788306951522827,0.8051711390093903,0.5407989800254993,0.9714194645133871,0.05,0.11583333333333333,0.08587800791958575,0.08587800791958575,0.5407989800254993,Overlap-Group-1 (all three),0.5332554186145346
40f,43,entropy,Overlap-Group-1 (all three),9412,0.4840960697425205,0.8160341612961541,0.5832979175520612,0.9737569060773481,0.05,0.12104166666666667,0.08928571428571429,0.08587800791958575,0.579048023799405,Overlap-Group-1 (all three),0.5332554186145346
40f,43,msp_pc,Overlap-Group-1 (all three),9412,,0.7294091786022057,0.14003399915002124,0.9794942626434339,0.0502,0.07791666666666666,0.09901385927505331,0.08587800791958575,0.11474713132171696,Overlap-Group-1 (all three),0.5332554186145346
40f,43,entropy_pc,Overlap-Group-1 (all three),9412,,0.6939364423648129,0.17488312792180197,0.9853378665533362,0.051,0.07145833333333333,0.09467331708802924,0.08587800791958575,0.13514662133446664,Overlap-Group-1 (all three),0.5332554186145346
40f,44,msp,Overlap-Group-1 (all three),9412,0.5746538043022156,0.8072335314675312,0.36974075648108795,0.9462388440288992,0.050170261066969354,0.0242,0.028384861407249468,0.028384861407249468,0.36974075648108795,Overlap-Group-1 (all three),0.5334679133021675
40f,44,entropy,Overlap-Group-1 (all three),9412,0.61394220898076,0.8159509219392382,0.34041648958776033,0.9457076073098173,0.050170261066969354,0.0236,0.028137374352726164,0.028384861407249468,0.34201019974500635,Overlap-Group-1 (all three),0.5334679133021675
40f,44,msp_pc,Overlap-Group-1 (all three),9412,,0.7003016803197039,0.152571185720357,0.9542073948151296,0.05039727582292849,0.015,0.0497829728906488,0.028384861407249468,0.10061623459413514,Overlap-Group-1 (all three),0.5334679133021675
40f,44,entropy_pc,Overlap-Group-1 (all three),9412,,0.719686073120503,0.17286442838929028,0.9568635784105397,0.049943246311010214,0.0178,0.04487130673164788,0.028384861407249468,0.08436039099022524,Overlap-Group-1 (all three),0.5334679133021675
40f,45,msp,Overlap-Group-1 (all three),9412,0.5621997714042664,0.8008272533320501,0.30854228644283893,0.9510199745006375,0.05,0.04642857142857143,0.029146360036551935,0.029146360036551935,0.30854228644283893,Overlap-Group-1 (all three),0.5313429664258393
40f,45,entropy,Overlap-Group-1 (all three),9412,0.6122375630132536,0.8136000780964903,0.29026774330641736,0.9511262218444538,0.05,0.05,0.02764240024367956,0.029146360036551935,0.3081172970675733,Overlap-Group-1 (all three),0.5313429664258393
40f,45,msp_pc,Overlap-Group-1 (all three),9412,,0.7720287406832115,0.1571398215044624,0.952188695282618,0.050333333333333334,0.04452380952380952,0.04487130673164788,0.029146360036551935,0.08988525286867828,Overlap-Group-1 (all three),0.5313429664258393
40f,45,entropy_pc,Overlap-Group-1 (all three),9412,,0.797451840066129,0.16032724181895452,0.9533574160645983,0.0495,0.04476190476190476,0.043291197075845264,0.029146360036551935,0.07989800254993625,Overlap-Group-1 (all three),0.5313429664258393
40f,46,msp,Overlap-Group-1 (all three),9412,0.5662420988082886,0.8100290463749106,0.3951338716532087,0.9515512112197195,0.0498,0.0225,0.03354401462077368,0.03354401462077368,0.3951338716532087,Overlap-Group-1 (all three),0.5311304717382066
40f,46,entropy,Overlap-Group-1 (all three),9412,0.6026790115012574,0.8205457322160459,0.38546536336591586,0.952188695282618,0.05,0.02375,0.03272540359427353,0.03354401462077368,0.39226519337016574,Overlap-Group-1 (all three),0.5311304717382066
40f,46,msp_pc,Overlap-Group-1 (all three),9412,,0.7472577139438974,0.10507862303442414,0.9593072673183171,0.0506,0.02575,0.05313356685957965,0.03354401462077368,0.06821079473013175,Overlap-Group-1 (all three),0.5311304717382066
40f,46,entropy_pc,Overlap-Group-1 (all three),9412,,0.7328623952720935,0.13334041648958775,0.9689757756056099,0.0498,0.0265,0.06404203472433749,0.03354401462077368,0.06417339566510838,Overlap-Group-1 (all three),0.5311304717382066
