rule,metric,mean,std,min,max
argmax,threshold,,,,
det95,threshold,0.6168,0.0114,0.6042,0.6318
fpr10,threshold,0.5169,0.0095,0.5038,0.5287
argmax,val_detection,0.9691,0.0007,0.9684,0.97
det95,val_detection,0.9501,0.0,0.9501,0.9501
fpr10,val_detection,0.9692,0.0018,0.9672,0.9712
argmax,val_fpr,0.0996,0.0025,0.0967,0.1025
det95,val_fpr,0.0744,0.0036,0.0699,0.0784
fpr10,val_fpr,0.0999,0.0,0.0999,0.0999
argmax,test_detection,0.9681,0.0025,0.9642,0.9708
det95,test_detection,0.9526,0.0015,0.9507,0.9542
fpr10,test_detection,0.971,0.0025,0.9685,0.9748
argmax,test_fpr,0.2933,0.0024,0.2894,0.2955
det95,test_fpr,0.2442,0.0068,0.2359,0.2527
fpr10,test_fpr,0.2986,0.0055,0.2937,0.3063
argmax,detection_gap,-0.0009,0.0023,-0.0045,0.0019
det95,detection_gap,0.0025,0.0015,0.0006,0.0041
fpr10,detection_gap,0.0018,0.002,-0.0016,0.0036
argmax,fpr_gap,0.1937,0.0037,0.1901,0.1978
det95,fpr_gap,0.1698,0.0056,0.1637,0.1768
fpr10,fpr_gap,0.1986,0.0055,0.1938,0.2064
