feature,group,ks_or_tvd,shap_mean,shap_std,rank_shap,rank_ks
ct_dst_src_ltm,connection_counts,0.0847,0.68493,0.01222,1,31
sttl,ttl,0.271,0.49825,0.02466,2,1
ackdat,timing,0.2526,0.31833,0.01512,3,3
dbytes,volume_size,0.1868,0.30822,0.02958,4,9
ct_dst_ltm,connection_counts,0.1054,0.23974,0.00501,5,27
byte_ratio,volume_size,0.1261,0.16867,0.02282,6,25
sbytes,volume_size,0.1293,0.16619,0.01055,7,23
ct_srv_src,connection_counts,0.0268,0.15272,0.00958,8,40
ct_src_ltm,connection_counts,0.0997,0.14652,0.00609,9,29
sinpkt,timing,0.1579,0.13524,0.00521,10,16
dmean,volume_size,0.2132,0.13321,0.01365,11,6
dload,rate_load,0.2442,0.13109,0.00956,12,4
ct_srv_dst,connection_counts,0.0286,0.12845,0.00793,13,37
total_bytes,volume_size,0.1677,0.12749,0.01123,14,11
smean,volume_size,0.0763,0.10476,0.00924,15,32
dinpkt,timing,0.1463,0.09622,0.00597,16,18
tcprtt,timing,0.2121,0.08117,0.01245,17,7
service,protocol_state,0.1053,0.07243,0.01292,18,28
avg_pkt_size,volume_size,0.111,0.06249,0.00285,19,26
ct_state_ttl,ttl,0.2649,0.06134,0.01129,20,2
ct_src_dport_ltm,connection_counts,0.0441,0.05958,0.00413,21,36
dpkts,volume_size,0.1584,0.05361,0.00943,22,15
synack,timing,0.2113,0.04987,0.00811,23,8
total_pkts,volume_size,0.1522,0.04973,0.00395,24,17
pkt_ratio,volume_size,0.1712,0.04456,0.01169,25,10
response_body_len,volume_size,0.0252,0.04323,0.00383,26,42
spkts,volume_size,0.1356,0.03982,0.00508,27,22
sload,rate_load,0.1371,0.03869,0.00724,28,19
dloss,tcp_window_loss,0.1638,0.03768,0.00744,29,14
sloss,tcp_window_loss,0.1264,0.03132,0.01081,30,24
state,protocol_state,0.0498,0.02849,0.00586,31,33
rate,rate_load,0.1663,0.02843,0.00302,32,12
dur,timing,0.1368,0.02579,0.00397,33,20
djit,timing,0.096,0.02404,0.00391,34,30
sjit,timing,0.1641,0.02273,0.00161,35,13
dtcpb,tcp_window_loss,0.0269,0.02201,0.00375,36,38
dttl,ttl,0.2159,0.01271,0.00692,37,5
duration_log,timing,0.1368,0.01208,0.00248,38,20
trans_depth,protocol_state,0.0154,0.00711,0.00261,39,43
stcpb,tcp_window_loss,0.0269,0.00693,0.00138,40,38
is_sm_ips_ports,protocol_state,0.0074,0.00672,0.00097,41,48
is_ftp_login,protocol_state,0.0075,0.00343,0.00151,42,46
ct_flw_http_mthd,protocol_state,0.0154,0.00341,0.00084,43,43
proto,protocol_state,0.0483,0.00215,0.00104,44,34
ct_dst_sport_ltm,connection_counts,0.0085,0.00205,0.00036,45,45
swin,tcp_window_loss,0.048,0.00086,0.00087,46,35
dwin,tcp_window_loss,0.0264,2e-05,5e-05,47,41
ct_ftp_cmd,protocol_state,0.0075,0.0,0.0,48,46
