pool_label,seed,flow,stratum,predicted,check,feature,cue,shap_trend_on_training_rows,reason,narrative
40f,42,1239,Unknown,Overlap-Group-1,f_direction,avg_pkt_size,reduced,SHAP rises with the feature value (rho +0.44),avg_pkt_size: cue 'reduced' but SHAP for Overlap-Group-1 falls as the value rises (rho 0.44 on training rows),"This flow was flagged as an unrecognized (potential zero-day) pattern with 41.0% confidence. Main reasons: network protocol=cbt, reduced average packet size, typical sloss. Suggested action: Unrecognized pattern — escalate to a human analyst for manual review."
40f,43,2620,Overlap-Group-1,Overlap-Group-1,f_direction,avg_pkt_size,reduced,SHAP rises with the feature value (rho +0.49),avg_pkt_size: cue 'reduced' but SHAP for Overlap-Group-1 falls as the value rises (rho 0.49 on training rows),"This flow was flagged as Overlap-Group-1 with 55.2% confidence. Main reasons: network protocol=unas, reduced average packet size, typical bytes sent by the source, unusually high recent connections to this destination from the same source port. Suggested action: Flagged as DoS, Backdoor, or Analysis-type behavior — this dataset's flow-level features can't reliably distinguish the three. Escalate for manual / packet-level inspection to determine the specific subtype."
40f,44,1593,Overlap-Group-1,Overlap-Group-1,f_direction,avg_pkt_size,reduced,SHAP rises with the feature value (rho +0.54),avg_pkt_size: cue 'reduced' but SHAP for Overlap-Group-1 falls as the value rises (rho 0.54 on training rows),"This flow was flagged as Overlap-Group-1 with 59.4% confidence. Main reasons: network protocol=unas, typical bytes sent by the source, reduced average packet size, elevated recent connections to this destination from the same source port. Suggested action: Flagged as DoS, Backdoor, or Analysis-type behavior — this dataset's flow-level features can't reliably distinguish the three. Escalate for manual / packet-level inspection to determine the specific subtype."
40f,42,4314,Overlap-Group-1,Overlap-Group-1,f_direction,dloss,elevated,SHAP falls with the feature value (rho -0.53),dloss: cue 'elevated' but SHAP for Overlap-Group-1 falls as the value rises (rho -0.53 on training rows),"This flow was flagged as Overlap-Group-1 with 54.8% confidence. Main reasons: elevated dloss, network service=http, typical flow duration, extremely high mean packet size from destination. Suggested action: Flagged as DoS, Backdoor, or Analysis-type behavior — this dataset's flow-level features can't reliably distinguish the three. Escalate for manual / packet-level inspection to determine the specific subtype."
40f,42,6836,Generic,Generic,f_direction,avg_pkt_size,reduced,SHAP rises with the feature value (rho +0.28),avg_pkt_size: cue 'reduced' but SHAP for Generic falls as the value rises (rho 0.28 on training rows),"This flow was flagged as Generic with 100.0% confidence. Main reasons: typical bytes sent by the source, extremely high recent connections to this destination from the same source port, typical total bytes transferred, network service=dns, reduced average packet size. Suggested action: Review firewall rules for this flow's protocol/service combination."
40f,42,8281,Generic,Generic,f_direction,smean,reduced,SHAP rises with the feature value (rho +0.64),smean: cue 'reduced' but SHAP for Generic falls as the value rises (rho 0.64 on training rows),"This flow was flagged as Generic with 99.8% confidence. Main reasons: typical total bytes transferred, typical bytes sent by the source, network service=dns, reduced average packet size, reduced mean packet size from source. Suggested action: Review firewall rules for this flow's protocol/service combination."
40f,42,2055,Exploits,Exploits,f_direction,avg_pkt_size,reduced,SHAP rises with the feature value (rho +0.58),avg_pkt_size: cue 'reduced' but SHAP for Exploits falls as the value rises (rho 0.58 on training rows),"This flow was flagged as Exploits with 99.9% confidence. Main reasons: unusually high ACK data time, typical bytes sent by the destination, network service=ftp, typical dloss, reduced average packet size. Suggested action: Isolate the target host and check for unpatched vulnerabilities."
40f,42,3990,Exploits,Exploits,f_direction,smean,reduced,SHAP rises with the feature value (rho +0.31),smean: cue 'reduced' but SHAP for Exploits falls as the value rises (rho 0.31 on training rows),"This flow was flagged as Exploits with 96.8% confidence. Main reasons: elevated ACK data time, typical bytes sent by the destination, network service=pop3, reduced mean packet size from source, typical dloss. Suggested action: Isolate the target host and check for unpatched vulnerabilities."
40f,42,2856,Fuzzers,Fuzzers,f_direction,smean,reduced,SHAP rises with the feature value (rho +0.57),smean: cue 'reduced' but SHAP for Fuzzers falls as the value rises (rho 0.57 on training rows),"This flow was flagged as Fuzzers with 61.3% confidence. Main reasons: reduced average packet size, reduced mean packet size from source, reduced destination data load, network service=-. Suggested action: Inspect the application for crash logs; consider input validation hardening."
40f,42,10390,Normal,Normal,f_direction,dload,reduced,SHAP rises with the feature value (rho +0.82),dload: cue 'reduced' but SHAP for Normal falls as the value rises (rho 0.82 on training rows),"This flow was flagged as Normal with 100.0% confidence. Main reasons: reduced ACK data time, reduced destination data load, reduced SYN-ACK handshake time, typical bytes sent by the destination, typical number of packets sent by the destination. Suggested action: No action required."
