pool_label,tier,n_features,seed,source,n,max_abs_error,mean_abs_error,n_over_tolerance
48f,48,48,42,test,2000,8.165836334228516e-06,1.2813728535547852e-06,0
48f,48,48,42,validation,2000,9.59634780883789e-06,1.3730190694332123e-06,0
48f,30,30,42,test,2000,7.748603820800781e-06,1.228830311447382e-06,0
48f,30,30,42,validation,2000,9.179115295410156e-06,1.3115054462105035e-06,0
48f,15,15,42,test,2000,7.748603820800781e-06,1.6584759578108788e-06,0
48f,15,15,42,validation,2000,7.271766662597656e-06,1.7874650657176972e-06,0
48f,48,48,43,test,2000,9.417533874511719e-06,1.2788344174623489e-06,0
48f,48,48,43,validation,2000,9.298324584960938e-06,1.2848032638430596e-06,0
48f,30,30,43,test,2000,1.0848045349121094e-05,1.7762893112376333e-06,0
48f,30,30,43,validation,2000,9.894371032714844e-06,1.966667361557484e-06,0
48f,15,15,43,test,2000,6.258487701416016e-06,1.1935760267078876e-06,0
48f,15,15,43,validation,2000,6.258487701416016e-06,1.2462399899959565e-06,0
48f,48,48,44,test,2000,7.867813110351562e-06,1.158950850367546e-06,0
48f,48,48,44,validation,2000,9.000301361083984e-06,1.1626668274402618e-06,0
48f,30,30,44,test,2000,9.655952453613281e-06,1.316696871072054e-06,0
48f,30,30,44,validation,2000,8.046627044677734e-06,1.3734232634305954e-06,0
48f,15,15,44,test,2000,9.357929229736328e-06,1.5678294003009796e-06,0
48f,15,15,44,validation,2000,9.357929229736328e-06,1.5787435695528984e-06,0
48f,48,48,45,test,2000,1.0788440704345703e-05,1.226379070430994e-06,0
48f,48,48,45,validation,2000,6.377696990966797e-06,1.02376751601696e-06,0
48f,30,30,45,test,2000,9.417533874511719e-06,1.2587914243340492e-06,0
48f,30,30,45,validation,1993,7.033348083496094e-06,1.048229025406749e-06,0
48f,15,15,45,test,2000,7.033348083496094e-06,1.5753349289298057e-06,0
48f,15,15,45,validation,2000,7.033348083496094e-06,1.373492181301117e-06,0
48f,48,48,46,test,2000,8.940696716308594e-06,1.3665473088622093e-06,0
48f,48,48,46,validation,1865,7.241964340209961e-06,1.3718296631411636e-06,0
48f,30,30,46,test,2000,9.953975677490234e-06,1.6704362351447344e-06,0
48f,30,30,46,validation,1867,1.043081283569336e-05,1.6588057243191884e-06,0
48f,15,15,46,test,2000,1.0192394256591797e-05,1.4508087188005448e-06,0
48f,15,15,46,validation,1873,1.0192394256591797e-05,1.4925943424023221e-06,0
